2026-04-01 12:18:14 [WARNING] discord.client: PyNaCl is not installed, voice will NOT be supported
2026-04-01 12:18:14 [WARNING] discord.client: davey is not installed, voice will NOT be supported
2026-04-01 12:18:14 [DEBUG] discord.client: on_ready has successfully been registered as an event
2026-04-01 12:18:14 [DEBUG] discord.client: on_guild_channel_create has successfully been registered as an event
2026-04-01 12:18:14 [DEBUG] discord.client: on_message has successfully been registered as an event
2026-04-01 12:18:14 [INFO] core.bus: Adapter registered: max
2026-04-01 12:18:14 [INFO] core.bus: Adapter registered: telegram
2026-04-01 12:18:14 [INFO] core.bus: Adapter registered: discord
2026-04-01 12:18:14 [INFO] pymax.core: Client starting
2026-04-01 12:18:14 [INFO] pymax.core: Connecting to WebSocket wss://ws-api.oneme.ru/websocket
2026-04-01 12:18:14 [INFO] adapters.telegram.adapter: Telegram adapter started
2026-04-01 12:18:14 [INFO] adapters.discord.adapter: Discord adapter starting
2026-04-01 12:18:14 [INFO] core.bus: MessageBus worker started
2026-04-01 12:18:14 [INFO] aiogram.dispatcher: Start polling
2026-04-01 12:18:14 [INFO] discord.client: logging in using static token
2026-04-01 12:18:14 [DEBUG] websockets.client: = connection is CONNECTING
2026-04-01 12:18:14 [DEBUG] websockets.client: > GET /websocket HTTP/1.1
2026-04-01 12:18:14 [DEBUG] websockets.client: > Host: ws-api.oneme.ru
2026-04-01 12:18:14 [DEBUG] websockets.client: > Origin: https://web.max.ru
2026-04-01 12:18:14 [DEBUG] websockets.client: > Upgrade: websocket
2026-04-01 12:18:14 [DEBUG] websockets.client: > Connection: Upgrade
2026-04-01 12:18:14 [DEBUG] websockets.client: > Sec-WebSocket-Key: U163bT5JXNlPglJ+L9fmZQ==
2026-04-01 12:18:14 [DEBUG] websockets.client: > Sec-WebSocket-Version: 13
2026-04-01 12:18:14 [DEBUG] websockets.client: > Sec-WebSocket-Extensions: permessage-deflate; client_max_window_bits
2026-04-01 12:18:14 [DEBUG] websockets.client: > User-Agent: Mozilla/5.0 (Windows NT 6.3; Win64; x64) AppleWebKit/537.36 (KHTML, like Gecko) Chrome/112.0.0.0 Safari/537.36
2026-04-01 12:18:14 [DEBUG] websockets.client: < HTTP/1.1 101 Switching Protocols
2026-04-01 12:18:14 [DEBUG] websockets.client: < upgrade: websocket
2026-04-01 12:18:14 [DEBUG] websockets.client: < connection: upgrade
2026-04-01 12:18:14 [DEBUG] websockets.client: < sec-websocket-accept: ykxE1tX0JUf283QLdMUa/rv2CoI=
2026-04-01 12:18:14 [DEBUG] websockets.client: < sec-websocket-extensions: permessage-deflate
2026-04-01 12:18:14 [DEBUG] websockets.client: = connection is OPEN
2026-04-01 12:18:14 [INFO] pymax.core: WebSocket connected, starting handshake
2026-04-01 12:18:14 [DEBUG] websockets.client: > TEXT '{"ver": 11, "cmd": 0, "seq": 1, "opcode": 6, "p..."buildNumber": 38859}}}' [507 bytes]
2026-04-01 12:18:14 [DEBUG] websockets.client: < TEXT '{"ver":11,"cmd":1,"seq":1,"opcode":6,"payload":..."GE"],"location":"RU"}}' [153 bytes]
2026-04-01 12:18:14 [INFO] pymax.core: Handshake completed
2026-04-01 12:18:14 [INFO] pymax.core: Starting initial sync
2026-04-01 12:18:14 [DEBUG] websockets.client: > TEXT '{"ver": 11, "cmd": 0, "seq": 2, "opcode": 19, "..."buildNumber": 38859}}}' [1290 bytes]
2026-04-01 12:18:14 [DEBUG] websockets.client: < TEXT '{"ver":11,"cmd":1,"seq":2,"opcode":19,"payload"...cpOI5acM1N2-DrzQyVCM"}}' [10967 bytes]
2026-04-01 12:18:14 [DEBUG] websockets.client: < TEXT '{"ver":11,"cmd":0,"seq":1,"opcode":292,"payload...6,"showTime":86400000}}' [111 bytes]
2026-04-01 12:18:14 [INFO] pymax.core: Sync completed: dialogs=3 chats=2 channels=0
2026-04-01 12:18:14 [INFO] adapters.max.adapter: Max adapter started, 5 chats registered
2026-04-01 12:18:14 [DEBUG] websockets.client: > TEXT '{"ver": 11, "cmd": 0, "seq": 3, "opcode": 1, "p... {"interactive": true}}' [78 bytes]
2026-04-01 12:18:14 [DEBUG] websockets.client: > TEXT '{"ver": 11, "cmd": 0, "seq": 4, "opcode": 5, "p...id": 1775035094521}}]}}' [262 bytes]
2026-04-01 12:18:14 [INFO] aiogram.dispatcher: Run polling for bot @max_tg_bridge_s_bot id=8289166189 - 'TIHA Bridge'
2026-04-01 12:18:14 [DEBUG] websockets.client: < TEXT '{"ver":11,"cmd":1,"seq":3,"opcode":1,"payload":null}' [52 bytes]
2026-04-01 12:18:14 [DEBUG] websockets.client: < TEXT '{"ver":11,"cmd":1,"seq":4,"opcode":5,"payload":null}' [52 bytes]
2026-04-01 12:18:14 [DEBUG] websockets.client: > TEXT '{"ver": 11, "cmd": 0, "seq": 5, "opcode": 5, "p...id": 1775035094521}}]}}' [257 bytes]
2026-04-01 12:18:14 [DEBUG] websockets.client: < TEXT '{"ver":11,"cmd":1,"seq":5,"opcode":5,"payload":null}' [52 bytes]
2026-04-01 12:18:14 [DEBUG] discord.http: GET https://discord.com/api/v10/users/@me with None has returned 200
2026-04-01 12:18:14 [DEBUG] discord.http: GET /users/@me has found its initial rate limit bucket hash (78bb8553d9352a5a2f89f9def401287a).
2026-04-01 12:18:14 [DEBUG] discord.http: GET https://discord.com/api/v10/users/@me has received {'id': '1488466672359575694', 'username': 'BRIDGE', 'avatar': 'a4537a16a2592def5eb7697a07e0ee9c', 'discriminator': '8720', 'public_flags': 0, 'flags': 0, 'bot': True, 'banner': None, 'accent_color': None, 'global_name': None, 'avatar_decoration_data': None, 'collectibles': None, 'display_name_styles': None, 'banner_color': None, 'clan': None, 'primary_guild': None, 'mfa_enabled': True, 'locale': 'en-US', 'premium_type': 0, 'email': None, 'verified': True, 'bio': ''}
2026-04-01 12:18:15 [DEBUG] discord.http: GET https://discord.com/api/v10/oauth2/applications/@me with None has returned 200
2026-04-01 12:18:15 [DEBUG] discord.http: GET /oauth2/applications/@me has found its initial rate limit bucket hash (d28a133af187e91d71d96a223467ce49).
2026-04-01 12:18:15 [DEBUG] discord.http: GET https://discord.com/api/v10/oauth2/applications/@me has received {'id': '1488466672359575694', 'name': 'BRIDGE', 'icon': 'a4537a16a2592def5eb7697a07e0ee9c', 'description': 'Max-Telegram-Discord bridge bot', 'type': None, 'bot': {'id': '1488466672359575694', 'username': 'BRIDGE', 'avatar': 'a4537a16a2592def5eb7697a07e0ee9c', 'discriminator': '8720', 'public_flags': 0, 'flags': 0, 'bot': True, 'banner': None, 'accent_color': None, 'global_name': None, 'avatar_decoration_data': None, 'collectibles': None, 'display_name_styles': None, 'banner_color': None, 'clan': None, 'primary_guild': None}, 'summary': '', 'is_monetized': False, 'is_verified': False, 'is_discoverable': False, 'bot_public': True, 'bot_require_code_grant': False, 'install_params': {'scopes': ['applications.commands'], 'permissions': '0'}, 'integration_types_config': {'0': {'oauth2_install_params': {'scopes': ['applications.commands'], 'permissions': '0'}}, '1': {'oauth2_install_params': {'scopes': ['applications.commands'], 'permissions': '0'}}}, 'verify_key': '158f8e4aa5be97a1cc30d6168df83779d3ee7febaa334a4561149f21703df18f', 'flags': 8945664, 'hook': True, 'storefront_available': False, 'redirect_uris': [], 'interactions_endpoint_url': None, 'role_connections_verification_url': None, 'owner': {'id': '941848879672987658', 'username': 'm1notaur_studio', 'avatar': '053c9507b6bc715a7c95cf8f95b63eab', 'discriminator': '0', 'public_flags': 128, 'flags': 128, 'banner': None, 'accent_color': 0, 'global_name': 'M1notaur_', 'avatar_decoration_data': {'asset': 'a_4539f720c2c576feca9de41b8dc413e8', 'sku_id': '1341506443882266624', 'expires_at': None}, 'collectibles': {'nameplate': {'sku_id': '1465519580016410746', 'asset': 'nameplates/blossoming_branch/1465519580016410746/', 'label': 'Swaying cherry blossom branch with petals blowing and gentle watercolor washes.', 'palette': 'bubble_gum'}}, 'display_name_styles': None, 'banner_color': '#000000', 'clan': None, 'primary_guild': None}, 'approximate_guild_count': 0, 'approximate_user_install_count': 0, 'approximate_user_authorization_count': 0, 'interactions_event_types': [], 'interactions_version': 1, 'explicit_content_filter': 0, 'rpc_application_state': 0, 'store_application_state': 1, 'verification_state': 1, 'integration_public': True, 'integration_require_code_grant': False, 'discoverability_state': 1, 'discovery_eligibility_flags': 2532, 'monetization_state': 1, 'verification_eligibility_flags': 123804, 'monetization_eligibility_flags': 247524, 'bot_approximate_guild_count': 1, 'team': None, 'internal_guild_restriction': 2, 'approved_consoles': [], 'pricing_localization_strategy': 'localized_price_sets'}
2026-04-01 12:18:15 [DEBUG] discord.gateway: Created websocket connected to wss://gateway.discord.gg/
2026-04-01 12:18:15 [DEBUG] discord.gateway: For Shard ID None: WebSocket Event: {'t': None, 's': None, 'op': 10, 'd': {'heartbeat_interval': 41250, '_trace': ['["gateway-prd-arm-us-east1-b-lhk2",{"micros":0.0}]']}}
2026-04-01 12:18:15 [DEBUG] discord.gateway: Shard ID None has sent the IDENTIFY payload.
2026-04-01 12:18:15 [DEBUG] discord.gateway: For Shard ID None: WebSocket Event: {'t': None, 's': None, 'op': 11, 'd': None}
2026-04-01 12:18:15 [DEBUG] discord.gateway: For Shard ID None: WebSocket Event: {'t': 'READY', 's': 1, 'op': 0, 'd': {'v': 10, 'user_settings': {}, 'user': {'verified': True, 'username': 'BRIDGE', 'primary_guild': None, 'mfa_enabled': True, 'id': '1488466672359575694', 'global_name': None, 'flags': 0, 'email': None, 'discriminator': '8720', 'clan': None, 'bot': True, 'avatar': 'a4537a16a2592def5eb7697a07e0ee9c'}, 'session_type': 'normal', 'session_id': 'ab65ec516b54ca2126f401d8b5909329', 'resume_gateway_url': 'wss://gateway-us-east1-b.discord.gg', 'relationships': [], 'private_channels': [], 'presences': [], 'guilds': [{'unavailable': True, 'id': '1488467858446094416'}], 'guild_join_requests': [], 'geo_ordered_rtc_regions': ['finland', 'helsinki', 'warsaw', 'stockholm', 'bucharest'], 'game_relationships': [], 'auth': {}, 'application': {'id': '1488466672359575694', 'flags_new': '8945664', 'flags': 8945664}, '_trace': ['["gateway-prd-arm-us-east1-b-lhk2",{"micros":196110,"calls":["id_created",{"micros":2063,"calls":[]},"session_lookup_time",{"micros":6088,"calls":[]},"session_lookup_finished",{"micros":10,"calls":[]},"sessions-prd-gcp-us-east1-b-14",{"micros":187462,"calls":["start_session",{"micros":153412,"calls":["prd-rpc-789f84654d-f7dcd",{"micros":46743,"calls":["get_user",{"micros":16634},"get_guilds",{"micros":2461},"send_scheduled_deletion_message",{"micros":8},"guild_join_requests",{"micros":2},"authorized_ip_coro",{"micros":8},"pending_payments",{"micros":991},"apex_experiments",{"micros":89577},"sessions_experiments",{"micros":6},"played_application_ids",{"micros":3},"linked_users",{"micros":3},"ad_personalization_toggles_disabled",{"micros":3},"regional_feature_config",{"micros":3}]}]},"starting_guild_connect",{"micros":31,"calls":[]},"presence_started",{"micros":357,"calls":[]},"guilds_started",{"micros":58,"calls":[]},"lobbies_started",{"micros":1,"calls":[]},"guilds_connect",{"micros":2,"calls":[]},"presence_connect",{"micros":33576,"calls":[]},"connect_finished",{"micros":33590,"calls":[]},"build_ready",{"micros":10,"calls":[]},"clean_ready",{"micros":2,"calls":[]},"optimize_ready",{"micros":0,"calls":[]},"split_ready",{"micros":0,"calls":[]}]}]}]']}}
2026-04-01 12:18:15 [DEBUG] discord.client: Dispatching event socket_event_type
2026-04-01 12:18:15 [INFO] discord.gateway: Shard ID None has connected to Gateway (Session ID: ab65ec516b54ca2126f401d8b5909329).
2026-04-01 12:18:15 [DEBUG] discord.client: Dispatching event connect
2026-04-01 12:18:15 [DEBUG] discord.gateway: For Shard ID None: WebSocket Event: {'t': 'GUILD_CREATE', 's': 2, 'op': 0, 'd': {'embedded_activities': [], 'nsfw': False, 'afk_timeout': 300, 'member_count': 3, 'stickers': [], 'profile': None, 'preferred_locale': 'en-US', 'lazy': True, 'channels': [{'version': 1774948791949, 'type': 4, 'position': 0, 'permission_overwrites': [], 'name': 'Текстовые каналы', 'id': '1488467858446094417', 'flags': 0}, {'version': 1774948791961, 'type': 4, 'position': 0, 'permission_overwrites': [], 'name': 'Голосовые каналы', 'id': '1488467858903138394', 'flags': 0}, {'version': 1774948791972, 'type': 0, 'topic': None, 'rate_limit_per_user': 0, 'position': 0, 'permission_overwrites': [], 'parent_id': '1488467858446094417', 'name': 'основной', 'last_message_id': '1488807942944985160', 'id': '1488467858903138395', 'icon_emoji': {'name': '👋', 'id': None}, 'flags': 0}, {'version': 1774948791986, 'user_limit': 0, 'type': 2, 'rtc_region': None, 'rate_limit_per_user': 0, 'position': 0, 'permission_overwrites': [], 'parent_id': '1488467858903138394', 'name': 'Основной', 'last_message_id': None, 'id': '1488467858903138397', 'icon_emoji': {'name': '🎙', 'id': None}, 'flags': 0, 'bitrate': 64000}], 'splash': None, 'discovery_splash': None, 'application_command_counts': {}, 'nsfw_level': 0, 'game_application_ids': None, 'premium_progress_bar_enabled': False, 'owner_id': '941848879672987658', 'id': '1488467858446094416', 'application_id': None, 'rules_channel_id': None, 'moderator_reporting': None, 'safety_alerts_channel_id': None, 'name': 'TIHA-Bridge', 'features': [], 'joined_at': '2026-03-31T09:49:22.258000+00:00', 'public_updates_channel_id': None, 'system_channel_flags': 0, 'presences': [], 'activity_instances': [], 'explicit_content_filter': 0, 'system_channel_id': '1488467858903138395', 'threads': [], 'roles': [{'version': 1774948791946, 'unicode_emoji': None, 'tags': {}, 'position': 0, 'permissions': '2248473465835073', 'name': '@everyone', 'mentionable': False, 'managed': False, 'id': '1488467858446094416', 'icon': None, 'hoist': False, 'flags': 0, 'colors': {'tertiary_color': None, 'secondary_color': None, 'primary_color': 0}, 'color': 0}, {'version': 1774950562243, 'unicode_emoji': None, 'tags': {'bot_id': '1488466672359575694'}, 'position': 1, 'permissions': '2147585024', 'name': 'BRIDGE', 'mentionable': False, 'managed': True, 'id': '1488475283815403665', 'icon': None, 'hoist': False, 'flags': 0, 'colors': {'tertiary_color': None, 'secondary_color': None, 'primary_color': 0}, 'color': 0}], 'max_video_channel_users': 25, 'verification_level': 0, 'description': None, 'latest_onboarding_question_id': None, 'voice_states': [], 'home_header': None, 'vanity_url_code': None, 'premium_progress_bar_enabled_user_updated_at': None, 'guild_scheduled_events': [], 'max_stage_video_channel_users': 50, 'max_members': 25000000, 'inventory_settings': None, 'soundboard_sounds': [], 'default_message_notifications': 0, 'stage_instances': [], 'premium_features': None, 'banner': None, 'afk_channel_id': None, 'members': [{'user': {'username': 'BRIDGE', 'public_flags': 0, 'primary_guild': None, 'id': '1488466672359575694', 'global_name': None, 'display_name_styles': None, 'display_name': None, 'discriminator': '8720', 'collectibles': None, 'bot': True, 'avatar_decoration_data': None, 'avatar': 'a4537a16a2592def5eb7697a07e0ee9c'}, 'roles': ['1488475283815403665'], 'premium_since': None, 'pending': False, 'nick': None, 'mute': False, 'joined_at': '2026-03-31T09:49:22.258000+00:00', 'flags': 0, 'deaf': False, 'communication_disabled_until': None, 'banner': None, 'avatar': None}], 'mfa_level': 0, 'large': False, 'hub_type': None, 'premium_tier': 0, 'incidents_data': None, 'region': 'deprecated', 'unavailable': False, 'icon': None, 'version': 1774948838405, 'premium_subscription_count': 0, 'emojis': [], 'owner_configured_content_level': 0}}
2026-04-01 12:18:15 [DEBUG] discord.client: Dispatching event socket_event_type
2026-04-01 12:18:15 [DEBUG] discord.client: Dispatching event guild_available
2026-04-01 12:18:17 [DEBUG] discord.client: Dispatching event ready
2026-04-01 12:18:18 [DEBUG] discord.http: PUT https://discord.com/api/v10/applications/1488466672359575694/commands with [{"name":"routes","description":"\u041f\u043e\u043a\u0430\u0437\u0430\u0442\u044c \u043c\u0430\u0440\u0448\u0440\u0443\u0442\u044b","type":1,"options":[],"nsfw":false,"dm_permission":true,"default_member_permissions":null,"contexts":null,"integration_types":null}] has returned 200
2026-04-01 12:18:18 [DEBUG] discord.http: PUT /applications/{application_id}/commands has found its initial rate limit bucket hash (3e32a240d3716487d7d8f6dae6c54f6b).
2026-04-01 12:18:18 [DEBUG] discord.http: PUT https://discord.com/api/v10/applications/1488466672359575694/commands has received [{'id': '1488470695997608007', 'application_id': '1488466672359575694', 'version': '1488470695997608008', 'default_member_permissions': None, 'type': 1, 'name': 'routes', 'name_localizations': None, 'description': 'Показать маршруты', 'description_localizations': None, 'dm_permission': True, 'contexts': None, 'integration_types': [0, 1], 'nsfw': False}]
2026-04-01 12:18:18 [INFO] adapters.discord.adapter: Discord adapter ready: BRIDGE#8720
2026-04-01 12:18:19 [DEBUG] websockets.client: > TEXT '{"ver": 11, "cmd": 0, "seq": 6, "opcode": 5, "p...id": 1775035094521}}]}}' [257 bytes]
2026-04-01 12:18:19 [DEBUG] websockets.client: < TEXT '{"ver":11,"cmd":1,"seq":6,"opcode":5,"payload":null}' [52 bytes]
2026-04-01 12:18:26 [DEBUG] websockets.client: > TEXT '{"ver": 11, "cmd": 0, "seq": 7, "opcode": 5, "p...id": 1775035094521}}]}}' [257 bytes]
2026-04-01 12:18:26 [DEBUG] websockets.client: < TEXT '{"ver":11,"cmd":1,"seq":7,"opcode":5,"payload":null}' [52 bytes]
2026-04-01 12:18:34 [DEBUG] websockets.client: > PING bb be b9 b8 [binary, 4 bytes]
2026-04-01 12:18:34 [DEBUG] websockets.client: % sent keepalive ping
2026-04-01 12:18:34 [DEBUG] websockets.client: < PONG bb be b9 b8 [binary, 4 bytes]
2026-04-01 12:18:34 [DEBUG] websockets.client: % received keepalive pong
2026-04-01 12:18:44 [DEBUG] websockets.client: > TEXT '{"ver": 11, "cmd": 0, "seq": 8, "opcode": 1, "p... {"interactive": true}}' [78 bytes]
2026-04-01 12:18:44 [DEBUG] websockets.client: < TEXT '{"ver":11,"cmd":1,"seq":8,"opcode":1,"payload":null}' [52 bytes]
2026-04-01 12:18:46 [DEBUG] websockets.client: < TEXT '{"ver":11,"cmd":0,"seq":2,"opcode":128,"payload...:"116328662552575925"}}' [964 bytes]
2026-04-01 12:18:46 [DEBUG] httpcore.connection: connect_tcp.started host='i.oneme.ru' port=443 local_address=None timeout=30 socket_options=None
2026-04-01 12:18:47 [DEBUG] httpcore.connection: connect_tcp.complete return_value=<httpcore._backends.anyio.AnyIOStream object at 0x10d6a34d0>
2026-04-01 12:18:47 [DEBUG] httpcore.connection: start_tls.started ssl_context=<ssl.SSLContext object at 0x10d606f30> server_hostname='i.oneme.ru' timeout=30
2026-04-01 12:18:47 [DEBUG] httpcore.connection: start_tls.complete return_value=<httpcore._backends.anyio.AnyIOStream object at 0x10d66d810>
2026-04-01 12:18:47 [DEBUG] httpcore.http11: send_request_headers.started request=<Request [b'GET']>
2026-04-01 12:18:47 [DEBUG] httpcore.http11: send_request_headers.complete
2026-04-01 12:18:47 [DEBUG] httpcore.http11: send_request_body.started request=<Request [b'GET']>
2026-04-01 12:18:47 [DEBUG] httpcore.http11: send_request_body.complete
2026-04-01 12:18:47 [DEBUG] httpcore.http11: receive_response_headers.started request=<Request [b'GET']>
2026-04-01 12:18:47 [DEBUG] httpcore.http11: receive_response_headers.complete return_value=(b'HTTP/1.1', 200, b'OK', [(b'Server', b'Apache'), (b'Date', b'Wed, 01 Apr 2026 09:18:47 GMT'), (b'Content-Type', b'image/webp'), (b'Content-Length', b'47868'), (b'Connection', b'keep-alive'), (b'Accept-Ranges', b'bytes'), (b'Last-Modified', b'Sat, 31 Jan 2026 09:18:47 GMT'), (b'Cache-Control', b'private, max-age=100000000'), (b'Expires', b'Sun, 27 Dec 2026 09:18:47 GMT'), (b'ETag', b'"686897696a7c876b7e"'), (b'Timing-Allow-Origin', b'*'), (b'Access-Control-Allow-Origin', b'*'), (b'X-Robots-Tag', b'noindex, nofollow, noarchive, nosnippet, noimageindex'), (b'X-OK-Image', b'?1')])
2026-04-01 12:18:47 [INFO] httpx: HTTP Request: GET https://i.oneme.ru/i?r=BTE2sh_eZW7g8kugOdIm2NotrTAN0E9B2Q2aUdAAkgiwBDXEuWB1deLcHq0eIThDLAI "HTTP/1.1 200 OK"
2026-04-01 12:18:47 [DEBUG] httpcore.http11: receive_response_body.started request=<Request [b'GET']>
2026-04-01 12:18:47 [DEBUG] httpcore.http11: receive_response_body.complete
2026-04-01 12:18:47 [DEBUG] httpcore.http11: response_closed.started
2026-04-01 12:18:47 [DEBUG] httpcore.http11: response_closed.complete
2026-04-01 12:18:47 [DEBUG] httpcore.connection: close.started
2026-04-01 12:18:47 [DEBUG] httpcore.connection: close.complete
2026-04-01 12:18:47 [INFO] pymax.core: Fetching users count=1
2026-04-01 12:18:47 [DEBUG] websockets.client: > TEXT '{"ver": 11, "cmd": 0, "seq": 9, "opcode": 32, "...tactIds": [229703329]}}' [85 bytes]
2026-04-01 12:18:47 [DEBUG] websockets.client: < TEXT '{"ver":11,"cmd":1,"seq":9,"opcode":32,"payload"...8212,"id":229703329}]}}' [245 bytes]
2026-04-01 12:18:54 [DEBUG] websockets.client: > PING fd f7 47 55 [binary, 4 bytes]
2026-04-01 12:18:54 [DEBUG] websockets.client: % sent keepalive ping
2026-04-01 12:18:54 [DEBUG] websockets.client: < PONG fd f7 47 55 [binary, 4 bytes]
2026-04-01 12:18:54 [DEBUG] websockets.client: % received keepalive pong
2026-04-01 12:18:56 [DEBUG] discord.gateway: Keeping shard ID None websocket alive with sequence 2.
2026-04-01 12:18:57 [DEBUG] discord.gateway: For Shard ID None: WebSocket Event: {'t': None, 's': None, 'op': 11, 'd': None}
2026-04-01 12:19:07 [ERROR] pymax.core: Send and wait failed (opcode=Opcode.CONTACT_INFO, seq=9)
Traceback (most recent call last):
  File "/opt/homebrew/Cellar/python@3.14/3.14.3_1/Frameworks/Python.framework/Versions/3.14/lib/python3.14/asyncio/tasks.py", line 488, in wait_for
    return await fut
           ^^^^^^^^^
asyncio.exceptions.CancelledError

The above exception was the direct cause of the following exception:

Traceback (most recent call last):
  File "/Users/minotaur/Project/TIHA-Bridge/.venv/lib/python3.14/site-packages/pymax/mixins/websocket.py", line 130, in _send_and_wait
    data = await asyncio.wait_for(fut, timeout=timeout)
           ^^^^^^^^^^^^^^^^^^^^^^^^^^^^^^^^^^^^^^^^^^^^
  File "/opt/homebrew/Cellar/python@3.14/3.14.3_1/Frameworks/Python.framework/Versions/3.14/lib/python3.14/asyncio/tasks.py", line 487, in wait_for
    async with timeouts.timeout(timeout):
               ~~~~~~~~~~~~~~~~^^^^^^^^^
  File "/opt/homebrew/Cellar/python@3.14/3.14.3_1/Frameworks/Python.framework/Versions/3.14/lib/python3.14/asyncio/timeouts.py", line 114, in __aexit__
    raise TimeoutError from exc_val
TimeoutError
2026-04-01 12:19:07 [DEBUG] core.identity: Max user resolve failed for 229703329: Send and wait failed
2026-04-01 12:19:07 [DEBUG] core.bus: Queued f123312b-1e6a-4f2b-ae29-6abe36723c59 → telegram/-1003612718582
2026-04-01 12:19:07 [DEBUG] websockets.client: > TEXT '{"ver": 11, "cmd": 0, "seq": 10, "opcode": 128,... "116328702065999797"}}' [122 bytes]
2026-04-01 12:19:07 [DEBUG] websockets.client: < TEXT '{"ver":11,"cmd":3,"seq":10,"opcode":128,"payloa...:"Неизвестный opcode"}}' [199 bytes]
2026-04-01 12:19:07 [DEBUG] websockets.client: < EOF
2026-04-01 12:19:07 [DEBUG] websockets.client: < EOF
2026-04-01 12:19:07 [DEBUG] websockets.client: > EOF
2026-04-01 12:19:07 [DEBUG] websockets.client: = connection is CLOSED
2026-04-01 12:19:07 [DEBUG] websockets.client: x closing TCP connection
2026-04-01 12:19:07 [INFO] pymax.core: Client start() cleaned up
2026-04-01 12:19:07 [INFO] pymax.core: Reconnect enabled — restarting client
2026-04-01 12:19:08 [INFO] pymax.core: Connecting to WebSocket wss://ws-api.oneme.ru/websocket
2026-04-01 12:19:08 [DEBUG] websockets.client: = connection is CONNECTING
2026-04-01 12:19:08 [DEBUG] websockets.client: > GET /websocket HTTP/1.1
2026-04-01 12:19:08 [DEBUG] websockets.client: > Host: ws-api.oneme.ru
2026-04-01 12:19:08 [DEBUG] websockets.client: > Origin: https://web.max.ru
2026-04-01 12:19:08 [DEBUG] websockets.client: > Upgrade: websocket
2026-04-01 12:19:08 [DEBUG] websockets.client: > Connection: Upgrade
2026-04-01 12:19:08 [DEBUG] websockets.client: > Sec-WebSocket-Key: liSMZ0GyBJmE8fLDQY0T9g==
2026-04-01 12:19:08 [DEBUG] websockets.client: > Sec-WebSocket-Version: 13
2026-04-01 12:19:08 [DEBUG] websockets.client: > Sec-WebSocket-Extensions: permessage-deflate; client_max_window_bits
2026-04-01 12:19:08 [DEBUG] websockets.client: > User-Agent: Mozilla/5.0 (Windows NT 6.3; Win64; x64) AppleWebKit/537.36 (KHTML, like Gecko) Chrome/112.0.0.0 Safari/537.36
2026-04-01 12:19:08 [ERROR] core.bus: Delivery error for f123312b-1e6a-4f2b-ae29-6abe36723c59
Traceback (most recent call last):
  File "/Users/minotaur/Project/TIHA-Bridge/core/bus.py", line 62, in _deliver
    db.log_message(
    ~~~~~~~~~~~~~~^
        msg_id=            msg.id,
        ^^^^^^^^^^^^^^^^^^^^^^^^^^
    ...<12 lines>...
        delivered_at=      now if success else None,
        ^^^^^^^^^^^^^^^^^^^^^^^^^^^^^^^^^^^^^^^^^^^^
    )
    ^
  File "/Users/minotaur/Project/TIHA-Bridge/db/database.py", line 188, in log_message
    con.execute(
    ~~~~~~~~~~~^
        """INSERT OR REPLACE INTO message_log
        ^^^^^^^^^^^^^^^^^^^^^^^^^^^^^^^^^^^^^
    ...<8 lines>...
        ),
        ^^
    )
    ^
sqlite3.OperationalError: table message_log has no column named source_chat_title
2026-04-01 12:19:08 [DEBUG] websockets.client: < HTTP/1.1 101 Switching Protocols
2026-04-01 12:19:08 [DEBUG] websockets.client: < upgrade: websocket
2026-04-01 12:19:08 [DEBUG] websockets.client: < connection: upgrade
2026-04-01 12:19:08 [DEBUG] websockets.client: < sec-websocket-accept: toRD+N1XVKcXdjDE00IwuRqe+X4=
2026-04-01 12:19:08 [DEBUG] websockets.client: < sec-websocket-extensions: permessage-deflate
2026-04-01 12:19:08 [DEBUG] websockets.client: = connection is OPEN
2026-04-01 12:19:08 [INFO] pymax.core: WebSocket connected, starting handshake
2026-04-01 12:19:08 [DEBUG] websockets.client: > TEXT '{"ver": 11, "cmd": 0, "seq": 11, "opcode": 6, "..."buildNumber": 38859}}}' [508 bytes]
2026-04-01 12:19:08 [DEBUG] websockets.client: < TEXT '{"ver":11,"cmd":1,"seq":11,"opcode":6,"payload"..."GE"],"location":"RU"}}' [154 bytes]
2026-04-01 12:19:08 [INFO] pymax.core: Handshake completed
2026-04-01 12:19:08 [INFO] pymax.core: Starting initial sync
2026-04-01 12:19:08 [DEBUG] websockets.client: > TEXT '{"ver": 11, "cmd": 0, "seq": 12, "opcode": 19, ..."buildNumber": 38859}}}' [1291 bytes]
2026-04-01 12:19:08 [DEBUG] websockets.client: < TEXT '{"ver":11,"cmd":1,"seq":12,"opcode":19,"payload...2QvI00GPCGz6k0jmsdig"}}' [10968 bytes]
2026-04-01 12:19:08 [DEBUG] websockets.client: < TEXT '{"ver":11,"cmd":0,"seq":1,"opcode":292,"payload...6,"showTime":86400000}}' [111 bytes]
2026-04-01 12:19:08 [INFO] pymax.core: Sync completed: dialogs=6 chats=4 channels=0
2026-04-01 12:19:08 [INFO] adapters.max.adapter: Max adapter started, 10 chats registered
2026-04-01 12:19:08 [DEBUG] websockets.client: > TEXT '{"ver": 11, "cmd": 0, "seq": 13, "opcode": 1, "... {"interactive": true}}' [79 bytes]
2026-04-01 12:19:08 [DEBUG] websockets.client: > TEXT '{"ver": 11, "cmd": 0, "seq": 14, "opcode": 5, "...id": 1775035094521}}]}}' [263 bytes]
2026-04-01 12:19:08 [DEBUG] websockets.client: < TEXT '{"ver":11,"cmd":1,"seq":13,"opcode":1,"payload":null}' [53 bytes]
2026-04-01 12:19:08 [DEBUG] websockets.client: < TEXT '{"ver":11,"cmd":1,"seq":14,"opcode":5,"payload":null}' [53 bytes]
2026-04-01 12:19:08 [DEBUG] websockets.client: > TEXT '{"ver": 11, "cmd": 0, "seq": 15, "opcode": 5, "...id": 1775035094521}}]}}' [258 bytes]
2026-04-01 12:19:08 [DEBUG] websockets.client: < TEXT '{"ver":11,"cmd":1,"seq":15,"opcode":5,"payload":null}' [53 bytes]
2026-04-01 12:19:14 [ERROR] core.bus: Delivery error for f123312b-1e6a-4f2b-ae29-6abe36723c59
Traceback (most recent call last):
  File "/Users/minotaur/Project/TIHA-Bridge/core/bus.py", line 62, in _deliver
    db.log_message(
    ~~~~~~~~~~~~~~^
        msg_id=            msg.id,
        ^^^^^^^^^^^^^^^^^^^^^^^^^^
    ...<12 lines>...
        delivered_at=      now if success else None,
        ^^^^^^^^^^^^^^^^^^^^^^^^^^^^^^^^^^^^^^^^^^^^
    )
    ^
  File "/Users/minotaur/Project/TIHA-Bridge/db/database.py", line 188, in log_message
    con.execute(
    ~~~~~~~~~~~^
        """INSERT OR REPLACE INTO message_log
        ^^^^^^^^^^^^^^^^^^^^^^^^^^^^^^^^^^^^^
    ...<8 lines>...
        ),
        ^^
    )
    ^
sqlite3.OperationalError: table message_log has no column named source_chat_title
2026-04-01 12:19:19 [DEBUG] websockets.client: > TEXT '{"ver": 11, "cmd": 0, "seq": 16, "opcode": 5, "...id": 1775035094521}}]}}' [258 bytes]
2026-04-01 12:19:19 [DEBUG] websockets.client: < TEXT '{"ver":11,"cmd":1,"seq":16,"opcode":5,"payload":null}' [53 bytes]
2026-04-01 12:19:28 [DEBUG] websockets.client: > PING '\x1f\x03k\x04' [text, 4 bytes]
2026-04-01 12:19:28 [DEBUG] websockets.client: % sent keepalive ping
2026-04-01 12:19:28 [DEBUG] websockets.client: < PONG '\x1f\x03k\x04' [text, 4 bytes]
2026-04-01 12:19:28 [DEBUG] websockets.client: % received keepalive pong
2026-04-01 12:19:31 [DEBUG] websockets.client: > TEXT '{"ver": 11, "cmd": 0, "seq": 17, "opcode": 5, "...id": 1775035094521}}]}}' [258 bytes]
2026-04-01 12:19:31 [DEBUG] websockets.client: < TEXT '{"ver":11,"cmd":1,"seq":17,"opcode":5,"payload":null}' [53 bytes]
2026-04-01 12:19:38 [DEBUG] discord.gateway: Keeping shard ID None websocket alive with sequence 2.
2026-04-01 12:19:38 [DEBUG] discord.gateway: For Shard ID None: WebSocket Event: {'t': None, 's': None, 'op': 11, 'd': None}
2026-04-01 12:19:38 [DEBUG] websockets.client: > TEXT '{"ver": 11, "cmd": 0, "seq": 18, "opcode": 1, "... {"interactive": true}}' [79 bytes]
2026-04-01 12:19:38 [DEBUG] websockets.client: < TEXT '{"ver":11,"cmd":1,"seq":18,"opcode":1,"payload":null}' [53 bytes]
2026-04-01 12:19:44 [ERROR] core.bus: Delivery error for f123312b-1e6a-4f2b-ae29-6abe36723c59
Traceback (most recent call last):
  File "/Users/minotaur/Project/TIHA-Bridge/core/bus.py", line 62, in _deliver
    db.log_message(
    ~~~~~~~~~~~~~~^
        msg_id=            msg.id,
        ^^^^^^^^^^^^^^^^^^^^^^^^^^
    ...<12 lines>...
        delivered_at=      now if success else None,
        ^^^^^^^^^^^^^^^^^^^^^^^^^^^^^^^^^^^^^^^^^^^^
    )
    ^
  File "/Users/minotaur/Project/TIHA-Bridge/db/database.py", line 188, in log_message
    con.execute(
    ~~~~~~~~~~~^
        """INSERT OR REPLACE INTO message_log
        ^^^^^^^^^^^^^^^^^^^^^^^^^^^^^^^^^^^^^
    ...<8 lines>...
        ),
        ^^
    )
    ^
sqlite3.OperationalError: table message_log has no column named source_chat_title
2026-04-01 12:19:48 [DEBUG] websockets.client: > PING 9d 0f d3 4e [binary, 4 bytes]
2026-04-01 12:19:48 [DEBUG] websockets.client: % sent keepalive ping
2026-04-01 12:19:48 [DEBUG] websockets.client: < PONG 9d 0f d3 4e [binary, 4 bytes]
2026-04-01 12:19:48 [DEBUG] websockets.client: % received keepalive pong
2026-04-01 12:20:17 [WARNING] discord.client: PyNaCl is not installed, voice will NOT be supported
2026-04-01 12:20:17 [WARNING] discord.client: davey is not installed, voice will NOT be supported
2026-04-01 12:20:17 [DEBUG] discord.client: on_ready has successfully been registered as an event
2026-04-01 12:20:17 [DEBUG] discord.client: on_guild_channel_create has successfully been registered as an event
2026-04-01 12:20:17 [DEBUG] discord.client: on_message has successfully been registered as an event
2026-04-01 12:20:17 [INFO] core.bus: Adapter registered: max
2026-04-01 12:20:17 [INFO] core.bus: Adapter registered: telegram
2026-04-01 12:20:17 [INFO] core.bus: Adapter registered: discord
2026-04-01 12:20:17 [INFO] pymax.core: Client starting
2026-04-01 12:20:17 [INFO] pymax.core: Connecting to WebSocket wss://ws-api.oneme.ru/websocket
2026-04-01 12:20:17 [INFO] adapters.telegram.adapter: Telegram adapter started
2026-04-01 12:20:17 [INFO] adapters.discord.adapter: Discord adapter starting
2026-04-01 12:20:17 [INFO] core.bus: MessageBus worker started
2026-04-01 12:20:17 [INFO] aiogram.dispatcher: Start polling
2026-04-01 12:20:17 [INFO] discord.client: logging in using static token
2026-04-01 12:20:17 [DEBUG] websockets.client: = connection is CONNECTING
2026-04-01 12:20:17 [DEBUG] websockets.client: > GET /websocket HTTP/1.1
2026-04-01 12:20:17 [DEBUG] websockets.client: > Host: ws-api.oneme.ru
2026-04-01 12:20:17 [DEBUG] websockets.client: > Origin: https://web.max.ru
2026-04-01 12:20:17 [DEBUG] websockets.client: > Upgrade: websocket
2026-04-01 12:20:17 [DEBUG] websockets.client: > Connection: Upgrade
2026-04-01 12:20:17 [DEBUG] websockets.client: > Sec-WebSocket-Key: oHeQCq/0jiJY8Ci7h/nXPA==
2026-04-01 12:20:17 [DEBUG] websockets.client: > Sec-WebSocket-Version: 13
2026-04-01 12:20:17 [DEBUG] websockets.client: > Sec-WebSocket-Extensions: permessage-deflate; client_max_window_bits
2026-04-01 12:20:17 [DEBUG] websockets.client: > User-Agent: Mozilla/5.0 (Windows NT 6.2; Win64; x64) AppleWebKit/537.36 (KHTML, like Gecko) Chrome/101.0.0.0 Safari/537.36
2026-04-01 12:20:17 [DEBUG] websockets.client: < HTTP/1.1 101 Switching Protocols
2026-04-01 12:20:17 [DEBUG] websockets.client: < upgrade: websocket
2026-04-01 12:20:17 [DEBUG] websockets.client: < connection: upgrade
2026-04-01 12:20:17 [DEBUG] websockets.client: < sec-websocket-accept: uUrsK2l1lZpEJG61SNFDYSPLpqY=
2026-04-01 12:20:17 [DEBUG] websockets.client: < sec-websocket-extensions: permessage-deflate
2026-04-01 12:20:17 [DEBUG] websockets.client: = connection is OPEN
2026-04-01 12:20:17 [INFO] pymax.core: WebSocket connected, starting handshake
2026-04-01 12:20:17 [DEBUG] websockets.client: > TEXT '{"ver": 11, "cmd": 0, "seq": 1, "opcode": 6, "p..."buildNumber": 38859}}}' [501 bytes]
2026-04-01 12:20:17 [DEBUG] websockets.client: < TEXT '{"ver":11,"cmd":1,"seq":1,"opcode":6,"payload":..."GE"],"location":"RU"}}' [153 bytes]
2026-04-01 12:20:17 [INFO] pymax.core: Handshake completed
2026-04-01 12:20:17 [INFO] pymax.core: Starting initial sync
2026-04-01 12:20:17 [DEBUG] websockets.client: > TEXT '{"ver": 11, "cmd": 0, "seq": 2, "opcode": 19, "..."buildNumber": 38859}}}' [1284 bytes]
2026-04-01 12:20:17 [DEBUG] websockets.client: < TEXT '{"ver":11,"cmd":1,"seq":2,"opcode":19,"payload"...r5TOVyz4mGmR262oED8E"}}' [10967 bytes]
2026-04-01 12:20:17 [DEBUG] websockets.client: < TEXT '{"ver":11,"cmd":0,"seq":1,"opcode":292,"payload...6,"showTime":86400000}}' [111 bytes]
2026-04-01 12:20:17 [INFO] pymax.core: Sync completed: dialogs=3 chats=2 channels=0
2026-04-01 12:20:17 [INFO] adapters.max.adapter: Max adapter started, 5 chats registered
2026-04-01 12:20:17 [INFO] aiogram.dispatcher: Run polling for bot @max_tg_bridge_s_bot id=8289166189 - 'TIHA Bridge'
2026-04-01 12:20:17 [DEBUG] websockets.client: > TEXT '{"ver": 11, "cmd": 0, "seq": 3, "opcode": 1, "p... {"interactive": true}}' [78 bytes]
2026-04-01 12:20:17 [DEBUG] websockets.client: > TEXT '{"ver": 11, "cmd": 0, "seq": 4, "opcode": 5, "p...id": 1775035217586}}]}}' [262 bytes]
2026-04-01 12:20:17 [DEBUG] websockets.client: < TEXT '{"ver":11,"cmd":1,"seq":3,"opcode":1,"payload":null}' [52 bytes]
2026-04-01 12:20:17 [DEBUG] websockets.client: < TEXT '{"ver":11,"cmd":1,"seq":4,"opcode":5,"payload":null}' [52 bytes]
2026-04-01 12:20:17 [DEBUG] websockets.client: > TEXT '{"ver": 11, "cmd": 0, "seq": 5, "opcode": 5, "p...id": 1775035217586}}]}}' [257 bytes]
2026-04-01 12:20:17 [DEBUG] websockets.client: < TEXT '{"ver":11,"cmd":1,"seq":5,"opcode":5,"payload":null}' [52 bytes]
2026-04-01 12:20:18 [DEBUG] discord.http: GET https://discord.com/api/v10/users/@me with None has returned 200
2026-04-01 12:20:18 [DEBUG] discord.http: GET /users/@me has found its initial rate limit bucket hash (78bb8553d9352a5a2f89f9def401287a).
2026-04-01 12:20:18 [DEBUG] discord.http: GET https://discord.com/api/v10/users/@me has received {'id': '1488466672359575694', 'username': 'BRIDGE', 'avatar': 'a4537a16a2592def5eb7697a07e0ee9c', 'discriminator': '8720', 'public_flags': 0, 'flags': 0, 'bot': True, 'banner': None, 'accent_color': None, 'global_name': None, 'avatar_decoration_data': None, 'collectibles': None, 'display_name_styles': None, 'banner_color': None, 'clan': None, 'primary_guild': None, 'mfa_enabled': True, 'locale': 'en-US', 'premium_type': 0, 'email': None, 'verified': True, 'bio': ''}
2026-04-01 12:20:18 [DEBUG] discord.http: GET https://discord.com/api/v10/oauth2/applications/@me with None has returned 200
2026-04-01 12:20:18 [DEBUG] discord.http: GET /oauth2/applications/@me has found its initial rate limit bucket hash (d28a133af187e91d71d96a223467ce49).
2026-04-01 12:20:18 [DEBUG] discord.http: GET https://discord.com/api/v10/oauth2/applications/@me has received {'id': '1488466672359575694', 'name': 'BRIDGE', 'icon': 'a4537a16a2592def5eb7697a07e0ee9c', 'description': 'Max-Telegram-Discord bridge bot', 'type': None, 'bot': {'id': '1488466672359575694', 'username': 'BRIDGE', 'avatar': 'a4537a16a2592def5eb7697a07e0ee9c', 'discriminator': '8720', 'public_flags': 0, 'flags': 0, 'bot': True, 'banner': None, 'accent_color': None, 'global_name': None, 'avatar_decoration_data': None, 'collectibles': None, 'display_name_styles': None, 'banner_color': None, 'clan': None, 'primary_guild': None}, 'summary': '', 'is_monetized': False, 'is_verified': False, 'is_discoverable': False, 'bot_public': True, 'bot_require_code_grant': False, 'install_params': {'scopes': ['applications.commands'], 'permissions': '0'}, 'integration_types_config': {'0': {'oauth2_install_params': {'scopes': ['applications.commands'], 'permissions': '0'}}, '1': {'oauth2_install_params': {'scopes': ['applications.commands'], 'permissions': '0'}}}, 'verify_key': '158f8e4aa5be97a1cc30d6168df83779d3ee7febaa334a4561149f21703df18f', 'flags': 8945664, 'hook': True, 'storefront_available': False, 'redirect_uris': [], 'interactions_endpoint_url': None, 'role_connections_verification_url': None, 'owner': {'id': '941848879672987658', 'username': 'm1notaur_studio', 'avatar': '053c9507b6bc715a7c95cf8f95b63eab', 'discriminator': '0', 'public_flags': 128, 'flags': 128, 'banner': None, 'accent_color': 0, 'global_name': 'M1notaur_', 'avatar_decoration_data': {'asset': 'a_4539f720c2c576feca9de41b8dc413e8', 'sku_id': '1341506443882266624', 'expires_at': None}, 'collectibles': {'nameplate': {'sku_id': '1465519580016410746', 'asset': 'nameplates/blossoming_branch/1465519580016410746/', 'label': 'Swaying cherry blossom branch with petals blowing and gentle watercolor washes.', 'palette': 'bubble_gum'}}, 'display_name_styles': None, 'banner_color': '#000000', 'clan': None, 'primary_guild': None}, 'approximate_guild_count': 0, 'approximate_user_install_count': 0, 'approximate_user_authorization_count': 0, 'interactions_event_types': [], 'interactions_version': 1, 'explicit_content_filter': 0, 'rpc_application_state': 0, 'store_application_state': 1, 'verification_state': 1, 'integration_public': True, 'integration_require_code_grant': False, 'discoverability_state': 1, 'discovery_eligibility_flags': 2532, 'monetization_state': 1, 'verification_eligibility_flags': 123804, 'monetization_eligibility_flags': 247524, 'bot_approximate_guild_count': 1, 'team': None, 'internal_guild_restriction': 2, 'approved_consoles': [], 'pricing_localization_strategy': 'localized_price_sets'}
2026-04-01 12:20:18 [DEBUG] discord.gateway: Created websocket connected to wss://gateway.discord.gg/
2026-04-01 12:20:18 [DEBUG] discord.gateway: For Shard ID None: WebSocket Event: {'t': None, 's': None, 'op': 10, 'd': {'heartbeat_interval': 41250, '_trace': ['["gateway-prd-arm-us-east1-d-d3cz",{"micros":0.0}]']}}
2026-04-01 12:20:18 [DEBUG] discord.gateway: Shard ID None has sent the IDENTIFY payload.
2026-04-01 12:20:18 [DEBUG] discord.gateway: For Shard ID None: WebSocket Event: {'t': None, 's': None, 'op': 11, 'd': None}
2026-04-01 12:20:19 [DEBUG] discord.gateway: For Shard ID None: WebSocket Event: {'t': 'READY', 's': 1, 'op': 0, 'd': {'v': 10, 'user_settings': {}, 'user': {'verified': True, 'username': 'BRIDGE', 'primary_guild': None, 'mfa_enabled': True, 'id': '1488466672359575694', 'global_name': None, 'flags': 0, 'email': None, 'discriminator': '8720', 'clan': None, 'bot': True, 'avatar': 'a4537a16a2592def5eb7697a07e0ee9c'}, 'session_type': 'normal', 'session_id': 'dbbdcbc5c16d4bc4a43f511242bb5282', 'resume_gateway_url': 'wss://gateway-us-east1-d.discord.gg', 'relationships': [], 'private_channels': [], 'presences': [], 'guilds': [{'unavailable': True, 'id': '1488467858446094416'}], 'guild_join_requests': [], 'geo_ordered_rtc_regions': ['finland', 'helsinki', 'warsaw', 'stockholm', 'bucharest'], 'game_relationships': [], 'auth': {}, 'application': {'id': '1488466672359575694', 'flags_new': '8945664', 'flags': 8945664}, '_trace': ['["gateway-prd-arm-us-east1-d-d3cz",{"micros":152629,"calls":["id_created",{"micros":1387,"calls":[]},"session_lookup_time",{"micros":307,"calls":[]},"session_lookup_finished",{"micros":15,"calls":[]},"sessions-prd-gcp-us-east1-d-132",{"micros":149591,"calls":["start_session",{"micros":102756,"calls":["prd-rpc-789f84654d-6kdx9",{"micros":32279,"calls":["get_user",{"micros":6129},"get_guilds",{"micros":4130},"send_scheduled_deletion_message",{"micros":12},"guild_join_requests",{"micros":4},"authorized_ip_coro",{"micros":10},"pending_payments",{"micros":1168},"apex_experiments",{"micros":61904},"sessions_experiments",{"micros":7},"played_application_ids",{"micros":5},"linked_users",{"micros":3},"ad_personalization_toggles_disabled",{"micros":3},"regional_feature_config",{"micros":3}]}]},"starting_guild_connect",{"micros":38,"calls":[]},"presence_started",{"micros":315,"calls":[]},"guilds_started",{"micros":116,"calls":[]},"lobbies_started",{"micros":1,"calls":[]},"guilds_connect",{"micros":1,"calls":[]},"presence_connect",{"micros":46267,"calls":[]},"connect_finished",{"micros":46286,"calls":[]},"build_ready",{"micros":73,"calls":[]},"clean_ready",{"micros":3,"calls":[]},"optimize_ready",{"micros":0,"calls":[]},"split_ready",{"micros":1,"calls":[]}]}]}]']}}
2026-04-01 12:20:19 [DEBUG] discord.client: Dispatching event socket_event_type
2026-04-01 12:20:19 [INFO] discord.gateway: Shard ID None has connected to Gateway (Session ID: dbbdcbc5c16d4bc4a43f511242bb5282).
2026-04-01 12:20:19 [DEBUG] discord.client: Dispatching event connect
2026-04-01 12:20:19 [DEBUG] discord.gateway: For Shard ID None: WebSocket Event: {'t': 'GUILD_CREATE', 's': 2, 'op': 0, 'd': {'member_count': 3, 'roles': [{'version': 1774948791946, 'unicode_emoji': None, 'tags': {}, 'position': 0, 'permissions': '2248473465835073', 'name': '@everyone', 'mentionable': False, 'managed': False, 'id': '1488467858446094416', 'icon': None, 'hoist': False, 'flags': 0, 'colors': {'tertiary_color': None, 'secondary_color': None, 'primary_color': 0}, 'color': 0}, {'version': 1774950562243, 'unicode_emoji': None, 'tags': {'bot_id': '1488466672359575694'}, 'position': 1, 'permissions': '2147585024', 'name': 'BRIDGE', 'mentionable': False, 'managed': True, 'id': '1488475283815403665', 'icon': None, 'hoist': False, 'flags': 0, 'colors': {'tertiary_color': None, 'secondary_color': None, 'primary_color': 0}, 'color': 0}], 'home_header': None, 'premium_progress_bar_enabled': False, 'owner_configured_content_level': 0, 'presences': [], 'discovery_splash': None, 'embedded_activities': [], 'activity_instances': [], 'moderator_reporting': None, 'region': 'deprecated', 'latest_onboarding_question_id': None, 'profile': None, 'vanity_url_code': None, 'preferred_locale': 'en-US', 'stage_instances': [], 'owner_id': '941848879672987658', 'id': '1488467858446094416', 'premium_progress_bar_enabled_user_updated_at': None, 'system_channel_id': '1488467858903138395', 'name': 'TIHA-Bridge', 'explicit_content_filter': 0, 'afk_timeout': 300, 'max_stage_video_channel_users': 50, 'members': [{'user': {'username': 'BRIDGE', 'public_flags': 0, 'primary_guild': None, 'id': '1488466672359575694', 'global_name': None, 'display_name_styles': None, 'display_name': None, 'discriminator': '8720', 'collectibles': None, 'bot': True, 'avatar_decoration_data': None, 'avatar': 'a4537a16a2592def5eb7697a07e0ee9c'}, 'roles': ['1488475283815403665'], 'premium_since': None, 'pending': False, 'nick': None, 'mute': False, 'joined_at': '2026-03-31T09:49:22.258000+00:00', 'flags': 0, 'deaf': False, 'communication_disabled_until': None, 'banner': None, 'avatar': None}], 'splash': None, 'voice_states': [], 'rules_channel_id': None, 'threads': [], 'premium_tier': 0, 'application_id': None, 'lazy': True, 'inventory_settings': None, 'unavailable': False, 'description': None, 'icon': None, 'premium_features': None, 'system_channel_flags': 0, 'channels': [{'version': 1774948791949, 'type': 4, 'position': 0, 'permission_overwrites': [], 'name': 'Текстовые каналы', 'id': '1488467858446094417', 'flags': 0}, {'version': 1774948791961, 'type': 4, 'position': 0, 'permission_overwrites': [], 'name': 'Голосовые каналы', 'id': '1488467858903138394', 'flags': 0}, {'version': 1774948791972, 'type': 0, 'topic': None, 'rate_limit_per_user': 0, 'position': 0, 'permission_overwrites': [], 'parent_id': '1488467858446094417', 'name': 'основной', 'last_message_id': '1488807942944985160', 'id': '1488467858903138395', 'icon_emoji': {'name': '👋', 'id': None}, 'flags': 0}, {'version': 1774948791986, 'user_limit': 0, 'type': 2, 'rtc_region': None, 'rate_limit_per_user': 0, 'position': 0, 'permission_overwrites': [], 'parent_id': '1488467858903138394', 'name': 'Основной', 'last_message_id': None, 'id': '1488467858903138397', 'icon_emoji': {'name': '🎙', 'id': None}, 'flags': 0, 'bitrate': 64000}], 'afk_channel_id': None, 'joined_at': '2026-03-31T09:49:22.258000+00:00', 'stickers': [], 'emojis': [], 'premium_subscription_count': 0, 'hub_type': None, 'safety_alerts_channel_id': None, 'guild_scheduled_events': [], 'features': [], 'default_message_notifications': 0, 'game_application_ids': None, 'application_command_counts': {}, 'max_members': 25000000, 'nsfw_level': 0, 'nsfw': False, 'public_updates_channel_id': None, 'verification_level': 0, 'soundboard_sounds': [], 'incidents_data': None, 'version': 1774948838405, 'banner': None, 'large': False, 'mfa_level': 0, 'max_video_channel_users': 25}}
2026-04-01 12:20:19 [DEBUG] discord.client: Dispatching event socket_event_type
2026-04-01 12:20:19 [DEBUG] discord.client: Dispatching event guild_available
2026-04-01 12:20:21 [DEBUG] discord.client: Dispatching event ready
2026-04-01 12:20:21 [DEBUG] discord.http: PUT https://discord.com/api/v10/applications/1488466672359575694/commands with [{"name":"routes","description":"\u041f\u043e\u043a\u0430\u0437\u0430\u0442\u044c \u043c\u0430\u0440\u0448\u0440\u0443\u0442\u044b","type":1,"options":[],"nsfw":false,"dm_permission":true,"default_member_permissions":null,"contexts":null,"integration_types":null}] has returned 200
2026-04-01 12:20:21 [DEBUG] discord.http: PUT /applications/{application_id}/commands has found its initial rate limit bucket hash (3e32a240d3716487d7d8f6dae6c54f6b).
2026-04-01 12:20:21 [DEBUG] discord.http: PUT https://discord.com/api/v10/applications/1488466672359575694/commands has received [{'id': '1488470695997608007', 'application_id': '1488466672359575694', 'version': '1488470695997608008', 'default_member_permissions': None, 'type': 1, 'name': 'routes', 'name_localizations': None, 'description': 'Показать маршруты', 'description_localizations': None, 'dm_permission': True, 'contexts': None, 'integration_types': [0, 1], 'nsfw': False}]
2026-04-01 12:20:21 [INFO] adapters.discord.adapter: Discord adapter ready: BRIDGE#8720
2026-04-01 12:20:28 [INFO] aiogram.event: Update id=897338242 is handled. Duration 316 ms by bot id=8289166189
2026-04-01 12:20:31 [INFO] aiogram.event: Update id=897338243 is handled. Duration 115 ms by bot id=8289166189
2026-04-01 12:20:33 [INFO] aiogram.event: Update id=897338244 is handled. Duration 211 ms by bot id=8289166189
2026-04-01 12:20:37 [DEBUG] websockets.client: > PING 'ndގ' [text, 4 bytes]
2026-04-01 12:20:37 [DEBUG] websockets.client: % sent keepalive ping
2026-04-01 12:20:37 [DEBUG] websockets.client: < PONG 'ndގ' [text, 4 bytes]
2026-04-01 12:20:37 [DEBUG] websockets.client: % received keepalive pong
2026-04-01 12:20:39 [INFO] aiogram.event: Update id=897338245 is handled. Duration 146 ms by bot id=8289166189
2026-04-01 12:20:40 [INFO] aiogram.event: Update id=897338246 is handled. Duration 75 ms by bot id=8289166189
2026-04-01 12:20:47 [DEBUG] websockets.client: > TEXT '{"ver": 11, "cmd": 0, "seq": 6, "opcode": 1, "p... {"interactive": true}}' [78 bytes]
2026-04-01 12:20:47 [DEBUG] websockets.client: < TEXT '{"ver":11,"cmd":1,"seq":6,"opcode":1,"payload":null}' [52 bytes]
2026-04-01 12:20:50 [INFO] aiogram.event: Update id=897338247 is not handled. Duration 0 ms by bot id=8289166189
2026-04-01 12:20:57 [DEBUG] websockets.client: > PING ac ee d7 73 [binary, 4 bytes]
2026-04-01 12:20:57 [DEBUG] websockets.client: % sent keepalive ping
2026-04-01 12:20:57 [DEBUG] websockets.client: < PONG ac ee d7 73 [binary, 4 bytes]
2026-04-01 12:20:57 [DEBUG] websockets.client: % received keepalive pong
2026-04-01 12:21:00 [DEBUG] discord.gateway: Keeping shard ID None websocket alive with sequence 2.
2026-04-01 12:21:00 [DEBUG] discord.gateway: For Shard ID None: WebSocket Event: {'t': None, 's': None, 'op': 11, 'd': None}
2026-04-01 12:21:01 [INFO] adapters.telegram.adapter: TG: joined channel Max - СА172 (-1003612718582)
2026-04-01 12:21:01 [INFO] aiogram.event: Update id=897338248 is handled. Duration 96 ms by bot id=8289166189
2026-04-01 12:21:08 [INFO] aiogram.event: Update id=897338249 is handled. Duration 78 ms by bot id=8289166189
2026-04-01 12:21:10 [INFO] aiogram.event: Update id=897338250 is handled. Duration 156 ms by bot id=8289166189
2026-04-01 12:21:11 [INFO] aiogram.event: Update id=897338251 is handled. Duration 177 ms by bot id=8289166189
2026-04-01 12:21:11 [DEBUG] websockets.client: > TEXT '{"ver": 11, "cmd": 0, "seq": 7, "opcode": 5, "p...id": 1775035217586}}]}}' [257 bytes]
2026-04-01 12:21:11 [DEBUG] websockets.client: < TEXT '{"ver":11,"cmd":1,"seq":7,"opcode":5,"payload":null}' [52 bytes]
2026-04-01 12:21:13 [INFO] aiogram.event: Update id=897338252 is handled. Duration 147 ms by bot id=8289166189
2026-04-01 12:21:14 [INFO] aiogram.event: Update id=897338253 is handled. Duration 155 ms by bot id=8289166189
2026-04-01 12:21:17 [DEBUG] websockets.client: > PING e6 39 fc 75 [binary, 4 bytes]
2026-04-01 12:21:17 [DEBUG] websockets.client: % sent keepalive ping
2026-04-01 12:21:17 [DEBUG] websockets.client: < PONG e6 39 fc 75 [binary, 4 bytes]
2026-04-01 12:21:17 [DEBUG] websockets.client: % received keepalive pong
2026-04-01 12:21:17 [DEBUG] websockets.client: > TEXT '{"ver": 11, "cmd": 0, "seq": 8, "opcode": 1, "p... {"interactive": true}}' [78 bytes]
2026-04-01 12:21:17 [DEBUG] websockets.client: < TEXT '{"ver":11,"cmd":1,"seq":8,"opcode":1,"payload":null}' [52 bytes]
2026-04-01 12:21:21 [DEBUG] websockets.client: < TEXT '{"ver":11,"cmd":0,"seq":2,"opcode":128,"payload...:"116328702065999797"}}' [298 bytes]
2026-04-01 12:21:21 [INFO] pymax.core: Fetching users count=1
2026-04-01 12:21:21 [DEBUG] websockets.client: > TEXT '{"ver": 11, "cmd": 0, "seq": 9, "opcode": 32, "...tactIds": [229703329]}}' [85 bytes]
2026-04-01 12:21:21 [DEBUG] websockets.client: < TEXT '{"ver":11,"cmd":1,"seq":9,"opcode":32,"payload"...8212,"id":229703329}]}}' [245 bytes]
2026-04-01 12:21:29 [DEBUG] websockets.client: > TEXT '{"ver": 11, "cmd": 0, "seq": 10, "opcode": 5, "...id": 1775035217586}}]}}' [258 bytes]
2026-04-01 12:21:29 [DEBUG] websockets.client: < TEXT '{"ver":11,"cmd":1,"seq":10,"opcode":5,"payload":null}' [53 bytes]
2026-04-01 12:21:37 [DEBUG] websockets.client: > PING b6 dd 1e 23 [binary, 4 bytes]
2026-04-01 12:21:37 [DEBUG] websockets.client: % sent keepalive ping
2026-04-01 12:21:37 [DEBUG] websockets.client: < PONG b6 dd 1e 23 [binary, 4 bytes]
2026-04-01 12:21:37 [DEBUG] websockets.client: % received keepalive pong
2026-04-01 12:21:41 [DEBUG] discord.gateway: Keeping shard ID None websocket alive with sequence 2.
2026-04-01 12:21:41 [ERROR] pymax.core: Send and wait failed (opcode=Opcode.CONTACT_INFO, seq=9)
Traceback (most recent call last):
  File "/opt/homebrew/Cellar/python@3.14/3.14.3_1/Frameworks/Python.framework/Versions/3.14/lib/python3.14/asyncio/tasks.py", line 488, in wait_for
    return await fut
           ^^^^^^^^^
asyncio.exceptions.CancelledError

The above exception was the direct cause of the following exception:

Traceback (most recent call last):
  File "/Users/minotaur/Project/TIHA-Bridge/.venv/lib/python3.14/site-packages/pymax/mixins/websocket.py", line 130, in _send_and_wait
    data = await asyncio.wait_for(fut, timeout=timeout)
           ^^^^^^^^^^^^^^^^^^^^^^^^^^^^^^^^^^^^^^^^^^^^
  File "/opt/homebrew/Cellar/python@3.14/3.14.3_1/Frameworks/Python.framework/Versions/3.14/lib/python3.14/asyncio/tasks.py", line 487, in wait_for
    async with timeouts.timeout(timeout):
               ~~~~~~~~~~~~~~~~^^^^^^^^^
  File "/opt/homebrew/Cellar/python@3.14/3.14.3_1/Frameworks/Python.framework/Versions/3.14/lib/python3.14/asyncio/timeouts.py", line 114, in __aexit__
    raise TimeoutError from exc_val
TimeoutError
2026-04-01 12:21:41 [DEBUG] core.identity: Max user resolve failed for 229703329: Send and wait failed
2026-04-01 12:21:41 [DEBUG] core.bus: Queued 5301643a-befa-4eef-8eab-6089510a1ab2 → telegram/-1003612718582
2026-04-01 12:21:41 [DEBUG] websockets.client: > TEXT '{"ver": 11, "cmd": 0, "seq": 11, "opcode": 128,... "116328712194441761"}}' [122 bytes]
2026-04-01 12:21:41 [DEBUG] discord.gateway: For Shard ID None: WebSocket Event: {'t': None, 's': None, 'op': 11, 'd': None}
2026-04-01 12:21:41 [DEBUG] websockets.client: < TEXT '{"ver":11,"cmd":3,"seq":11,"opcode":128,"payloa...:"Неизвестный opcode"}}' [199 bytes]
2026-04-01 12:21:41 [DEBUG] websockets.client: < EOF
2026-04-01 12:21:41 [DEBUG] websockets.client: < EOF
2026-04-01 12:21:41 [DEBUG] websockets.client: > EOF
2026-04-01 12:21:41 [DEBUG] websockets.client: = connection is CLOSED
2026-04-01 12:21:41 [DEBUG] websockets.client: x closing TCP connection
2026-04-01 12:21:41 [INFO] pymax.core: Client start() cleaned up
2026-04-01 12:21:41 [INFO] pymax.core: Reconnect enabled — restarting client
2026-04-01 12:21:41 [INFO] core.bus: Delivered 5301643a-befa-4eef-8eab-6089510a1ab2 → telegram/-1003612718582
2026-04-01 12:21:42 [INFO] pymax.core: Connecting to WebSocket wss://ws-api.oneme.ru/websocket
2026-04-01 12:21:42 [DEBUG] websockets.client: = connection is CONNECTING
2026-04-01 12:21:42 [DEBUG] websockets.client: > GET /websocket HTTP/1.1
2026-04-01 12:21:42 [DEBUG] websockets.client: > Host: ws-api.oneme.ru
2026-04-01 12:21:42 [DEBUG] websockets.client: > Origin: https://web.max.ru
2026-04-01 12:21:42 [DEBUG] websockets.client: > Upgrade: websocket
2026-04-01 12:21:42 [DEBUG] websockets.client: > Connection: Upgrade
2026-04-01 12:21:42 [DEBUG] websockets.client: > Sec-WebSocket-Key: Tw4+Y8+RjYEh35CGm5m1MA==
2026-04-01 12:21:42 [DEBUG] websockets.client: > Sec-WebSocket-Version: 13
2026-04-01 12:21:42 [DEBUG] websockets.client: > Sec-WebSocket-Extensions: permessage-deflate; client_max_window_bits
2026-04-01 12:21:42 [DEBUG] websockets.client: > User-Agent: Mozilla/5.0 (Windows NT 6.2; Win64; x64) AppleWebKit/537.36 (KHTML, like Gecko) Chrome/101.0.0.0 Safari/537.36
2026-04-01 12:21:42 [DEBUG] websockets.client: < HTTP/1.1 101 Switching Protocols
2026-04-01 12:21:42 [DEBUG] websockets.client: < upgrade: websocket
2026-04-01 12:21:42 [DEBUG] websockets.client: < connection: upgrade
2026-04-01 12:21:42 [DEBUG] websockets.client: < sec-websocket-accept: coc18D4XKaFw5zHDRg4YEXjRhSo=
2026-04-01 12:21:42 [DEBUG] websockets.client: < sec-websocket-extensions: permessage-deflate
2026-04-01 12:21:42 [DEBUG] websockets.client: = connection is OPEN
2026-04-01 12:21:42 [INFO] pymax.core: WebSocket connected, starting handshake
2026-04-01 12:21:42 [DEBUG] websockets.client: > TEXT '{"ver": 11, "cmd": 0, "seq": 12, "opcode": 6, "..."buildNumber": 38859}}}' [502 bytes]
2026-04-01 12:21:42 [DEBUG] websockets.client: < TEXT '{"ver":11,"cmd":1,"seq":12,"opcode":6,"payload"..."GE"],"location":"RU"}}' [154 bytes]
2026-04-01 12:21:42 [INFO] pymax.core: Handshake completed
2026-04-01 12:21:42 [INFO] pymax.core: Starting initial sync
2026-04-01 12:21:42 [DEBUG] websockets.client: > TEXT '{"ver": 11, "cmd": 0, "seq": 13, "opcode": 19, ..."buildNumber": 38859}}}' [1285 bytes]
2026-04-01 12:21:42 [DEBUG] websockets.client: < TEXT '{"ver":11,"cmd":1,"seq":13,"opcode":19,"payload...rX2Qibyy3VoI8XA3igH8"}}' [10302 bytes]
2026-04-01 12:21:42 [DEBUG] websockets.client: < TEXT '{"ver":11,"cmd":0,"seq":1,"opcode":292,"payload...6,"showTime":86400000}}' [111 bytes]
2026-04-01 12:21:42 [INFO] pymax.core: Sync completed: dialogs=6 chats=4 channels=0
2026-04-01 12:21:42 [INFO] adapters.max.adapter: Max adapter started, 10 chats registered
2026-04-01 12:21:42 [DEBUG] websockets.client: > TEXT '{"ver": 11, "cmd": 0, "seq": 14, "opcode": 1, "... {"interactive": true}}' [79 bytes]
2026-04-01 12:21:42 [DEBUG] websockets.client: > TEXT '{"ver": 11, "cmd": 0, "seq": 15, "opcode": 5, "...id": 1775035217586}}]}}' [263 bytes]
2026-04-01 12:21:42 [DEBUG] websockets.client: < TEXT '{"ver":11,"cmd":1,"seq":14,"opcode":1,"payload":null}' [53 bytes]
2026-04-01 12:21:42 [DEBUG] websockets.client: < TEXT '{"ver":11,"cmd":1,"seq":15,"opcode":5,"payload":null}' [53 bytes]
2026-04-01 12:21:42 [DEBUG] websockets.client: > TEXT '{"ver": 11, "cmd": 0, "seq": 16, "opcode": 5, "...id": 1775035217586}}]}}' [258 bytes]
2026-04-01 12:21:42 [DEBUG] websockets.client: < TEXT '{"ver":11,"cmd":1,"seq":16,"opcode":5,"payload":null}' [53 bytes]
2026-04-01 12:22:02 [DEBUG] websockets.client: > PING 40 ff ba 6c [binary, 4 bytes]
2026-04-01 12:22:02 [DEBUG] websockets.client: % sent keepalive ping
2026-04-01 12:22:02 [DEBUG] websockets.client: < PONG 40 ff ba 6c [binary, 4 bytes]
2026-04-01 12:22:02 [DEBUG] websockets.client: % received keepalive pong
2026-04-01 12:22:12 [DEBUG] websockets.client: > TEXT '{"ver": 11, "cmd": 0, "seq": 17, "opcode": 1, "... {"interactive": true}}' [79 bytes]
2026-04-01 12:22:12 [DEBUG] websockets.client: < TEXT '{"ver":11,"cmd":1,"seq":17,"opcode":1,"payload":null}' [53 bytes]
2026-04-01 12:22:18 [DEBUG] discord.gateway: Received WSMessage(type=<WSMsgType.CLOSED: 257>, data=None, extra=None)
2026-04-01 12:22:18 [DEBUG] discord.gateway: Websocket closed with 1006, attempting a reconnect.
2026-04-01 12:22:18 [DEBUG] discord.client: Got a request to RESUME the websocket.
2026-04-01 12:22:18 [DEBUG] discord.client: Dispatching event disconnect
2026-04-01 12:22:18 [DEBUG] discord.gateway: Created websocket connected to wss://gateway-us-east1-d.discord.gg
2026-04-01 12:22:18 [DEBUG] discord.gateway: For Shard ID None: WebSocket Event: {'t': None, 's': None, 'op': 10, 'd': {'heartbeat_interval': 41250, '_trace': ['["gateway-prd-arm-us-east1-d-tl6t",{"micros":0.0}]']}}
2026-04-01 12:22:18 [DEBUG] discord.gateway: Shard ID None has sent the RESUME payload.
2026-04-01 12:22:19 [DEBUG] discord.gateway: For Shard ID None: WebSocket Event: {'t': None, 's': None, 'op': 11, 'd': None}
2026-04-01 12:22:19 [DEBUG] discord.gateway: For Shard ID None: WebSocket Event: {'t': 'RESUMED', 's': 3, 'op': 0, 'd': {'_trace': ['["gateway-prd-arm-us-east1-d-tl6t",{"micros":21284,"calls":["id_created",{"micros":0,"calls":[]},"session_lookup_time",{"micros":9313,"calls":[]},"session_lookup_finished",{"micros":12,"calls":[]},"sessions-prd-gcp-us-east1-d-132",{"micros":16}]}]']}}
2026-04-01 12:22:19 [DEBUG] discord.client: Dispatching event socket_event_type
2026-04-01 12:22:19 [INFO] discord.gateway: Shard ID None has successfully RESUMED session dbbdcbc5c16d4bc4a43f511242bb5282.
2026-04-01 12:22:19 [DEBUG] discord.client: Dispatching event resumed
2026-04-01 12:22:22 [DEBUG] websockets.client: > PING ce e4 7e 01 [binary, 4 bytes]
2026-04-01 12:22:22 [DEBUG] websockets.client: % sent keepalive ping
2026-04-01 12:22:22 [DEBUG] websockets.client: < PONG ce e4 7e 01 [binary, 4 bytes]
2026-04-01 12:22:22 [DEBUG] websockets.client: % received keepalive pong
2026-04-01 12:22:31 [DEBUG] websockets.client: > TEXT '{"ver": 11, "cmd": 0, "seq": 18, "opcode": 5, "...id": 1775035217586}}]}}' [258 bytes]
2026-04-01 12:22:31 [DEBUG] websockets.client: < TEXT '{"ver":11,"cmd":1,"seq":18,"opcode":5,"payload":null}' [53 bytes]
2026-04-01 12:22:33 [DEBUG] websockets.client: < TEXT '{"ver":11,"cmd":0,"seq":2,"opcode":128,"payload...:"116328712194441761"}}' [964 bytes]
2026-04-01 12:22:33 [DEBUG] httpcore.connection: connect_tcp.started host='i.oneme.ru' port=443 local_address=None timeout=30 socket_options=None
2026-04-01 12:22:33 [DEBUG] httpcore.connection: connect_tcp.complete return_value=<httpcore._backends.anyio.AnyIOStream object at 0x10d4f7770>
2026-04-01 12:22:33 [DEBUG] httpcore.connection: start_tls.started ssl_context=<ssl.SSLContext object at 0x10d43a450> server_hostname='i.oneme.ru' timeout=30
2026-04-01 12:22:33 [DEBUG] httpcore.connection: start_tls.complete return_value=<httpcore._backends.anyio.AnyIOStream object at 0x10d4bbd90>
2026-04-01 12:22:33 [DEBUG] httpcore.http11: send_request_headers.started request=<Request [b'GET']>
2026-04-01 12:22:33 [DEBUG] httpcore.http11: send_request_headers.complete
2026-04-01 12:22:33 [DEBUG] httpcore.http11: send_request_body.started request=<Request [b'GET']>
2026-04-01 12:22:33 [DEBUG] httpcore.http11: send_request_body.complete
2026-04-01 12:22:33 [DEBUG] httpcore.http11: receive_response_headers.started request=<Request [b'GET']>
2026-04-01 12:22:33 [DEBUG] httpcore.http11: receive_response_headers.complete return_value=(b'HTTP/1.1', 200, b'OK', [(b'Server', b'kittenx'), (b'Date', b'Wed, 01 Apr 2026 09:22:33 GMT'), (b'Content-Type', b'image/webp'), (b'Content-Length', b'47868'), (b'Connection', b'keep-alive'), (b'Accept-Ranges', b'bytes'), (b'Last-Modified', b'Sat, 31 Jan 2026 09:22:33 GMT'), (b'Cache-Control', b'private, max-age=100000000'), (b'Expires', b'Sun, 27 Dec 2026 09:22:33 GMT'), (b'ETag', b'"686897696a7c876b7e"'), (b'Timing-Allow-Origin', b'*'), (b'Access-Control-Allow-Origin', b'*'), (b'X-Robots-Tag', b'noindex, nofollow, noarchive, nosnippet, noimageindex'), (b'X-OK-Image', b'?1')])
2026-04-01 12:22:33 [INFO] httpx: HTTP Request: GET https://i.oneme.ru/i?r=BTE2sh_eZW7g8kugOdIm2NotrTAN0E9B2Q2aUdAAkgiwBDXEuWB1deLcHq0eIThDLAI "HTTP/1.1 200 OK"
2026-04-01 12:22:33 [DEBUG] httpcore.http11: receive_response_body.started request=<Request [b'GET']>
2026-04-01 12:22:33 [DEBUG] httpcore.http11: receive_response_body.complete
2026-04-01 12:22:33 [DEBUG] httpcore.http11: response_closed.started
2026-04-01 12:22:33 [DEBUG] httpcore.http11: response_closed.complete
2026-04-01 12:22:33 [DEBUG] httpcore.connection: close.started
2026-04-01 12:22:33 [DEBUG] httpcore.connection: close.complete
2026-04-01 12:22:33 [INFO] pymax.core: Fetching users count=1
2026-04-01 12:22:33 [DEBUG] websockets.client: > TEXT '{"ver": 11, "cmd": 0, "seq": 19, "opcode": 32, ...tactIds": [229703329]}}' [86 bytes]
2026-04-01 12:22:33 [DEBUG] websockets.client: < TEXT '{"ver":11,"cmd":1,"seq":19,"opcode":32,"payload...8212,"id":229703329}]}}' [246 bytes]
2026-04-01 12:22:42 [DEBUG] websockets.client: > PING 28 83 73 65 [binary, 4 bytes]
2026-04-01 12:22:42 [DEBUG] websockets.client: % sent keepalive ping
2026-04-01 12:22:42 [DEBUG] websockets.client: < PONG 28 83 73 65 [binary, 4 bytes]
2026-04-01 12:22:42 [DEBUG] websockets.client: % received keepalive pong
2026-04-01 12:22:42 [DEBUG] websockets.client: > TEXT '{"ver": 11, "cmd": 0, "seq": 20, "opcode": 1, "... {"interactive": true}}' [79 bytes]
2026-04-01 12:22:42 [DEBUG] websockets.client: < TEXT '{"ver":11,"cmd":1,"seq":20,"opcode":1,"payload":null}' [53 bytes]
2026-04-01 12:22:53 [ERROR] pymax.core: Send and wait failed (opcode=Opcode.CONTACT_INFO, seq=19)
Traceback (most recent call last):
  File "/opt/homebrew/Cellar/python@3.14/3.14.3_1/Frameworks/Python.framework/Versions/3.14/lib/python3.14/asyncio/tasks.py", line 488, in wait_for
    return await fut
           ^^^^^^^^^
asyncio.exceptions.CancelledError

The above exception was the direct cause of the following exception:

Traceback (most recent call last):
  File "/Users/minotaur/Project/TIHA-Bridge/.venv/lib/python3.14/site-packages/pymax/mixins/websocket.py", line 130, in _send_and_wait
    data = await asyncio.wait_for(fut, timeout=timeout)
           ^^^^^^^^^^^^^^^^^^^^^^^^^^^^^^^^^^^^^^^^^^^^
  File "/opt/homebrew/Cellar/python@3.14/3.14.3_1/Frameworks/Python.framework/Versions/3.14/lib/python3.14/asyncio/tasks.py", line 487, in wait_for
    async with timeouts.timeout(timeout):
               ~~~~~~~~~~~~~~~~^^^^^^^^^
  File "/opt/homebrew/Cellar/python@3.14/3.14.3_1/Frameworks/Python.framework/Versions/3.14/lib/python3.14/asyncio/timeouts.py", line 114, in __aexit__
    raise TimeoutError from exc_val
TimeoutError
2026-04-01 12:22:53 [DEBUG] core.identity: Max user resolve failed for 229703329: Send and wait failed
2026-04-01 12:22:53 [DEBUG] core.bus: Queued 3d9a3025-5d4c-46b6-844f-1b24424281cf → telegram/-1003612718582
2026-04-01 12:22:53 [DEBUG] websockets.client: > TEXT '{"ver": 11, "cmd": 0, "seq": 21, "opcode": 128,... "116328716909117365"}}' [122 bytes]
2026-04-01 12:22:53 [DEBUG] websockets.client: < TEXT '{"ver":11,"cmd":3,"seq":21,"opcode":128,"payloa...:"Неизвестный opcode"}}' [199 bytes]
2026-04-01 12:22:53 [DEBUG] websockets.client: < EOF
2026-04-01 12:22:53 [DEBUG] websockets.client: < EOF
2026-04-01 12:22:53 [DEBUG] websockets.client: > EOF
2026-04-01 12:22:53 [DEBUG] websockets.client: = connection is CLOSED
2026-04-01 12:22:53 [DEBUG] websockets.client: x closing TCP connection
2026-04-01 12:22:53 [INFO] pymax.core: Client start() cleaned up
2026-04-01 12:22:53 [INFO] pymax.core: Reconnect enabled — restarting client
2026-04-01 12:22:54 [INFO] core.bus: Delivered 3d9a3025-5d4c-46b6-844f-1b24424281cf → telegram/-1003612718582
2026-04-01 12:22:54 [INFO] pymax.core: Connecting to WebSocket wss://ws-api.oneme.ru/websocket
2026-04-01 12:22:54 [DEBUG] websockets.client: = connection is CONNECTING
2026-04-01 12:22:54 [DEBUG] websockets.client: > GET /websocket HTTP/1.1
2026-04-01 12:22:54 [DEBUG] websockets.client: > Host: ws-api.oneme.ru
2026-04-01 12:22:54 [DEBUG] websockets.client: > Origin: https://web.max.ru
2026-04-01 12:22:54 [DEBUG] websockets.client: > Upgrade: websocket
2026-04-01 12:22:54 [DEBUG] websockets.client: > Connection: Upgrade
2026-04-01 12:22:54 [DEBUG] websockets.client: > Sec-WebSocket-Key: +FEwxcDZ45nl/q3laMhGnA==
2026-04-01 12:22:54 [DEBUG] websockets.client: > Sec-WebSocket-Version: 13
2026-04-01 12:22:54 [DEBUG] websockets.client: > Sec-WebSocket-Extensions: permessage-deflate; client_max_window_bits
2026-04-01 12:22:54 [DEBUG] websockets.client: > User-Agent: Mozilla/5.0 (Windows NT 6.2; Win64; x64) AppleWebKit/537.36 (KHTML, like Gecko) Chrome/101.0.0.0 Safari/537.36
2026-04-01 12:22:54 [DEBUG] websockets.client: < HTTP/1.1 101 Switching Protocols
2026-04-01 12:22:54 [DEBUG] websockets.client: < upgrade: websocket
2026-04-01 12:22:54 [DEBUG] websockets.client: < connection: upgrade
2026-04-01 12:22:54 [DEBUG] websockets.client: < sec-websocket-accept: XrKnuARMxfrh/t8jOm5KShV53zc=
2026-04-01 12:22:54 [DEBUG] websockets.client: < sec-websocket-extensions: permessage-deflate
2026-04-01 12:22:54 [DEBUG] websockets.client: = connection is OPEN
2026-04-01 12:22:54 [INFO] pymax.core: WebSocket connected, starting handshake
2026-04-01 12:22:54 [DEBUG] websockets.client: > TEXT '{"ver": 11, "cmd": 0, "seq": 22, "opcode": 6, "..."buildNumber": 38859}}}' [502 bytes]
2026-04-01 12:22:54 [DEBUG] websockets.client: < TEXT '{"ver":11,"cmd":1,"seq":22,"opcode":6,"payload"..."GE"],"location":"RU"}}' [154 bytes]
2026-04-01 12:22:54 [INFO] pymax.core: Handshake completed
2026-04-01 12:22:54 [INFO] pymax.core: Starting initial sync
2026-04-01 12:22:54 [DEBUG] websockets.client: > TEXT '{"ver": 11, "cmd": 0, "seq": 23, "opcode": 19, ..."buildNumber": 38859}}}' [1285 bytes]
2026-04-01 12:22:57 [DEBUG] websockets.client: < TEXT '{"ver":11,"cmd":1,"seq":23,"opcode":19,"payload...Yu6ylJPqChgbE9g_3sWE"}}' [10968 bytes]
2026-04-01 12:22:57 [DEBUG] websockets.client: < TEXT '{"ver":11,"cmd":0,"seq":1,"opcode":292,"payload...6,"showTime":86400000}}' [111 bytes]
2026-04-01 12:22:57 [INFO] pymax.core: Sync completed: dialogs=9 chats=6 channels=0
2026-04-01 12:22:57 [INFO] adapters.max.adapter: Max adapter started, 15 chats registered
2026-04-01 12:22:57 [DEBUG] websockets.client: > TEXT '{"ver": 11, "cmd": 0, "seq": 24, "opcode": 1, "... {"interactive": true}}' [79 bytes]
2026-04-01 12:22:57 [DEBUG] websockets.client: > TEXT '{"ver": 11, "cmd": 0, "seq": 25, "opcode": 5, "...id": 1775035217586}}]}}' [263 bytes]
2026-04-01 12:22:57 [DEBUG] websockets.client: < TEXT '{"ver":11,"cmd":1,"seq":24,"opcode":1,"payload":null}' [53 bytes]
2026-04-01 12:22:57 [DEBUG] websockets.client: < TEXT '{"ver":11,"cmd":1,"seq":25,"opcode":5,"payload":null}' [53 bytes]
2026-04-01 12:22:57 [DEBUG] websockets.client: > TEXT '{"ver": 11, "cmd": 0, "seq": 26, "opcode": 5, "...id": 1775035217586}}]}}' [259 bytes]
2026-04-01 12:22:57 [DEBUG] websockets.client: < TEXT '{"ver":11,"cmd":1,"seq":26,"opcode":5,"payload":null}' [53 bytes]
2026-04-01 12:23:00 [DEBUG] discord.gateway: Keeping shard ID None websocket alive with sequence 3.
2026-04-01 12:23:00 [DEBUG] discord.gateway: For Shard ID None: WebSocket Event: {'t': None, 's': None, 'op': 11, 'd': None}
2026-04-01 12:23:14 [DEBUG] websockets.client: > PING 67 46 e7 08 [binary, 4 bytes]
2026-04-01 12:23:14 [DEBUG] websockets.client: % sent keepalive ping
2026-04-01 12:23:14 [DEBUG] websockets.client: < PONG 67 46 e7 08 [binary, 4 bytes]
2026-04-01 12:23:14 [DEBUG] websockets.client: % received keepalive pong
2026-04-01 12:23:15 [DEBUG] websockets.client: > TEXT '{"ver": 11, "cmd": 0, "seq": 27, "opcode": 5, "...id": 1775035217586}}]}}' [259 bytes]
2026-04-01 12:23:22 [DEBUG] websockets.client: < EOF
2026-04-01 12:23:22 [DEBUG] websockets.client: < EOF
2026-04-01 12:23:22 [DEBUG] websockets.client: > EOF
2026-04-01 12:23:22 [DEBUG] websockets.client: = connection is CLOSED
2026-04-01 12:23:22 [DEBUG] websockets.client: x closing TCP connection
2026-04-01 12:23:22 [INFO] pymax.core: WebSocket connection closed with error: 1006, ; exiting recv loop
2026-04-01 12:23:22 [ERROR] pymax.core: Send and wait failed (opcode=Opcode.LOG, seq=27)
Traceback (most recent call last):
  File "/Users/minotaur/Project/TIHA-Bridge/.venv/lib/python3.14/site-packages/pymax/mixins/websocket.py", line 130, in _send_and_wait
    data = await asyncio.wait_for(fut, timeout=timeout)
           ^^^^^^^^^^^^^^^^^^^^^^^^^^^^^^^^^^^^^^^^^^^^
  File "/opt/homebrew/Cellar/python@3.14/3.14.3_1/Frameworks/Python.framework/Versions/3.14/lib/python3.14/asyncio/tasks.py", line 488, in wait_for
    return await fut
           ^^^^^^^^^
pymax.exceptions.WebSocketNotConnectedError: WebSocket is not connected
2026-04-01 12:23:22 [WARNING] pymax.core: Failed to send navigation event
Traceback (most recent call last):
  File "/Users/minotaur/Project/TIHA-Bridge/.venv/lib/python3.14/site-packages/pymax/mixins/websocket.py", line 130, in _send_and_wait
    data = await asyncio.wait_for(fut, timeout=timeout)
           ^^^^^^^^^^^^^^^^^^^^^^^^^^^^^^^^^^^^^^^^^^^^
  File "/opt/homebrew/Cellar/python@3.14/3.14.3_1/Frameworks/Python.framework/Versions/3.14/lib/python3.14/asyncio/tasks.py", line 488, in wait_for
    return await fut
           ^^^^^^^^^
pymax.exceptions.WebSocketNotConnectedError: WebSocket is not connected

During handling of the above exception, another exception occurred:

Traceback (most recent call last):
  File "/Users/minotaur/Project/TIHA-Bridge/.venv/lib/python3.14/site-packages/pymax/mixins/telemetry.py", line 20, in _send_navigation_event
    data = await self._send_and_wait(
           ^^^^^^^^^^^^^^^^^^^^^^^^^^
    ...<2 lines>...
    )
    ^
  File "/Users/minotaur/Project/TIHA-Bridge/.venv/lib/python3.14/site-packages/pymax/mixins/websocket.py", line 142, in _send_and_wait
    raise RuntimeError("Send and wait failed")
RuntimeError: Send and wait failed
2026-04-01 12:23:22 [INFO] pymax.core: Client start() cleaned up
2026-04-01 12:23:22 [INFO] pymax.core: Reconnect enabled — restarting client
2026-04-01 12:23:23 [INFO] pymax.core: Connecting to WebSocket wss://ws-api.oneme.ru/websocket
2026-04-01 12:23:23 [DEBUG] websockets.client: = connection is CONNECTING
2026-04-01 12:23:23 [DEBUG] websockets.client: > GET /websocket HTTP/1.1
2026-04-01 12:23:23 [DEBUG] websockets.client: > Host: ws-api.oneme.ru
2026-04-01 12:23:23 [DEBUG] websockets.client: > Origin: https://web.max.ru
2026-04-01 12:23:23 [DEBUG] websockets.client: > Upgrade: websocket
2026-04-01 12:23:23 [DEBUG] websockets.client: > Connection: Upgrade
2026-04-01 12:23:23 [DEBUG] websockets.client: > Sec-WebSocket-Key: uG8Ep25a1uLJ9toyfPMwFw==
2026-04-01 12:23:23 [DEBUG] websockets.client: > Sec-WebSocket-Version: 13
2026-04-01 12:23:23 [DEBUG] websockets.client: > Sec-WebSocket-Extensions: permessage-deflate; client_max_window_bits
2026-04-01 12:23:23 [DEBUG] websockets.client: > User-Agent: Mozilla/5.0 (Windows NT 6.2; Win64; x64) AppleWebKit/537.36 (KHTML, like Gecko) Chrome/101.0.0.0 Safari/537.36
2026-04-01 12:23:23 [DEBUG] websockets.client: < HTTP/1.1 101 Switching Protocols
2026-04-01 12:23:23 [DEBUG] websockets.client: < upgrade: websocket
2026-04-01 12:23:23 [DEBUG] websockets.client: < connection: upgrade
2026-04-01 12:23:23 [DEBUG] websockets.client: < sec-websocket-accept: 0G6qa23+siCl0r/BW6IZ3I9zYBw=
2026-04-01 12:23:23 [DEBUG] websockets.client: < sec-websocket-extensions: permessage-deflate
2026-04-01 12:23:23 [DEBUG] websockets.client: = connection is OPEN
2026-04-01 12:23:23 [INFO] pymax.core: WebSocket connected, starting handshake
2026-04-01 12:23:23 [DEBUG] websockets.client: > TEXT '{"ver": 11, "cmd": 0, "seq": 28, "opcode": 6, "..."buildNumber": 38859}}}' [502 bytes]
2026-04-01 12:23:23 [DEBUG] websockets.client: < TEXT '{"ver":11,"cmd":1,"seq":28,"opcode":6,"payload"..."GE"],"location":"RU"}}' [154 bytes]
2026-04-01 12:23:23 [INFO] pymax.core: Handshake completed
2026-04-01 12:23:23 [INFO] pymax.core: Starting initial sync
2026-04-01 12:23:23 [DEBUG] websockets.client: > TEXT '{"ver": 11, "cmd": 0, "seq": 29, "opcode": 19, ..."buildNumber": 38859}}}' [1285 bytes]
2026-04-01 12:23:23 [DEBUG] websockets.client: < TEXT '{"ver":11,"cmd":1,"seq":29,"opcode":19,"payload...gNpU1CeqAX5P0KXAYDF8"}}' [11008 bytes]
2026-04-01 12:23:23 [DEBUG] websockets.client: < TEXT '{"ver":11,"cmd":0,"seq":1,"opcode":292,"payload...6,"showTime":86400000}}' [111 bytes]
2026-04-01 12:23:23 [INFO] pymax.core: Sync completed: dialogs=12 chats=8 channels=0
2026-04-01 12:23:23 [INFO] adapters.max.adapter: Max adapter started, 20 chats registered
2026-04-01 12:23:23 [DEBUG] websockets.client: > TEXT '{"ver": 11, "cmd": 0, "seq": 30, "opcode": 1, "... {"interactive": true}}' [79 bytes]
2026-04-01 12:23:23 [DEBUG] websockets.client: > TEXT '{"ver": 11, "cmd": 0, "seq": 31, "opcode": 5, "...id": 1775035217586}}]}}' [264 bytes]
2026-04-01 12:23:23 [DEBUG] websockets.client: < TEXT '{"ver":11,"cmd":1,"seq":30,"opcode":1,"payload":null}' [53 bytes]
2026-04-01 12:23:23 [DEBUG] websockets.client: < TEXT '{"ver":11,"cmd":1,"seq":31,"opcode":5,"payload":null}' [53 bytes]
2026-04-01 12:23:23 [DEBUG] websockets.client: > TEXT '{"ver": 11, "cmd": 0, "seq": 32, "opcode": 5, "...id": 1775035217586}}]}}' [259 bytes]
2026-04-01 12:23:23 [DEBUG] websockets.client: < TEXT '{"ver":11,"cmd":1,"seq":32,"opcode":5,"payload":null}' [53 bytes]
2026-04-01 12:23:41 [DEBUG] discord.gateway: Keeping shard ID None websocket alive with sequence 3.
2026-04-01 12:23:41 [DEBUG] discord.gateway: For Shard ID None: WebSocket Event: {'t': None, 's': None, 'op': 11, 'd': None}
2026-04-01 12:23:42 [DEBUG] websockets.client: > TEXT '{"ver": 11, "cmd": 0, "seq": 33, "opcode": 5, "...id": 1775035217586}}]}}' [259 bytes]
2026-04-01 12:23:42 [DEBUG] websockets.client: < TEXT '{"ver":11,"cmd":1,"seq":33,"opcode":5,"payload":null}' [53 bytes]
2026-04-01 12:23:43 [DEBUG] websockets.client: > PING d6 49 ba 35 [binary, 4 bytes]
2026-04-01 12:23:43 [DEBUG] websockets.client: % sent keepalive ping
2026-04-01 12:23:43 [DEBUG] websockets.client: < PONG d6 49 ba 35 [binary, 4 bytes]
2026-04-01 12:23:43 [DEBUG] websockets.client: % received keepalive pong
2026-04-01 12:29:56 [WARNING] discord.client: PyNaCl is not installed, voice will NOT be supported
2026-04-01 12:29:56 [WARNING] discord.client: davey is not installed, voice will NOT be supported
2026-04-01 12:29:56 [DEBUG] discord.client: on_ready has successfully been registered as an event
2026-04-01 12:29:56 [DEBUG] discord.client: on_guild_channel_create has successfully been registered as an event
2026-04-01 12:29:56 [DEBUG] discord.client: on_message has successfully been registered as an event
2026-04-01 12:29:56 [INFO] core.bus: Adapter registered: max
2026-04-01 12:29:56 [INFO] core.bus: Adapter registered: telegram
2026-04-01 12:29:56 [INFO] core.bus: Adapter registered: discord
2026-04-01 12:29:56 [INFO] pymax.core: Client starting
2026-04-01 12:29:56 [INFO] pymax.core: Connecting to WebSocket wss://ws-api.oneme.ru/websocket
2026-04-01 12:29:56 [INFO] adapters.telegram.adapter: Telegram adapter started
2026-04-01 12:29:56 [INFO] adapters.discord.adapter: Discord adapter starting
2026-04-01 12:29:56 [INFO] core.bus: MessageBus worker started
2026-04-01 12:29:56 [INFO] aiogram.dispatcher: Start polling
2026-04-01 12:29:56 [INFO] discord.client: logging in using static token
2026-04-01 12:29:56 [DEBUG] websockets.client: = connection is CONNECTING
2026-04-01 12:29:56 [DEBUG] websockets.client: > GET /websocket HTTP/1.1
2026-04-01 12:29:56 [DEBUG] websockets.client: > Host: ws-api.oneme.ru
2026-04-01 12:29:56 [DEBUG] websockets.client: > Origin: https://web.max.ru
2026-04-01 12:29:56 [DEBUG] websockets.client: > Upgrade: websocket
2026-04-01 12:29:56 [DEBUG] websockets.client: > Connection: Upgrade
2026-04-01 12:29:56 [DEBUG] websockets.client: > Sec-WebSocket-Key: lWJAHbEj6hrcag2IebqejQ==
2026-04-01 12:29:56 [DEBUG] websockets.client: > Sec-WebSocket-Version: 13
2026-04-01 12:29:56 [DEBUG] websockets.client: > Sec-WebSocket-Extensions: permessage-deflate; client_max_window_bits
2026-04-01 12:29:56 [DEBUG] websockets.client: > User-Agent: Mozilla/5.0 (Macintosh; Intel Mac OS X 14) AppleWebKit/537.36 (KHTML, like Gecko) Chrome/119.0.0.0 Safari/537.36 Edg/119.0.0.0
2026-04-01 12:29:56 [DEBUG] websockets.client: < HTTP/1.1 101 Switching Protocols
2026-04-01 12:29:56 [DEBUG] websockets.client: < upgrade: websocket
2026-04-01 12:29:56 [DEBUG] websockets.client: < connection: upgrade
2026-04-01 12:29:56 [DEBUG] websockets.client: < sec-websocket-accept: Ilp9mwutYtxGfjD62Z9hKZlOmA8=
2026-04-01 12:29:56 [DEBUG] websockets.client: < sec-websocket-extensions: permessage-deflate
2026-04-01 12:29:56 [DEBUG] websockets.client: = connection is OPEN
2026-04-01 12:29:56 [INFO] pymax.core: WebSocket connected, starting handshake
2026-04-01 12:29:56 [DEBUG] websockets.client: > TEXT '{"ver": 11, "cmd": 0, "seq": 1, "opcode": 6, "p..."buildNumber": 38859}}}' [509 bytes]
2026-04-01 12:29:56 [DEBUG] websockets.client: < TEXT '{"ver":11,"cmd":1,"seq":1,"opcode":6,"payload":..."GE"],"location":"RU"}}' [153 bytes]
2026-04-01 12:29:56 [INFO] pymax.core: Handshake completed
2026-04-01 12:29:56 [INFO] pymax.core: Starting initial sync
2026-04-01 12:29:56 [DEBUG] websockets.client: > TEXT '{"ver": 11, "cmd": 0, "seq": 2, "opcode": 19, "..."buildNumber": 38859}}}' [1292 bytes]
2026-04-01 12:29:56 [DEBUG] websockets.client: < TEXT '{"ver":11,"cmd":1,"seq":2,"opcode":19,"payload"...d-moih54YWGohVLzMyRc"}}' [10967 bytes]
2026-04-01 12:29:56 [DEBUG] websockets.client: < TEXT '{"ver":11,"cmd":0,"seq":1,"opcode":292,"payload...6,"showTime":86400000}}' [111 bytes]
2026-04-01 12:29:56 [INFO] pymax.core: Sync completed: dialogs=3 chats=2 channels=0
2026-04-01 12:29:56 [INFO] adapters.max.adapter: Max adapter started, 5 chats registered
2026-04-01 12:29:56 [DEBUG] websockets.client: > TEXT '{"ver": 11, "cmd": 0, "seq": 3, "opcode": 1, "p... {"interactive": true}}' [78 bytes]
2026-04-01 12:29:56 [DEBUG] websockets.client: > TEXT '{"ver": 11, "cmd": 0, "seq": 4, "opcode": 5, "p...id": 1775035796043}}]}}' [262 bytes]
2026-04-01 12:29:56 [DEBUG] websockets.client: < TEXT '{"ver":11,"cmd":1,"seq":3,"opcode":1,"payload":null}' [52 bytes]
2026-04-01 12:29:56 [DEBUG] websockets.client: < TEXT '{"ver":11,"cmd":1,"seq":4,"opcode":5,"payload":null}' [52 bytes]
2026-04-01 12:29:56 [DEBUG] websockets.client: > TEXT '{"ver": 11, "cmd": 0, "seq": 5, "opcode": 5, "p...id": 1775035796043}}]}}' [257 bytes]
2026-04-01 12:29:56 [DEBUG] websockets.client: < TEXT '{"ver":11,"cmd":1,"seq":5,"opcode":5,"payload":null}' [52 bytes]
2026-04-01 12:29:56 [DEBUG] discord.http: GET https://discord.com/api/v10/users/@me with None has returned 200
2026-04-01 12:29:56 [DEBUG] discord.http: GET /users/@me has found its initial rate limit bucket hash (78bb8553d9352a5a2f89f9def401287a).
2026-04-01 12:29:56 [DEBUG] discord.http: GET https://discord.com/api/v10/users/@me has received {'id': '1488466672359575694', 'username': 'BRIDGE', 'avatar': 'a4537a16a2592def5eb7697a07e0ee9c', 'discriminator': '8720', 'public_flags': 0, 'flags': 0, 'bot': True, 'banner': None, 'accent_color': None, 'global_name': None, 'avatar_decoration_data': None, 'collectibles': None, 'display_name_styles': None, 'banner_color': None, 'clan': None, 'primary_guild': None, 'mfa_enabled': True, 'locale': 'en-US', 'premium_type': 0, 'email': None, 'verified': True, 'bio': ''}
2026-04-01 12:29:56 [INFO] aiogram.dispatcher: Run polling for bot @max_tg_bridge_s_bot id=8289166189 - 'TIHA Bridge'
2026-04-01 12:29:56 [DEBUG] discord.http: GET https://discord.com/api/v10/oauth2/applications/@me with None has returned 200
2026-04-01 12:29:56 [DEBUG] discord.http: GET /oauth2/applications/@me has found its initial rate limit bucket hash (d28a133af187e91d71d96a223467ce49).
2026-04-01 12:29:56 [DEBUG] discord.http: GET https://discord.com/api/v10/oauth2/applications/@me has received {'id': '1488466672359575694', 'name': 'BRIDGE', 'icon': 'a4537a16a2592def5eb7697a07e0ee9c', 'description': 'Max-Telegram-Discord bridge bot', 'type': None, 'bot': {'id': '1488466672359575694', 'username': 'BRIDGE', 'avatar': 'a4537a16a2592def5eb7697a07e0ee9c', 'discriminator': '8720', 'public_flags': 0, 'flags': 0, 'bot': True, 'banner': None, 'accent_color': None, 'global_name': None, 'avatar_decoration_data': None, 'collectibles': None, 'display_name_styles': None, 'banner_color': None, 'clan': None, 'primary_guild': None}, 'summary': '', 'is_monetized': False, 'is_verified': False, 'is_discoverable': False, 'bot_public': True, 'bot_require_code_grant': False, 'install_params': {'scopes': ['applications.commands'], 'permissions': '0'}, 'integration_types_config': {'0': {'oauth2_install_params': {'scopes': ['applications.commands'], 'permissions': '0'}}, '1': {'oauth2_install_params': {'scopes': ['applications.commands'], 'permissions': '0'}}}, 'verify_key': '158f8e4aa5be97a1cc30d6168df83779d3ee7febaa334a4561149f21703df18f', 'flags': 8945664, 'hook': True, 'storefront_available': False, 'redirect_uris': [], 'interactions_endpoint_url': None, 'role_connections_verification_url': None, 'owner': {'id': '941848879672987658', 'username': 'm1notaur_studio', 'avatar': '053c9507b6bc715a7c95cf8f95b63eab', 'discriminator': '0', 'public_flags': 128, 'flags': 128, 'banner': None, 'accent_color': 0, 'global_name': 'M1notaur_', 'avatar_decoration_data': {'asset': 'a_4539f720c2c576feca9de41b8dc413e8', 'sku_id': '1341506443882266624', 'expires_at': None}, 'collectibles': {'nameplate': {'sku_id': '1465519580016410746', 'asset': 'nameplates/blossoming_branch/1465519580016410746/', 'label': 'Swaying cherry blossom branch with petals blowing and gentle watercolor washes.', 'palette': 'bubble_gum'}}, 'display_name_styles': None, 'banner_color': '#000000', 'clan': None, 'primary_guild': None}, 'approximate_guild_count': 0, 'approximate_user_install_count': 0, 'approximate_user_authorization_count': 0, 'interactions_event_types': [], 'interactions_version': 1, 'explicit_content_filter': 0, 'rpc_application_state': 0, 'store_application_state': 1, 'verification_state': 1, 'integration_public': True, 'integration_require_code_grant': False, 'discoverability_state': 1, 'discovery_eligibility_flags': 2532, 'monetization_state': 1, 'verification_eligibility_flags': 123804, 'monetization_eligibility_flags': 247524, 'bot_approximate_guild_count': 1, 'team': None, 'internal_guild_restriction': 2, 'approved_consoles': [], 'pricing_localization_strategy': 'localized_price_sets'}
2026-04-01 12:29:57 [DEBUG] discord.gateway: Created websocket connected to wss://gateway.discord.gg/
2026-04-01 12:29:57 [DEBUG] discord.gateway: For Shard ID None: WebSocket Event: {'t': None, 's': None, 'op': 10, 'd': {'heartbeat_interval': 41250, '_trace': ['["gateway-prd-arm-us-east1-d-mzgv",{"micros":0.0}]']}}
2026-04-01 12:29:57 [DEBUG] discord.gateway: Shard ID None has sent the IDENTIFY payload.
2026-04-01 12:29:57 [DEBUG] discord.gateway: For Shard ID None: WebSocket Event: {'t': None, 's': None, 'op': 11, 'd': None}
2026-04-01 12:29:57 [DEBUG] discord.gateway: For Shard ID None: WebSocket Event: {'t': 'READY', 's': 1, 'op': 0, 'd': {'v': 10, 'user_settings': {}, 'user': {'verified': True, 'username': 'BRIDGE', 'primary_guild': None, 'mfa_enabled': True, 'id': '1488466672359575694', 'global_name': None, 'flags': 0, 'email': None, 'discriminator': '8720', 'clan': None, 'bot': True, 'avatar': 'a4537a16a2592def5eb7697a07e0ee9c'}, 'session_type': 'normal', 'session_id': '509b1e05d4d54840b8c860cef41ccc22', 'resume_gateway_url': 'wss://gateway-us-east1-d.discord.gg', 'relationships': [], 'private_channels': [], 'presences': [], 'guilds': [{'unavailable': True, 'id': '1488467858446094416'}], 'guild_join_requests': [], 'geo_ordered_rtc_regions': ['finland', 'helsinki', 'warsaw', 'stockholm', 'bucharest'], 'game_relationships': [], 'auth': {}, 'application': {'id': '1488466672359575694', 'flags_new': '8945664', 'flags': 8945664}, '_trace': ['["gateway-prd-arm-us-east1-d-mzgv",{"micros":107252,"calls":["id_created",{"micros":1729,"calls":[]},"session_lookup_time",{"micros":311,"calls":[]},"session_lookup_finished",{"micros":13,"calls":[]},"sessions-prd-gcp-us-east1-d-24",{"micros":104045,"calls":["start_session",{"micros":65102,"calls":["prd-rpc-789f84654d-tnzth",{"micros":18603,"calls":["get_user",{"micros":5197},"get_guilds",{"micros":2040},"send_scheduled_deletion_message",{"micros":9},"guild_join_requests",{"micros":658},"authorized_ip_coro",{"micros":5},"pending_payments",{"micros":1479},"apex_experiments",{"micros":39625},"sessions_experiments",{"micros":4},"played_application_ids",{"micros":3},"linked_users",{"micros":2},"ad_personalization_toggles_disabled",{"micros":2},"regional_feature_config",{"micros":2}]}]},"starting_guild_connect",{"micros":37,"calls":[]},"presence_started",{"micros":355,"calls":[]},"guilds_started",{"micros":68,"calls":[]},"lobbies_started",{"micros":1,"calls":[]},"guilds_connect",{"micros":1,"calls":[]},"presence_connect",{"micros":38452,"calls":[]},"connect_finished",{"micros":38465,"calls":[]},"build_ready",{"micros":13,"calls":[]},"clean_ready",{"micros":3,"calls":[]},"optimize_ready",{"micros":0,"calls":[]},"split_ready",{"micros":0,"calls":[]}]}]}]']}}
2026-04-01 12:29:57 [DEBUG] discord.client: Dispatching event socket_event_type
2026-04-01 12:29:57 [INFO] discord.gateway: Shard ID None has connected to Gateway (Session ID: 509b1e05d4d54840b8c860cef41ccc22).
2026-04-01 12:29:57 [DEBUG] discord.client: Dispatching event connect
2026-04-01 12:29:57 [DEBUG] discord.gateway: For Shard ID None: WebSocket Event: {'t': 'GUILD_CREATE', 's': 2, 'op': 0, 'd': {'afk_channel_id': None, 'large': False, 'mfa_level': 0, 'afk_timeout': 300, 'splash': None, 'region': 'deprecated', 'profile': None, 'owner_configured_content_level': 0, 'lazy': True, 'stage_instances': [], 'rules_channel_id': None, 'id': '1488467858446094416', 'application_id': None, 'members': [{'user': {'username': 'BRIDGE', 'public_flags': 0, 'primary_guild': None, 'id': '1488466672359575694', 'global_name': None, 'display_name_styles': None, 'display_name': None, 'discriminator': '8720', 'collectibles': None, 'bot': True, 'avatar_decoration_data': None, 'avatar': 'a4537a16a2592def5eb7697a07e0ee9c'}, 'roles': ['1488475283815403665'], 'premium_since': None, 'pending': False, 'nick': None, 'mute': False, 'joined_at': '2026-03-31T09:49:22.258000+00:00', 'flags': 0, 'deaf': False, 'communication_disabled_until': None, 'banner': None, 'avatar': None}], 'name': 'TIHA-Bridge', 'inventory_settings': None, 'stickers': [], 'system_channel_id': '1488467858903138395', 'member_count': 3, 'home_header': None, 'threads': [], 'soundboard_sounds': [], 'default_message_notifications': 0, 'channels': [{'version': 1774948791949, 'type': 4, 'position': 0, 'permission_overwrites': [], 'name': 'Текстовые каналы', 'id': '1488467858446094417', 'flags': 0}, {'version': 1774948791961, 'type': 4, 'position': 0, 'permission_overwrites': [], 'name': 'Голосовые каналы', 'id': '1488467858903138394', 'flags': 0}, {'version': 1774948791972, 'type': 0, 'topic': None, 'rate_limit_per_user': 0, 'position': 0, 'permission_overwrites': [], 'parent_id': '1488467858446094417', 'name': 'основной', 'last_message_id': '1488807942944985160', 'id': '1488467858903138395', 'icon_emoji': {'name': '👋', 'id': None}, 'flags': 0}, {'version': 1774948791986, 'user_limit': 0, 'type': 2, 'rtc_region': None, 'rate_limit_per_user': 0, 'position': 0, 'permission_overwrites': [], 'parent_id': '1488467858903138394', 'name': 'Основной', 'last_message_id': None, 'id': '1488467858903138397', 'icon_emoji': {'name': '🎙', 'id': None}, 'flags': 0, 'bitrate': 64000}], 'preferred_locale': 'en-US', 'safety_alerts_channel_id': None, 'embedded_activities': [], 'roles': [{'version': 1774948791946, 'unicode_emoji': None, 'tags': {}, 'position': 0, 'permissions': '2248473465835073', 'name': '@everyone', 'mentionable': False, 'managed': False, 'id': '1488467858446094416', 'icon': None, 'hoist': False, 'flags': 0, 'colors': {'tertiary_color': None, 'secondary_color': None, 'primary_color': 0}, 'color': 0}, {'version': 1774950562243, 'unicode_emoji': None, 'tags': {'bot_id': '1488466672359575694'}, 'position': 1, 'permissions': '2147585024', 'name': 'BRIDGE', 'mentionable': False, 'managed': True, 'id': '1488475283815403665', 'icon': None, 'hoist': False, 'flags': 0, 'colors': {'tertiary_color': None, 'secondary_color': None, 'primary_color': 0}, 'color': 0}], 'description': None, 'discovery_splash': None, 'application_command_counts': {}, 'max_members': 25000000, 'joined_at': '2026-03-31T09:49:22.258000+00:00', 'premium_subscription_count': 0, 'moderator_reporting': None, 'premium_features': None, 'voice_states': [], 'verification_level': 0, 'guild_scheduled_events': [], 'incidents_data': None, 'vanity_url_code': None, 'activity_instances': [], 'unavailable': False, 'max_stage_video_channel_users': 50, 'nsfw_level': 0, 'premium_progress_bar_enabled_user_updated_at': None, 'nsfw': False, 'system_channel_flags': 0, 'premium_tier': 0, 'explicit_content_filter': 0, 'public_updates_channel_id': None, 'features': [], 'max_video_channel_users': 25, 'hub_type': None, 'version': 1774948838405, 'presences': [], 'banner': None, 'owner_id': '941848879672987658', 'game_application_ids': None, 'premium_progress_bar_enabled': False, 'emojis': [], 'icon': None, 'latest_onboarding_question_id': None}}
2026-04-01 12:29:57 [DEBUG] discord.client: Dispatching event socket_event_type
2026-04-01 12:29:57 [DEBUG] discord.client: Dispatching event guild_available
2026-04-01 12:29:59 [DEBUG] discord.client: Dispatching event ready
2026-04-01 12:30:00 [DEBUG] discord.http: PUT https://discord.com/api/v10/applications/1488466672359575694/commands with [{"name":"routes","description":"\u041f\u043e\u043a\u0430\u0437\u0430\u0442\u044c \u043c\u0430\u0440\u0448\u0440\u0443\u0442\u044b","type":1,"options":[],"nsfw":false,"dm_permission":true,"default_member_permissions":null,"contexts":null,"integration_types":null}] has returned 200
2026-04-01 12:30:00 [DEBUG] discord.http: PUT /applications/{application_id}/commands has found its initial rate limit bucket hash (3e32a240d3716487d7d8f6dae6c54f6b).
2026-04-01 12:30:00 [DEBUG] discord.http: PUT https://discord.com/api/v10/applications/1488466672359575694/commands has received [{'id': '1488470695997608007', 'application_id': '1488466672359575694', 'version': '1488470695997608008', 'default_member_permissions': None, 'type': 1, 'name': 'routes', 'name_localizations': None, 'description': 'Показать маршруты', 'description_localizations': None, 'dm_permission': True, 'contexts': None, 'integration_types': [0, 1], 'nsfw': False}]
2026-04-01 12:30:00 [INFO] adapters.discord.adapter: Discord adapter ready: BRIDGE#8720
2026-04-01 12:30:04 [DEBUG] websockets.client: > TEXT '{"ver": 11, "cmd": 0, "seq": 6, "opcode": 5, "p...id": 1775035796043}}]}}' [257 bytes]
2026-04-01 12:30:04 [DEBUG] websockets.client: < TEXT '{"ver":11,"cmd":1,"seq":6,"opcode":5,"payload":null}' [52 bytes]
2026-04-01 12:30:09 [DEBUG] websockets.client: < TEXT '{"ver":11,"cmd":0,"seq":2,"opcode":130,"payload...,"mark":1775035809346}}' [141 bytes]
2026-04-01 12:30:10 [DEBUG] websockets.client: > TEXT '{"ver": 11, "cmd": 0, "seq": 7, "opcode": 5, "p...id": 1775035796043}}]}}' [257 bytes]
2026-04-01 12:30:10 [DEBUG] websockets.client: < TEXT '{"ver":11,"cmd":1,"seq":7,"opcode":5,"payload":null}' [52 bytes]
2026-04-01 12:30:16 [DEBUG] websockets.client: > PING ce ea b8 a3 [binary, 4 bytes]
2026-04-01 12:30:16 [DEBUG] websockets.client: % sent keepalive ping
2026-04-01 12:30:16 [DEBUG] websockets.client: < PONG ce ea b8 a3 [binary, 4 bytes]
2026-04-01 12:30:16 [DEBUG] websockets.client: % received keepalive pong
2026-04-01 12:30:16 [DEBUG] websockets.client: < TEXT '{"ver":11,"cmd":0,"seq":3,"opcode":128,"payload...:"116328716909117365"}}' [964 bytes]
2026-04-01 12:30:16 [DEBUG] httpcore.connection: connect_tcp.started host='i.oneme.ru' port=443 local_address=None timeout=30 socket_options=None
2026-04-01 12:30:16 [DEBUG] httpcore.connection: connect_tcp.complete return_value=<httpcore._backends.anyio.AnyIOStream object at 0x10b38b770>
2026-04-01 12:30:16 [DEBUG] httpcore.connection: start_tls.started ssl_context=<ssl.SSLContext object at 0x10b2f6da0> server_hostname='i.oneme.ru' timeout=30
2026-04-01 12:30:16 [DEBUG] httpcore.connection: start_tls.complete return_value=<httpcore._backends.anyio.AnyIOStream object at 0x10b0d07d0>
2026-04-01 12:30:16 [DEBUG] httpcore.http11: send_request_headers.started request=<Request [b'GET']>
2026-04-01 12:30:16 [DEBUG] httpcore.http11: send_request_headers.complete
2026-04-01 12:30:16 [DEBUG] httpcore.http11: send_request_body.started request=<Request [b'GET']>
2026-04-01 12:30:16 [DEBUG] httpcore.http11: send_request_body.complete
2026-04-01 12:30:16 [DEBUG] httpcore.http11: receive_response_headers.started request=<Request [b'GET']>
2026-04-01 12:30:17 [DEBUG] httpcore.http11: receive_response_headers.complete return_value=(b'HTTP/1.1', 200, b'OK', [(b'Server', b'Apache'), (b'Date', b'Wed, 01 Apr 2026 09:30:17 GMT'), (b'Content-Type', b'image/webp'), (b'Content-Length', b'47868'), (b'Connection', b'keep-alive'), (b'Accept-Ranges', b'bytes'), (b'Last-Modified', b'Sat, 31 Jan 2026 09:30:17 GMT'), (b'Cache-Control', b'private, max-age=100000000'), (b'Expires', b'Sun, 27 Dec 2026 09:30:17 GMT'), (b'ETag', b'"686897696a7c876b7e"'), (b'Timing-Allow-Origin', b'*'), (b'Access-Control-Allow-Origin', b'*'), (b'X-Robots-Tag', b'noindex, nofollow, noarchive, nosnippet, noimageindex'), (b'X-OK-Image', b'?1')])
2026-04-01 12:30:17 [INFO] httpx: HTTP Request: GET https://i.oneme.ru/i?r=BTE2sh_eZW7g8kugOdIm2NotrTAN0E9B2Q2aUdAAkgiwBDXEuWB1deLcHq0eIThDLAI "HTTP/1.1 200 OK"
2026-04-01 12:30:17 [DEBUG] httpcore.http11: receive_response_body.started request=<Request [b'GET']>
2026-04-01 12:30:17 [DEBUG] httpcore.http11: receive_response_body.complete
2026-04-01 12:30:17 [DEBUG] httpcore.http11: response_closed.started
2026-04-01 12:30:17 [DEBUG] httpcore.http11: response_closed.complete
2026-04-01 12:30:17 [DEBUG] httpcore.connection: close.started
2026-04-01 12:30:17 [DEBUG] httpcore.connection: close.complete
2026-04-01 12:30:17 [INFO] pymax.core: Fetching users count=1
2026-04-01 12:30:17 [DEBUG] websockets.client: > TEXT '{"ver": 11, "cmd": 0, "seq": 8, "opcode": 32, "...tactIds": [229703329]}}' [85 bytes]
2026-04-01 12:30:23 [DEBUG] websockets.client: < EOF
2026-04-01 12:30:23 [DEBUG] websockets.client: < EOF
2026-04-01 12:30:23 [DEBUG] websockets.client: > EOF
2026-04-01 12:30:23 [DEBUG] websockets.client: = connection is CLOSED
2026-04-01 12:30:23 [DEBUG] websockets.client: x closing TCP connection
2026-04-01 12:30:23 [INFO] pymax.core: Client start() cleaned up
2026-04-01 12:30:23 [INFO] pymax.core: Reconnect enabled — restarting client
2026-04-01 12:30:24 [INFO] pymax.core: Connecting to WebSocket wss://ws-api.oneme.ru/websocket
2026-04-01 12:30:25 [DEBUG] websockets.client: = connection is CONNECTING
2026-04-01 12:30:25 [DEBUG] websockets.client: > GET /websocket HTTP/1.1
2026-04-01 12:30:25 [DEBUG] websockets.client: > Host: ws-api.oneme.ru
2026-04-01 12:30:25 [DEBUG] websockets.client: > Origin: https://web.max.ru
2026-04-01 12:30:25 [DEBUG] websockets.client: > Upgrade: websocket
2026-04-01 12:30:25 [DEBUG] websockets.client: > Connection: Upgrade
2026-04-01 12:30:25 [DEBUG] websockets.client: > Sec-WebSocket-Key: KHPzs733JSZDIsyjvCBjxA==
2026-04-01 12:30:25 [DEBUG] websockets.client: > Sec-WebSocket-Version: 13
2026-04-01 12:30:25 [DEBUG] websockets.client: > Sec-WebSocket-Extensions: permessage-deflate; client_max_window_bits
2026-04-01 12:30:25 [DEBUG] websockets.client: > User-Agent: Mozilla/5.0 (Macintosh; Intel Mac OS X 14) AppleWebKit/537.36 (KHTML, like Gecko) Chrome/119.0.0.0 Safari/537.36 Edg/119.0.0.0
2026-04-01 12:30:25 [DEBUG] websockets.client: < HTTP/1.1 101 Switching Protocols
2026-04-01 12:30:25 [DEBUG] websockets.client: < upgrade: websocket
2026-04-01 12:30:25 [DEBUG] websockets.client: < connection: upgrade
2026-04-01 12:30:25 [DEBUG] websockets.client: < sec-websocket-accept: wKVH46w1xiKGdZjKfHuiK8erDrE=
2026-04-01 12:30:25 [DEBUG] websockets.client: < sec-websocket-extensions: permessage-deflate
2026-04-01 12:30:25 [DEBUG] websockets.client: = connection is OPEN
2026-04-01 12:30:25 [INFO] pymax.core: WebSocket connected, starting handshake
2026-04-01 12:30:25 [DEBUG] websockets.client: > TEXT '{"ver": 11, "cmd": 0, "seq": 9, "opcode": 6, "p..."buildNumber": 38859}}}' [509 bytes]
2026-04-01 12:30:25 [DEBUG] websockets.client: < TEXT '{"ver":11,"cmd":1,"seq":9,"opcode":6,"payload":..."GE"],"location":"RU"}}' [153 bytes]
2026-04-01 12:30:25 [INFO] pymax.core: Handshake completed
2026-04-01 12:30:25 [INFO] pymax.core: Starting initial sync
2026-04-01 12:30:25 [DEBUG] websockets.client: > TEXT '{"ver": 11, "cmd": 0, "seq": 10, "opcode": 19, ..."buildNumber": 38859}}}' [1293 bytes]
2026-04-01 12:30:26 [DEBUG] websockets.client: < TEXT '{"ver":11,"cmd":1,"seq":10,"opcode":19,"payload...4NTrwDxQwKbuwA3D1A3Y"}}' [10952 bytes]
2026-04-01 12:30:26 [DEBUG] websockets.client: < TEXT '{"ver":11,"cmd":0,"seq":1,"opcode":292,"payload...6,"showTime":86400000}}' [111 bytes]
2026-04-01 12:30:26 [INFO] pymax.core: Sync completed: dialogs=6 chats=4 channels=0
2026-04-01 12:30:26 [INFO] adapters.max.adapter: Max adapter started, 10 chats registered
2026-04-01 12:30:26 [DEBUG] websockets.client: > TEXT '{"ver": 11, "cmd": 0, "seq": 11, "opcode": 1, "... {"interactive": true}}' [79 bytes]
2026-04-01 12:30:26 [DEBUG] websockets.client: > TEXT '{"ver": 11, "cmd": 0, "seq": 12, "opcode": 5, "...id": 1775035796043}}]}}' [263 bytes]
2026-04-01 12:30:26 [DEBUG] websockets.client: < TEXT '{"ver":11,"cmd":1,"seq":11,"opcode":1,"payload":null}' [53 bytes]
2026-04-01 12:30:26 [DEBUG] websockets.client: < TEXT '{"ver":11,"cmd":1,"seq":12,"opcode":5,"payload":null}' [53 bytes]
2026-04-01 12:30:26 [DEBUG] websockets.client: > TEXT '{"ver": 11, "cmd": 0, "seq": 13, "opcode": 5, "...id": 1775035796043}}]}}' [258 bytes]
2026-04-01 12:30:26 [DEBUG] websockets.client: < TEXT '{"ver":11,"cmd":1,"seq":13,"opcode":5,"payload":null}' [53 bytes]
2026-04-01 12:30:38 [DEBUG] discord.gateway: Keeping shard ID None websocket alive with sequence 2.
2026-04-01 12:30:38 [DEBUG] discord.gateway: For Shard ID None: WebSocket Event: {'t': None, 's': None, 'op': 11, 'd': None}
2026-04-01 12:30:45 [DEBUG] websockets.client: > PING ec 0e 05 f3 [binary, 4 bytes]
2026-04-01 12:30:45 [DEBUG] websockets.client: % sent keepalive ping
2026-04-01 12:30:45 [DEBUG] websockets.client: < PONG ec 0e 05 f3 [binary, 4 bytes]
2026-04-01 12:30:45 [DEBUG] websockets.client: % received keepalive pong
2026-04-01 12:30:56 [DEBUG] websockets.client: > TEXT '{"ver": 11, "cmd": 0, "seq": 14, "opcode": 1, "... {"interactive": true}}' [79 bytes]
2026-04-01 12:30:56 [DEBUG] websockets.client: < TEXT '{"ver":11,"cmd":1,"seq":14,"opcode":1,"payload":null}' [53 bytes]
2026-04-01 12:30:56 [INFO] aiogram.event: Update id=897338254 is handled. Duration 741 ms by bot id=8289166189
2026-04-01 12:31:05 [DEBUG] websockets.client: > PING b4 e8 9b cc [binary, 4 bytes]
2026-04-01 12:31:05 [DEBUG] websockets.client: % sent keepalive ping
2026-04-01 12:31:05 [DEBUG] websockets.client: < PONG b4 e8 9b cc [binary, 4 bytes]
2026-04-01 12:31:05 [DEBUG] websockets.client: % received keepalive pong
2026-04-01 12:31:19 [DEBUG] discord.gateway: Keeping shard ID None websocket alive with sequence 2.
2026-04-01 12:31:19 [DEBUG] discord.gateway: For Shard ID None: WebSocket Event: {'t': None, 's': None, 'op': 11, 'd': None}
2026-04-01 12:31:25 [DEBUG] websockets.client: > PING 45 f8 d0 df [binary, 4 bytes]
2026-04-01 12:31:25 [DEBUG] websockets.client: % sent keepalive ping
2026-04-01 12:31:25 [DEBUG] websockets.client: < PONG 45 f8 d0 df [binary, 4 bytes]
2026-04-01 12:31:25 [DEBUG] websockets.client: % received keepalive pong
2026-04-01 12:31:26 [DEBUG] websockets.client: > TEXT '{"ver": 11, "cmd": 0, "seq": 15, "opcode": 1, "... {"interactive": true}}' [79 bytes]
2026-04-01 12:31:26 [DEBUG] websockets.client: < TEXT '{"ver":11,"cmd":1,"seq":15,"opcode":1,"payload":null}' [53 bytes]
2026-04-01 12:31:45 [DEBUG] websockets.client: > PING e1 94 09 18 [binary, 4 bytes]
2026-04-01 12:31:45 [DEBUG] websockets.client: % sent keepalive ping
2026-04-01 12:31:45 [DEBUG] websockets.client: < PONG e1 94 09 18 [binary, 4 bytes]
2026-04-01 12:31:45 [DEBUG] websockets.client: % received keepalive pong
2026-04-01 12:31:50 [DEBUG] websockets.client: < TEXT '{"ver":11,"cmd":0,"seq":2,"opcode":128,"payload...:"116328747282431925"}}' [964 bytes]
2026-04-01 12:31:50 [DEBUG] httpcore.connection: connect_tcp.started host='i.oneme.ru' port=443 local_address=None timeout=30 socket_options=None
2026-04-01 12:31:50 [DEBUG] httpcore.connection: connect_tcp.complete return_value=<httpcore._backends.anyio.AnyIOStream object at 0x10b48d090>
2026-04-01 12:31:50 [DEBUG] httpcore.connection: start_tls.started ssl_context=<ssl.SSLContext object at 0x10af5ea00> server_hostname='i.oneme.ru' timeout=30
2026-04-01 12:31:50 [DEBUG] httpcore.connection: start_tls.complete return_value=<httpcore._backends.anyio.AnyIOStream object at 0x10b3dc510>
2026-04-01 12:31:50 [DEBUG] httpcore.http11: send_request_headers.started request=<Request [b'GET']>
2026-04-01 12:31:50 [DEBUG] httpcore.http11: send_request_headers.complete
2026-04-01 12:31:50 [DEBUG] httpcore.http11: send_request_body.started request=<Request [b'GET']>
2026-04-01 12:31:50 [DEBUG] httpcore.http11: send_request_body.complete
2026-04-01 12:31:50 [DEBUG] httpcore.http11: receive_response_headers.started request=<Request [b'GET']>
2026-04-01 12:31:51 [DEBUG] httpcore.http11: receive_response_headers.complete return_value=(b'HTTP/1.1', 200, b'OK', [(b'Server', b'Apache'), (b'Date', b'Wed, 01 Apr 2026 09:31:51 GMT'), (b'Content-Type', b'image/webp'), (b'Content-Length', b'47868'), (b'Connection', b'keep-alive'), (b'Accept-Ranges', b'bytes'), (b'Last-Modified', b'Sat, 31 Jan 2026 09:31:51 GMT'), (b'Cache-Control', b'private, max-age=100000000'), (b'Expires', b'Sun, 27 Dec 2026 09:31:51 GMT'), (b'ETag', b'"686897696a7c876b7e"'), (b'Timing-Allow-Origin', b'*'), (b'Access-Control-Allow-Origin', b'*'), (b'X-Robots-Tag', b'noindex, nofollow, noarchive, nosnippet, noimageindex'), (b'X-OK-Image', b'?1')])
2026-04-01 12:31:51 [INFO] httpx: HTTP Request: GET https://i.oneme.ru/i?r=BTE2sh_eZW7g8kugOdIm2NotrTAN0E9B2Q2aUdAAkgiwBDXEuWB1deLcHq0eIThDLAI "HTTP/1.1 200 OK"
2026-04-01 12:31:51 [DEBUG] httpcore.http11: receive_response_body.started request=<Request [b'GET']>
2026-04-01 12:31:51 [DEBUG] httpcore.http11: receive_response_body.complete
2026-04-01 12:31:51 [DEBUG] httpcore.http11: response_closed.started
2026-04-01 12:31:51 [DEBUG] httpcore.http11: response_closed.complete
2026-04-01 12:31:51 [DEBUG] httpcore.connection: close.started
2026-04-01 12:31:51 [DEBUG] httpcore.connection: close.complete
2026-04-01 12:31:51 [INFO] pymax.core: Fetching users count=1
2026-04-01 12:31:51 [DEBUG] websockets.client: > TEXT '{"ver": 11, "cmd": 0, "seq": 16, "opcode": 32, ...tactIds": [229703329]}}' [86 bytes]
2026-04-01 12:31:51 [DEBUG] websockets.client: < TEXT '{"ver":11,"cmd":1,"seq":16,"opcode":32,"payload...8212,"id":229703329}]}}' [246 bytes]
2026-04-01 12:31:56 [DEBUG] websockets.client: > TEXT '{"ver": 11, "cmd": 0, "seq": 17, "opcode": 1, "... {"interactive": true}}' [79 bytes]
2026-04-01 12:31:56 [DEBUG] websockets.client: < TEXT '{"ver":11,"cmd":1,"seq":17,"opcode":1,"payload":null}' [53 bytes]
2026-04-01 12:31:56 [DEBUG] discord.gateway: Received WSMessage(type=<WSMsgType.CLOSED: 257>, data=None, extra=None)
2026-04-01 12:31:56 [DEBUG] discord.gateway: Websocket closed with 1006, attempting a reconnect.
2026-04-01 12:31:56 [DEBUG] discord.client: Got a request to RESUME the websocket.
2026-04-01 12:31:56 [DEBUG] discord.client: Dispatching event disconnect
2026-04-01 12:31:57 [DEBUG] discord.gateway: Created websocket connected to wss://gateway-us-east1-d.discord.gg
2026-04-01 12:31:57 [DEBUG] discord.gateway: For Shard ID None: WebSocket Event: {'t': None, 's': None, 'op': 10, 'd': {'heartbeat_interval': 41250, '_trace': ['["gateway-prd-arm-us-east1-d-g4lf",{"micros":0.0}]']}}
2026-04-01 12:31:57 [DEBUG] discord.gateway: Shard ID None has sent the RESUME payload.
2026-04-01 12:31:57 [DEBUG] discord.gateway: For Shard ID None: WebSocket Event: {'t': None, 's': None, 'op': 11, 'd': None}
2026-04-01 12:31:57 [DEBUG] discord.gateway: For Shard ID None: WebSocket Event: {'t': 'RESUMED', 's': 3, 'op': 0, 'd': {'_trace': ['["gateway-prd-arm-us-east1-d-g4lf",{"micros":8401,"calls":["id_created",{"micros":0,"calls":[]},"session_lookup_time",{"micros":5320,"calls":[]},"session_lookup_finished",{"micros":9,"calls":[]},"sessions-prd-gcp-us-east1-d-24",{"micros":15}]}]']}}
2026-04-01 12:31:57 [DEBUG] discord.client: Dispatching event socket_event_type
2026-04-01 12:31:57 [INFO] discord.gateway: Shard ID None has successfully RESUMED session 509b1e05d4d54840b8c860cef41ccc22.
2026-04-01 12:31:57 [DEBUG] discord.client: Dispatching event resumed
2026-04-01 12:32:05 [DEBUG] websockets.client: > PING 8f 14 b8 04 [binary, 4 bytes]
2026-04-01 12:32:05 [DEBUG] websockets.client: % sent keepalive ping
2026-04-01 12:32:05 [DEBUG] websockets.client: < PONG 8f 14 b8 04 [binary, 4 bytes]
2026-04-01 12:32:05 [DEBUG] websockets.client: % received keepalive pong
2026-04-01 12:32:11 [ERROR] pymax.core: Send and wait failed (opcode=Opcode.CONTACT_INFO, seq=16)
Traceback (most recent call last):
  File "/opt/homebrew/Cellar/python@3.14/3.14.3_1/Frameworks/Python.framework/Versions/3.14/lib/python3.14/asyncio/tasks.py", line 488, in wait_for
    return await fut
           ^^^^^^^^^
asyncio.exceptions.CancelledError

The above exception was the direct cause of the following exception:

Traceback (most recent call last):
  File "/Users/minotaur/Project/TIHA-Bridge/.venv/lib/python3.14/site-packages/pymax/mixins/websocket.py", line 130, in _send_and_wait
    data = await asyncio.wait_for(fut, timeout=timeout)
           ^^^^^^^^^^^^^^^^^^^^^^^^^^^^^^^^^^^^^^^^^^^^
  File "/opt/homebrew/Cellar/python@3.14/3.14.3_1/Frameworks/Python.framework/Versions/3.14/lib/python3.14/asyncio/tasks.py", line 487, in wait_for
    async with timeouts.timeout(timeout):
               ~~~~~~~~~~~~~~~~^^^^^^^^^
  File "/opt/homebrew/Cellar/python@3.14/3.14.3_1/Frameworks/Python.framework/Versions/3.14/lib/python3.14/asyncio/timeouts.py", line 114, in __aexit__
    raise TimeoutError from exc_val
TimeoutError
2026-04-01 12:32:11 [DEBUG] core.identity: Max user resolve failed for 229703329: Send and wait failed
2026-04-01 12:32:11 [DEBUG] core.bus: Queued 205c046a-c1b3-4e29-829b-268f9f9f23ed → telegram/-1003612718582
2026-04-01 12:32:11 [DEBUG] websockets.client: > TEXT '{"ver": 11, "cmd": 0, "seq": 18, "opcode": 128,... "116328753452187573"}}' [122 bytes]
2026-04-01 12:32:11 [DEBUG] websockets.client: < TEXT '{"ver":11,"cmd":3,"seq":18,"opcode":128,"payloa...:"Неизвестный opcode"}}' [199 bytes]
2026-04-01 12:32:11 [DEBUG] websockets.client: < EOF
2026-04-01 12:32:11 [DEBUG] websockets.client: < EOF
2026-04-01 12:32:11 [DEBUG] websockets.client: > EOF
2026-04-01 12:32:11 [DEBUG] websockets.client: = connection is CLOSED
2026-04-01 12:32:11 [DEBUG] websockets.client: x closing TCP connection
2026-04-01 12:32:11 [INFO] pymax.core: Client start() cleaned up
2026-04-01 12:32:11 [INFO] pymax.core: Reconnect enabled — restarting client
2026-04-01 12:32:11 [INFO] core.bus: Delivered 205c046a-c1b3-4e29-829b-268f9f9f23ed → telegram/-1003612718582
2026-04-01 12:32:12 [INFO] pymax.core: Connecting to WebSocket wss://ws-api.oneme.ru/websocket
2026-04-01 12:32:12 [DEBUG] websockets.client: = connection is CONNECTING
2026-04-01 12:32:12 [DEBUG] websockets.client: > GET /websocket HTTP/1.1
2026-04-01 12:32:12 [DEBUG] websockets.client: > Host: ws-api.oneme.ru
2026-04-01 12:32:12 [DEBUG] websockets.client: > Origin: https://web.max.ru
2026-04-01 12:32:12 [DEBUG] websockets.client: > Upgrade: websocket
2026-04-01 12:32:12 [DEBUG] websockets.client: > Connection: Upgrade
2026-04-01 12:32:12 [DEBUG] websockets.client: > Sec-WebSocket-Key: e03WIgcTGSGLFIb5JwnnBA==
2026-04-01 12:32:12 [DEBUG] websockets.client: > Sec-WebSocket-Version: 13
2026-04-01 12:32:12 [DEBUG] websockets.client: > Sec-WebSocket-Extensions: permessage-deflate; client_max_window_bits
2026-04-01 12:32:12 [DEBUG] websockets.client: > User-Agent: Mozilla/5.0 (Macintosh; Intel Mac OS X 14) AppleWebKit/537.36 (KHTML, like Gecko) Chrome/119.0.0.0 Safari/537.36 Edg/119.0.0.0
2026-04-01 12:32:12 [DEBUG] websockets.client: < HTTP/1.1 101 Switching Protocols
2026-04-01 12:32:12 [DEBUG] websockets.client: < upgrade: websocket
2026-04-01 12:32:12 [DEBUG] websockets.client: < connection: upgrade
2026-04-01 12:32:12 [DEBUG] websockets.client: < sec-websocket-accept: 0X8kWq7Hm0Pz+wdCWGe2GeDfAU8=
2026-04-01 12:32:12 [DEBUG] websockets.client: < sec-websocket-extensions: permessage-deflate
2026-04-01 12:32:12 [DEBUG] websockets.client: = connection is OPEN
2026-04-01 12:32:12 [INFO] pymax.core: WebSocket connected, starting handshake
2026-04-01 12:32:12 [DEBUG] websockets.client: > TEXT '{"ver": 11, "cmd": 0, "seq": 19, "opcode": 6, "..."buildNumber": 38859}}}' [510 bytes]
2026-04-01 12:32:12 [DEBUG] websockets.client: < TEXT '{"ver":11,"cmd":1,"seq":19,"opcode":6,"payload"..."GE"],"location":"RU"}}' [154 bytes]
2026-04-01 12:32:12 [INFO] pymax.core: Handshake completed
2026-04-01 12:32:12 [INFO] pymax.core: Starting initial sync
2026-04-01 12:32:12 [DEBUG] websockets.client: > TEXT '{"ver": 11, "cmd": 0, "seq": 20, "opcode": 19, ..."buildNumber": 38859}}}' [1293 bytes]
2026-04-01 12:32:12 [DEBUG] websockets.client: < TEXT '{"ver":11,"cmd":1,"seq":20,"opcode":19,"payload...a9xHdDV_C1P8qIa-qqsw"}}' [10952 bytes]
2026-04-01 12:32:12 [DEBUG] websockets.client: < TEXT '{"ver":11,"cmd":0,"seq":1,"opcode":292,"payload...6,"showTime":86400000}}' [111 bytes]
2026-04-01 12:32:12 [INFO] pymax.core: Sync completed: dialogs=9 chats=6 channels=0
2026-04-01 12:32:12 [INFO] adapters.max.adapter: Max adapter started, 15 chats registered
2026-04-01 12:32:12 [DEBUG] websockets.client: > TEXT '{"ver": 11, "cmd": 0, "seq": 21, "opcode": 1, "... {"interactive": true}}' [79 bytes]
2026-04-01 12:32:12 [DEBUG] websockets.client: > TEXT '{"ver": 11, "cmd": 0, "seq": 22, "opcode": 5, "...id": 1775035796043}}]}}' [263 bytes]
2026-04-01 12:32:12 [DEBUG] websockets.client: < TEXT '{"ver":11,"cmd":1,"seq":21,"opcode":1,"payload":null}' [53 bytes]
2026-04-01 12:32:12 [DEBUG] websockets.client: < TEXT '{"ver":11,"cmd":1,"seq":22,"opcode":5,"payload":null}' [53 bytes]
2026-04-01 12:32:12 [DEBUG] websockets.client: > TEXT '{"ver": 11, "cmd": 0, "seq": 23, "opcode": 5, "...id": 1775035796043}}]}}' [258 bytes]
2026-04-01 12:32:12 [DEBUG] websockets.client: < TEXT '{"ver":11,"cmd":1,"seq":23,"opcode":5,"payload":null}' [53 bytes]
2026-04-01 12:32:32 [DEBUG] websockets.client: > PING 9c ad 33 c3 [binary, 4 bytes]
2026-04-01 12:32:32 [DEBUG] websockets.client: % sent keepalive ping
2026-04-01 12:32:32 [DEBUG] websockets.client: < PONG 9c ad 33 c3 [binary, 4 bytes]
2026-04-01 12:32:32 [DEBUG] websockets.client: % received keepalive pong
2026-04-01 12:32:38 [DEBUG] discord.gateway: Keeping shard ID None websocket alive with sequence 3.
2026-04-01 12:32:38 [DEBUG] discord.gateway: For Shard ID None: WebSocket Event: {'t': None, 's': None, 'op': 11, 'd': None}
2026-04-01 12:32:42 [INFO] aiogram.event: Update id=897338255 is handled. Duration 513 ms by bot id=8289166189
2026-04-01 12:32:42 [DEBUG] websockets.client: > TEXT '{"ver": 11, "cmd": 0, "seq": 24, "opcode": 1, "... {"interactive": true}}' [79 bytes]
2026-04-01 12:32:42 [DEBUG] websockets.client: < TEXT '{"ver":11,"cmd":1,"seq":24,"opcode":1,"payload":null}' [53 bytes]
2026-04-01 12:32:44 [INFO] aiogram.event: Update id=897338256 is handled. Duration 730 ms by bot id=8289166189
2026-04-01 12:32:46 [INFO] aiogram.event: Update id=897338257 is handled. Duration 243 ms by bot id=8289166189
2026-04-01 12:32:47 [DEBUG] websockets.client: > TEXT '{"ver": 11, "cmd": 0, "seq": 25, "opcode": 5, "...id": 1775035796043}}]}}' [259 bytes]
2026-04-01 12:32:49 [DEBUG] websockets.client: < TEXT '{"ver":11,"cmd":1,"seq":25,"opcode":5,"payload":null}' [53 bytes]
2026-04-01 12:32:50 [INFO] aiogram.event: Update id=897338258 is handled. Duration 2 ms by bot id=8289166189
2026-04-01 12:32:50 [INFO] pymax.core: Sending message to chat_id=165135657 notify=True
2026-04-01 12:32:50 [DEBUG] websockets.client: > TEXT '{"ver": 11, "cmd": 0, "seq": 26, "opcode": 64, ...null}, "notify": true}}' [221 bytes]
2026-04-01 12:32:50 [DEBUG] websockets.client: < TEXT '{"ver":11,"cmd":1,"seq":26,"opcode":64,"payload...,"mark":1775035970167}}' [250 bytes]
2026-04-01 12:32:52 [DEBUG] websockets.client: > PING 34 0d aa b3 [binary, 4 bytes]
2026-04-01 12:32:52 [DEBUG] websockets.client: % sent keepalive ping
2026-04-01 12:32:52 [DEBUG] websockets.client: < PONG 34 0d aa b3 [binary, 4 bytes]
2026-04-01 12:32:52 [DEBUG] websockets.client: % received keepalive pong
2026-04-01 12:32:55 [DEBUG] websockets.client: < TEXT '{"ver":11,"cmd":0,"seq":2,"opcode":132,"payload...:1},"userId":73874312}}' [111 bytes]
2026-04-01 12:32:55 [DEBUG] websockets.client: < TEXT '{"ver":11,"cmd":0,"seq":3,"opcode":130,"payload...,"mark":1775035975596}}' [129 bytes]
2026-04-01 12:32:56 [INFO] aiogram.event: Update id=897338259 is handled. Duration 2 ms by bot id=8289166189
2026-04-01 12:32:56 [INFO] pymax.core: Sending message to chat_id=165135657 notify=True
2026-04-01 12:32:56 [DEBUG] websockets.client: > TEXT '{"ver": 11, "cmd": 0, "seq": 27, "opcode": 64, ...null}, "notify": true}}' [256 bytes]
2026-04-01 12:32:56 [DEBUG] websockets.client: < TEXT '{"ver":11,"cmd":1,"seq":27,"opcode":64,"payload...,"mark":1775035976678}}' [261 bytes]
2026-04-01 12:32:57 [DEBUG] websockets.client: < TEXT '{"ver":11,"cmd":0,"seq":4,"opcode":130,"payload...,"mark":1775035977139}}' [129 bytes]
2026-04-01 12:32:57 [DEBUG] websockets.client: < TEXT '{"ver":11,"cmd":0,"seq":5,"opcode":129,"payload...657,"userId":73874312}}' [88 bytes]
2026-04-01 12:32:59 [DEBUG] websockets.client: < TEXT '{"ver":11,"cmd":0,"seq":6,"opcode":128,"payload...:"116328757767573167"}}' [268 bytes]
2026-04-01 12:32:59 [INFO] pymax.core: Fetching users count=1
2026-04-01 12:32:59 [DEBUG] websockets.client: > TEXT '{"ver": 11, "cmd": 0, "seq": 28, "opcode": 32, ...ntactIds": [73874312]}}' [85 bytes]
2026-04-01 12:32:59 [DEBUG] websockets.client: < TEXT '{"ver":11,"cmd":1,"seq":28,"opcode":32,"payload...WB1deLcHq0eIThDLAI"}]}}' [494 bytes]
2026-04-01 12:33:02 [DEBUG] websockets.client: > TEXT '{"ver": 11, "cmd": 0, "seq": 29, "opcode": 5, "...id": 1775035796043}}]}}' [259 bytes]
2026-04-01 12:33:02 [DEBUG] websockets.client: < TEXT '{"ver":11,"cmd":1,"seq":29,"opcode":5,"payload":null}' [53 bytes]
2026-04-01 12:33:03 [DEBUG] websockets.client: < TEXT '{"ver":11,"cmd":0,"seq":7,"opcode":129,"payload...657,"userId":73874312}}' [88 bytes]
2026-04-01 12:33:03 [INFO] aiogram.event: Update id=897338260 is handled. Duration 373 ms by bot id=8289166189
2026-04-01 12:33:04 [DEBUG] websockets.client: < TEXT '{"ver":11,"cmd":0,"seq":8,"opcode":128,"payload...:"116328757925580586"}}' [472 bytes]
2026-04-01 12:33:06 [INFO] aiogram.event: Update id=897338261 is handled. Duration 298 ms by bot id=8289166189
2026-04-01 12:33:08 [INFO] aiogram.event: Update id=897338262 is handled. Duration 611 ms by bot id=8289166189
2026-04-01 12:33:09 [INFO] aiogram.event: Update id=897338263 is handled. Duration 265 ms by bot id=8289166189
2026-04-01 12:33:11 [INFO] aiogram.event: Update id=897338264 is handled. Duration 584 ms by bot id=8289166189
2026-04-01 12:33:12 [DEBUG] websockets.client: > PING cd e6 51 11 [binary, 4 bytes]
2026-04-01 12:33:12 [DEBUG] websockets.client: % sent keepalive ping
2026-04-01 12:33:12 [DEBUG] websockets.client: < PONG cd e6 51 11 [binary, 4 bytes]
2026-04-01 12:33:12 [DEBUG] websockets.client: % received keepalive pong
2026-04-01 12:33:12 [DEBUG] websockets.client: > TEXT '{"ver": 11, "cmd": 0, "seq": 30, "opcode": 1, "... {"interactive": true}}' [79 bytes]
2026-04-01 12:33:12 [DEBUG] websockets.client: < TEXT '{"ver":11,"cmd":1,"seq":30,"opcode":1,"payload":null}' [53 bytes]
2026-04-01 12:33:19 [ERROR] pymax.core: Send and wait failed (opcode=Opcode.CONTACT_INFO, seq=28)
Traceback (most recent call last):
  File "/opt/homebrew/Cellar/python@3.14/3.14.3_1/Frameworks/Python.framework/Versions/3.14/lib/python3.14/asyncio/tasks.py", line 488, in wait_for
    return await fut
           ^^^^^^^^^
asyncio.exceptions.CancelledError

The above exception was the direct cause of the following exception:

Traceback (most recent call last):
  File "/Users/minotaur/Project/TIHA-Bridge/.venv/lib/python3.14/site-packages/pymax/mixins/websocket.py", line 130, in _send_and_wait
    data = await asyncio.wait_for(fut, timeout=timeout)
           ^^^^^^^^^^^^^^^^^^^^^^^^^^^^^^^^^^^^^^^^^^^^
  File "/opt/homebrew/Cellar/python@3.14/3.14.3_1/Frameworks/Python.framework/Versions/3.14/lib/python3.14/asyncio/tasks.py", line 487, in wait_for
    async with timeouts.timeout(timeout):
               ~~~~~~~~~~~~~~~~^^^^^^^^^
  File "/opt/homebrew/Cellar/python@3.14/3.14.3_1/Frameworks/Python.framework/Versions/3.14/lib/python3.14/asyncio/timeouts.py", line 114, in __aexit__
    raise TimeoutError from exc_val
TimeoutError
2026-04-01 12:33:19 [DEBUG] core.identity: Max user resolve failed for 73874312: Send and wait failed
2026-04-01 12:33:19 [DEBUG] core.bus: No routes for max/165135657 — dropping
2026-04-01 12:33:19 [DEBUG] websockets.client: > TEXT '{"ver": 11, "cmd": 0, "seq": 31, "opcode": 128,... "116328757925580586"}}' [116 bytes]
2026-04-01 12:33:19 [DEBUG] discord.gateway: Keeping shard ID None websocket alive with sequence 3.
2026-04-01 12:33:19 [DEBUG] websockets.client: < TEXT '{"ver":11,"cmd":3,"seq":31,"opcode":128,"payloa...:"Неизвестный opcode"}}' [199 bytes]
2026-04-01 12:33:19 [DEBUG] websockets.client: < EOF
2026-04-01 12:33:19 [DEBUG] websockets.client: < EOF
2026-04-01 12:33:19 [DEBUG] websockets.client: > EOF
2026-04-01 12:33:19 [DEBUG] websockets.client: = connection is CLOSED
2026-04-01 12:33:19 [DEBUG] websockets.client: x closing TCP connection
2026-04-01 12:33:19 [INFO] pymax.core: Client start() cleaned up
2026-04-01 12:33:19 [INFO] pymax.core: Reconnect enabled — restarting client
2026-04-01 12:33:20 [DEBUG] discord.gateway: For Shard ID None: WebSocket Event: {'t': None, 's': None, 'op': 11, 'd': None}
2026-04-01 12:33:20 [INFO] pymax.core: Connecting to WebSocket wss://ws-api.oneme.ru/websocket
2026-04-01 12:33:21 [DEBUG] websockets.client: = connection is CONNECTING
2026-04-01 12:33:21 [DEBUG] websockets.client: > GET /websocket HTTP/1.1
2026-04-01 12:33:21 [DEBUG] websockets.client: > Host: ws-api.oneme.ru
2026-04-01 12:33:21 [DEBUG] websockets.client: > Origin: https://web.max.ru
2026-04-01 12:33:21 [DEBUG] websockets.client: > Upgrade: websocket
2026-04-01 12:33:21 [DEBUG] websockets.client: > Connection: Upgrade
2026-04-01 12:33:21 [DEBUG] websockets.client: > Sec-WebSocket-Key: Gek37yjS2PE/mFnC/6HVCA==
2026-04-01 12:33:21 [DEBUG] websockets.client: > Sec-WebSocket-Version: 13
2026-04-01 12:33:21 [DEBUG] websockets.client: > Sec-WebSocket-Extensions: permessage-deflate; client_max_window_bits
2026-04-01 12:33:21 [DEBUG] websockets.client: > User-Agent: Mozilla/5.0 (Macintosh; Intel Mac OS X 14) AppleWebKit/537.36 (KHTML, like Gecko) Chrome/119.0.0.0 Safari/537.36 Edg/119.0.0.0
2026-04-01 12:33:21 [DEBUG] websockets.client: < HTTP/1.1 101 Switching Protocols
2026-04-01 12:33:21 [DEBUG] websockets.client: < upgrade: websocket
2026-04-01 12:33:21 [DEBUG] websockets.client: < connection: upgrade
2026-04-01 12:33:21 [DEBUG] websockets.client: < sec-websocket-accept: nBbWcuj+q5jGoEm663DMUQjlXG8=
2026-04-01 12:33:21 [DEBUG] websockets.client: < sec-websocket-extensions: permessage-deflate
2026-04-01 12:33:21 [DEBUG] websockets.client: = connection is OPEN
2026-04-01 12:33:21 [INFO] pymax.core: WebSocket connected, starting handshake
2026-04-01 12:33:21 [DEBUG] websockets.client: > TEXT '{"ver": 11, "cmd": 0, "seq": 32, "opcode": 6, "..."buildNumber": 38859}}}' [510 bytes]
2026-04-01 12:33:21 [DEBUG] websockets.client: < TEXT '{"ver":11,"cmd":1,"seq":32,"opcode":6,"payload"..."GE"],"location":"RU"}}' [154 bytes]
2026-04-01 12:33:21 [INFO] pymax.core: Handshake completed
2026-04-01 12:33:21 [INFO] pymax.core: Starting initial sync
2026-04-01 12:33:21 [DEBUG] websockets.client: > TEXT '{"ver": 11, "cmd": 0, "seq": 33, "opcode": 19, ..."buildNumber": 38859}}}' [1293 bytes]
2026-04-01 12:33:21 [DEBUG] websockets.client: < TEXT '{"ver":11,"cmd":1,"seq":33,"opcode":19,"payload...XReWeoHESV4S4sc-qeig"}}' [10931 bytes]
2026-04-01 12:33:21 [DEBUG] websockets.client: < TEXT '{"ver":11,"cmd":0,"seq":1,"opcode":292,"payload...6,"showTime":86400000}}' [111 bytes]
2026-04-01 12:33:21 [INFO] pymax.core: Sync completed: dialogs=12 chats=8 channels=0
2026-04-01 12:33:21 [INFO] adapters.max.adapter: Max adapter started, 20 chats registered
2026-04-01 12:33:21 [DEBUG] websockets.client: > TEXT '{"ver": 11, "cmd": 0, "seq": 34, "opcode": 1, "... {"interactive": true}}' [79 bytes]
2026-04-01 12:33:21 [DEBUG] websockets.client: > TEXT '{"ver": 11, "cmd": 0, "seq": 35, "opcode": 5, "...id": 1775035796043}}]}}' [264 bytes]
2026-04-01 12:33:21 [DEBUG] websockets.client: < TEXT '{"ver":11,"cmd":1,"seq":34,"opcode":1,"payload":null}' [53 bytes]
2026-04-01 12:33:21 [DEBUG] websockets.client: < TEXT '{"ver":11,"cmd":1,"seq":35,"opcode":5,"payload":null}' [53 bytes]
2026-04-01 12:33:21 [DEBUG] websockets.client: > TEXT '{"ver": 11, "cmd": 0, "seq": 36, "opcode": 5, "...id": 1775035796043}}]}}' [259 bytes]
2026-04-01 12:33:21 [DEBUG] websockets.client: < TEXT '{"ver":11,"cmd":1,"seq":36,"opcode":5,"payload":null}' [53 bytes]
2026-04-01 12:33:27 [INFO] aiogram.event: Update id=897338265 is handled. Duration 2 ms by bot id=8289166189
2026-04-01 12:33:27 [INFO] pymax.core: Sending message to chat_id=165135657 notify=True
2026-04-01 12:33:27 [DEBUG] websockets.client: > TEXT '{"ver": 11, "cmd": 0, "seq": 37, "opcode": 64, ...null}, "notify": true}}' [357 bytes]
2026-04-01 12:33:27 [DEBUG] websockets.client: < TEXT '{"ver":11,"cmd":1,"seq":37,"opcode":64,"payload...,"mark":1775035976678}}' [298 bytes]
2026-04-01 12:33:30 [DEBUG] websockets.client: < TEXT '{"ver":11,"cmd":0,"seq":2,"opcode":130,"payload...,"mark":1775036010103}}' [129 bytes]
2026-04-01 12:33:31 [INFO] aiogram.event: Update id=897338266 is handled. Duration 2 ms by bot id=8289166189
2026-04-01 12:33:31 [INFO] pymax.core: Sending message to chat_id=165135657 notify=True
2026-04-01 12:33:31 [DEBUG] websockets.client: > TEXT '{"ver": 11, "cmd": 0, "seq": 38, "opcode": 64, ...null}, "notify": true}}' [276 bytes]
2026-04-01 12:33:31 [DEBUG] websockets.client: < TEXT '{"ver":11,"cmd":1,"seq":38,"opcode":64,"payload...,"mark":1775035976678}}' [269 bytes]
2026-04-01 12:33:32 [DEBUG] websockets.client: < TEXT '{"ver":11,"cmd":0,"seq":3,"opcode":130,"payload...,"mark":1775036012202}}' [129 bytes]
2026-04-01 12:33:37 [INFO] aiogram.event: Update id=897338267 is handled. Duration 2 ms by bot id=8289166189
2026-04-01 12:33:37 [INFO] pymax.core: Sending message to chat_id=165135657 notify=True
2026-04-01 12:33:37 [DEBUG] websockets.client: > TEXT '{"ver": 11, "cmd": 0, "seq": 39, "opcode": 64, ...null}, "notify": true}}' [367 bytes]
2026-04-01 12:33:37 [DEBUG] websockets.client: < TEXT '{"ver":11,"cmd":1,"seq":39,"opcode":64,"payload...,"mark":1775035976678}}' [300 bytes]
2026-04-01 12:33:38 [DEBUG] websockets.client: < TEXT '{"ver":11,"cmd":0,"seq":4,"opcode":130,"payload...,"mark":1775036018092}}' [129 bytes]
2026-04-01 12:33:39 [DEBUG] websockets.client: > TEXT '{"ver": 11, "cmd": 0, "seq": 40, "opcode": 5, "...id": 1775035796043}}]}}' [259 bytes]
2026-04-01 12:33:39 [DEBUG] websockets.client: < TEXT '{"ver":11,"cmd":0,"seq":5,"opcode":130,"payload...,"mark":1775036019313}}' [141 bytes]
2026-04-01 12:33:39 [DEBUG] websockets.client: < TEXT '{"ver":11,"cmd":1,"seq":40,"opcode":5,"payload":null}' [53 bytes]
2026-04-01 12:33:41 [DEBUG] websockets.client: > PING aa 21 1a ba [binary, 4 bytes]
2026-04-01 12:33:41 [DEBUG] websockets.client: % sent keepalive ping
2026-04-01 12:33:41 [DEBUG] websockets.client: < PONG aa 21 1a ba [binary, 4 bytes]
2026-04-01 12:33:41 [DEBUG] websockets.client: % received keepalive pong
2026-04-01 12:33:50 [DEBUG] websockets.client: < TEXT '{"ver":11,"cmd":0,"seq":6,"opcode":129,"payload...657,"userId":73874312}}' [88 bytes]
2026-04-01 12:33:51 [DEBUG] websockets.client: > TEXT '{"ver": 11, "cmd": 0, "seq": 41, "opcode": 1, "... {"interactive": true}}' [79 bytes]
2026-04-01 12:33:51 [DEBUG] websockets.client: < TEXT '{"ver":11,"cmd":1,"seq":41,"opcode":1,"payload":null}' [53 bytes]
2026-04-01 12:33:52 [DEBUG] websockets.client: > TEXT '{"ver": 11, "cmd": 0, "seq": 42, "opcode": 5, "...id": 1775035796043}}]}}' [259 bytes]
2026-04-01 12:33:52 [DEBUG] websockets.client: < TEXT '{"ver":11,"cmd":1,"seq":42,"opcode":5,"payload":null}' [53 bytes]
2026-04-01 12:33:53 [DEBUG] websockets.client: < TEXT '{"ver":11,"cmd":0,"seq":7,"opcode":128,"payload...:"116328760446315611"}}' [280 bytes]
2026-04-01 12:33:53 [INFO] pymax.core: Fetching users count=1
2026-04-01 12:33:53 [DEBUG] websockets.client: > TEXT '{"ver": 11, "cmd": 0, "seq": 43, "opcode": 32, ...ntactIds": [73874312]}}' [85 bytes]
2026-04-01 12:33:53 [DEBUG] websockets.client: < TEXT '{"ver":11,"cmd":1,"seq":43,"opcode":32,"payload...WB1deLcHq0eIThDLAI"}]}}' [494 bytes]
2026-04-01 12:33:53 [DEBUG] websockets.client: < TEXT '{"ver":11,"cmd":0,"seq":8,"opcode":130,"payload...,"mark":1775036033239}}' [141 bytes]
2026-04-01 12:33:56 [DEBUG] websockets.client: < TEXT '{"ver":11,"cmd":0,"seq":9,"opcode":129,"payload...657,"userId":73874312}}' [88 bytes]
2026-04-01 12:33:56 [INFO] aiogram.event: Update id=897338268 is handled. Duration 353 ms by bot id=8289166189
2026-04-01 12:33:57 [DEBUG] discord.gateway: Received WSMessage(type=<WSMsgType.CLOSED: 257>, data=None, extra=None)
2026-04-01 12:33:57 [DEBUG] discord.gateway: Websocket closed with 1006, attempting a reconnect.
2026-04-01 12:33:57 [DEBUG] discord.client: Got a request to RESUME the websocket.
2026-04-01 12:33:57 [DEBUG] discord.client: Dispatching event disconnect
2026-04-01 12:33:57 [DEBUG] discord.gateway: Created websocket connected to wss://gateway-us-east1-d.discord.gg
2026-04-01 12:33:57 [DEBUG] discord.gateway: For Shard ID None: WebSocket Event: {'t': None, 's': None, 'op': 10, 'd': {'heartbeat_interval': 41250, '_trace': ['["gateway-prd-arm-us-east1-d-qs72",{"micros":0.0}]']}}
2026-04-01 12:33:57 [DEBUG] discord.gateway: Shard ID None has sent the RESUME payload.
2026-04-01 12:33:57 [DEBUG] discord.gateway: For Shard ID None: WebSocket Event: {'t': None, 's': None, 'op': 11, 'd': None}
2026-04-01 12:33:57 [DEBUG] discord.gateway: For Shard ID None: WebSocket Event: {'t': 'RESUMED', 's': 4, 'op': 0, 'd': {'_trace': ['["gateway-prd-arm-us-east1-d-qs72",{"micros":570,"calls":["id_created",{"micros":0,"calls":[]},"session_lookup_time",{"micros":217,"calls":[]},"session_lookup_finished",{"micros":10,"calls":[]},"sessions-prd-gcp-us-east1-d-24",{"micros":14}]}]']}}
2026-04-01 12:33:57 [DEBUG] discord.client: Dispatching event socket_event_type
2026-04-01 12:33:57 [INFO] discord.gateway: Shard ID None has successfully RESUMED session 509b1e05d4d54840b8c860cef41ccc22.
2026-04-01 12:33:57 [DEBUG] discord.client: Dispatching event resumed
2026-04-01 12:34:01 [DEBUG] websockets.client: > PING c5 d2 58 2e [binary, 4 bytes]
2026-04-01 12:34:01 [DEBUG] websockets.client: % sent keepalive ping
2026-04-01 12:34:01 [DEBUG] websockets.client: < PONG c5 d2 58 2e [binary, 4 bytes]
2026-04-01 12:34:01 [DEBUG] websockets.client: % received keepalive pong
2026-04-01 12:34:02 [DEBUG] websockets.client: < TEXT '{"ver":11,"cmd":0,"seq":10,"opcode":129,"payloa...657,"userId":73874312}}' [89 bytes]
2026-04-01 12:34:03 [DEBUG] websockets.client: < TEXT '{"ver":11,"cmd":0,"seq":11,"opcode":128,"payloa...:"116328761459566819"}}' [296 bytes]
2026-04-01 12:34:03 [DEBUG] websockets.client: < TEXT '{"ver":11,"cmd":0,"seq":12,"opcode":130,"payloa...,"mark":1775036043280}}' [142 bytes]
2026-04-01 12:34:07 [INFO] aiogram.event: Update id=897338269 is handled. Duration 2 ms by bot id=8289166189
2026-04-01 12:34:07 [INFO] pymax.core: Sending message to chat_id=165135657 notify=True
2026-04-01 12:34:07 [DEBUG] websockets.client: > TEXT '{"ver": 11, "cmd": 0, "seq": 44, "opcode": 64, ...null}, "notify": true}}' [265 bytes]
2026-04-01 12:34:07 [DEBUG] websockets.client: < TEXT '{"ver":11,"cmd":1,"seq":44,"opcode":64,"payload...,"mark":1775036047818}}' [266 bytes]
2026-04-01 12:34:08 [DEBUG] websockets.client: < TEXT '{"ver":11,"cmd":0,"seq":13,"opcode":130,"payloa...,"mark":1775036048376}}' [130 bytes]
2026-04-01 12:34:11 [DEBUG] websockets.client: > TEXT '{"ver": 11, "cmd": 0, "seq": 45, "opcode": 5, "...id": 1775035796043}}]}}' [259 bytes]
2026-04-01 12:34:11 [DEBUG] websockets.client: < TEXT '{"ver":11,"cmd":1,"seq":45,"opcode":5,"payload":null}' [53 bytes]
2026-04-01 12:34:13 [ERROR] pymax.core: Send and wait failed (opcode=Opcode.CONTACT_INFO, seq=43)
Traceback (most recent call last):
  File "/opt/homebrew/Cellar/python@3.14/3.14.3_1/Frameworks/Python.framework/Versions/3.14/lib/python3.14/asyncio/tasks.py", line 488, in wait_for
    return await fut
           ^^^^^^^^^
asyncio.exceptions.CancelledError

The above exception was the direct cause of the following exception:

Traceback (most recent call last):
  File "/Users/minotaur/Project/TIHA-Bridge/.venv/lib/python3.14/site-packages/pymax/mixins/websocket.py", line 130, in _send_and_wait
    data = await asyncio.wait_for(fut, timeout=timeout)
           ^^^^^^^^^^^^^^^^^^^^^^^^^^^^^^^^^^^^^^^^^^^^
  File "/opt/homebrew/Cellar/python@3.14/3.14.3_1/Frameworks/Python.framework/Versions/3.14/lib/python3.14/asyncio/tasks.py", line 487, in wait_for
    async with timeouts.timeout(timeout):
               ~~~~~~~~~~~~~~~~^^^^^^^^^
  File "/opt/homebrew/Cellar/python@3.14/3.14.3_1/Frameworks/Python.framework/Versions/3.14/lib/python3.14/asyncio/timeouts.py", line 114, in __aexit__
    raise TimeoutError from exc_val
TimeoutError
2026-04-01 12:34:13 [DEBUG] core.identity: Max user resolve failed for 73874312: Send and wait failed
2026-04-01 12:34:13 [DEBUG] core.bus: No routes for max/165135657 — dropping
2026-04-01 12:34:13 [DEBUG] websockets.client: > TEXT '{"ver": 11, "cmd": 0, "seq": 46, "opcode": 128,... "116328761459566819"}}' [116 bytes]
2026-04-01 12:34:13 [DEBUG] websockets.client: < TEXT '{"ver":11,"cmd":3,"seq":46,"opcode":128,"payloa...:"Неизвестный opcode"}}' [199 bytes]
2026-04-01 12:34:13 [DEBUG] websockets.client: < EOF
2026-04-01 12:34:13 [DEBUG] websockets.client: < EOF
2026-04-01 12:34:13 [DEBUG] websockets.client: > EOF
2026-04-01 12:34:13 [DEBUG] websockets.client: = connection is CLOSED
2026-04-01 12:34:13 [DEBUG] websockets.client: x closing TCP connection
2026-04-01 12:34:13 [INFO] pymax.core: Client start() cleaned up
2026-04-01 12:34:13 [INFO] pymax.core: Reconnect enabled — restarting client
2026-04-01 12:34:13 [ERROR] pymax.core: Send and wait failed (opcode=Opcode.MSG_SEND, seq=44)
Traceback (most recent call last):
  File "/Users/minotaur/Project/TIHA-Bridge/.venv/lib/python3.14/site-packages/pymax/mixins/websocket.py", line 130, in _send_and_wait
    data = await asyncio.wait_for(fut, timeout=timeout)
           ^^^^^^^^^^^^^^^^^^^^^^^^^^^^^^^^^^^^^^^^^^^^
  File "/opt/homebrew/Cellar/python@3.14/3.14.3_1/Frameworks/Python.framework/Versions/3.14/lib/python3.14/asyncio/tasks.py", line 488, in wait_for
    return await fut
           ^^^^^^^^^
pymax.exceptions.WebSocketNotConnectedError: WebSocket is not connected
2026-04-01 12:34:13 [ERROR] adapters.max.adapter: Max send failed
Traceback (most recent call last):
  File "/Users/minotaur/Project/TIHA-Bridge/.venv/lib/python3.14/site-packages/pymax/mixins/websocket.py", line 130, in _send_and_wait
    data = await asyncio.wait_for(fut, timeout=timeout)
           ^^^^^^^^^^^^^^^^^^^^^^^^^^^^^^^^^^^^^^^^^^^^
  File "/opt/homebrew/Cellar/python@3.14/3.14.3_1/Frameworks/Python.framework/Versions/3.14/lib/python3.14/asyncio/tasks.py", line 488, in wait_for
    return await fut
           ^^^^^^^^^
pymax.exceptions.WebSocketNotConnectedError: WebSocket is not connected

During handling of the above exception, another exception occurred:

Traceback (most recent call last):
  File "/Users/minotaur/Project/TIHA-Bridge/adapters/max/adapter.py", line 192, in send
    result = await self._client.send_message(
             ^^^^^^^^^^^^^^^^^^^^^^^^^^^^^^^^
        text=msg.text, chat_id=chat_id, notify=True,
        ^^^^^^^^^^^^^^^^^^^^^^^^^^^^^^^^^^^^^^^^^^^^
    )
    ^
  File "/Users/minotaur/Project/TIHA-Bridge/.venv/lib/python3.14/site-packages/pymax/mixins/message.py", line 419, in send_message
    data = await self._send_and_wait(opcode=Opcode.MSG_SEND, payload=payload)
           ^^^^^^^^^^^^^^^^^^^^^^^^^^^^^^^^^^^^^^^^^^^^^^^^^^^^^^^^^^^^^^^^^^
  File "/Users/minotaur/Project/TIHA-Bridge/.venv/lib/python3.14/site-packages/pymax/mixins/websocket.py", line 142, in _send_and_wait
    raise RuntimeError("Send and wait failed")
RuntimeError: Send and wait failed
2026-04-01 12:34:14 [INFO] pymax.core: Connecting to WebSocket wss://ws-api.oneme.ru/websocket
2026-04-01 12:34:14 [DEBUG] websockets.client: = connection is CONNECTING
2026-04-01 12:34:14 [DEBUG] websockets.client: > GET /websocket HTTP/1.1
2026-04-01 12:34:14 [DEBUG] websockets.client: > Host: ws-api.oneme.ru
2026-04-01 12:34:14 [DEBUG] websockets.client: > Origin: https://web.max.ru
2026-04-01 12:34:14 [DEBUG] websockets.client: > Upgrade: websocket
2026-04-01 12:34:14 [DEBUG] websockets.client: > Connection: Upgrade
2026-04-01 12:34:14 [DEBUG] websockets.client: > Sec-WebSocket-Key: FG42Zj+kxfQEL0BcF8zFQg==
2026-04-01 12:34:14 [DEBUG] websockets.client: > Sec-WebSocket-Version: 13
2026-04-01 12:34:14 [DEBUG] websockets.client: > Sec-WebSocket-Extensions: permessage-deflate; client_max_window_bits
2026-04-01 12:34:14 [DEBUG] websockets.client: > User-Agent: Mozilla/5.0 (Macintosh; Intel Mac OS X 14) AppleWebKit/537.36 (KHTML, like Gecko) Chrome/119.0.0.0 Safari/537.36 Edg/119.0.0.0
2026-04-01 12:34:14 [DEBUG] websockets.client: < HTTP/1.1 101 Switching Protocols
2026-04-01 12:34:14 [DEBUG] websockets.client: < upgrade: websocket
2026-04-01 12:34:14 [DEBUG] websockets.client: < connection: upgrade
2026-04-01 12:34:14 [DEBUG] websockets.client: < sec-websocket-accept: 7xMlu2R5m/PqafY3vljlCq4Pz6o=
2026-04-01 12:34:14 [DEBUG] websockets.client: < sec-websocket-extensions: permessage-deflate
2026-04-01 12:34:14 [DEBUG] websockets.client: = connection is OPEN
2026-04-01 12:34:14 [INFO] pymax.core: WebSocket connected, starting handshake
2026-04-01 12:34:14 [DEBUG] websockets.client: > TEXT '{"ver": 11, "cmd": 0, "seq": 47, "opcode": 6, "..."buildNumber": 38859}}}' [510 bytes]
2026-04-01 12:34:14 [DEBUG] websockets.client: < TEXT '{"ver":11,"cmd":1,"seq":47,"opcode":6,"payload"..."GE"],"location":"RU"}}' [154 bytes]
2026-04-01 12:34:14 [INFO] pymax.core: Handshake completed
2026-04-01 12:34:14 [INFO] pymax.core: Starting initial sync
2026-04-01 12:34:14 [DEBUG] websockets.client: > TEXT '{"ver": 11, "cmd": 0, "seq": 48, "opcode": 19, ..."buildNumber": 38859}}}' [1293 bytes]
2026-04-01 12:34:14 [DEBUG] websockets.client: < TEXT '{"ver":11,"cmd":1,"seq":48,"opcode":19,"payload...xc5GRLohDM9S2o3wgNII"}}' [10758 bytes]
2026-04-01 12:34:14 [DEBUG] websockets.client: < TEXT '{"ver":11,"cmd":0,"seq":1,"opcode":292,"payload...6,"showTime":86400000}}' [111 bytes]
2026-04-01 12:34:14 [INFO] pymax.core: Sync completed: dialogs=15 chats=10 channels=0
2026-04-01 12:34:14 [INFO] adapters.max.adapter: Max adapter started, 25 chats registered
2026-04-01 12:34:14 [DEBUG] websockets.client: > TEXT '{"ver": 11, "cmd": 0, "seq": 49, "opcode": 1, "... {"interactive": true}}' [79 bytes]
2026-04-01 12:34:14 [DEBUG] websockets.client: > TEXT '{"ver": 11, "cmd": 0, "seq": 50, "opcode": 5, "...id": 1775035796043}}]}}' [264 bytes]
2026-04-01 12:34:14 [DEBUG] websockets.client: < TEXT '{"ver":11,"cmd":1,"seq":49,"opcode":1,"payload":null}' [53 bytes]
2026-04-01 12:34:14 [DEBUG] websockets.client: < TEXT '{"ver":11,"cmd":1,"seq":50,"opcode":5,"payload":null}' [53 bytes]
2026-04-01 12:34:14 [DEBUG] websockets.client: > TEXT '{"ver": 11, "cmd": 0, "seq": 51, "opcode": 5, "...id": 1775035796043}}]}}' [259 bytes]
2026-04-01 12:34:14 [DEBUG] websockets.client: < TEXT '{"ver":11,"cmd":1,"seq":51,"opcode":5,"payload":null}' [53 bytes]
2026-04-01 12:34:15 [INFO] aiogram.event: Update id=897338270 is handled. Duration 2 ms by bot id=8289166189
2026-04-01 12:34:15 [INFO] pymax.core: Sending message to chat_id=165135657 notify=True
2026-04-01 12:34:15 [DEBUG] websockets.client: > TEXT '{"ver": 11, "cmd": 0, "seq": 52, "opcode": 64, ...null}, "notify": true}}' [364 bytes]
2026-04-01 12:34:15 [DEBUG] websockets.client: < TEXT '{"ver":11,"cmd":1,"seq":52,"opcode":64,"payload...,"mark":1775036055778}}' [301 bytes]
2026-04-01 12:34:17 [DEBUG] websockets.client: < TEXT '{"ver":11,"cmd":0,"seq":2,"opcode":129,"payload...ER","userId":73874312}}' [111 bytes]
2026-04-01 12:34:23 [DEBUG] websockets.client: > TEXT '{"ver": 11, "cmd": 0, "seq": 53, "opcode": 5, "...id": 1775035796043}}]}}' [259 bytes]
2026-04-01 12:34:23 [DEBUG] websockets.client: < TEXT '{"ver":11,"cmd":1,"seq":53,"opcode":5,"payload":null}' [53 bytes]
2026-04-01 12:34:28 [DEBUG] websockets.client: < TEXT '{"ver":11,"cmd":0,"seq":3,"opcode":129,"payload...889,"userId":73874312}}' [94 bytes]
2026-04-01 12:34:31 [DEBUG] websockets.client: < TEXT '{"ver":11,"cmd":0,"seq":4,"opcode":128,"payload...:"116323131948618262"}}' [284 bytes]
2026-04-01 12:34:31 [INFO] pymax.core: Fetching users count=1
2026-04-01 12:34:31 [DEBUG] websockets.client: > TEXT '{"ver": 11, "cmd": 0, "seq": 54, "opcode": 32, ...ntactIds": [73874312]}}' [85 bytes]
2026-04-01 12:34:31 [DEBUG] websockets.client: < TEXT '{"ver":11,"cmd":1,"seq":54,"opcode":32,"payload...WB1deLcHq0eIThDLAI"}]}}' [494 bytes]
2026-04-01 12:34:31 [DEBUG] websockets.client: < TEXT '{"ver":11,"cmd":0,"seq":5,"opcode":130,"payload...,"mark":1775036071420}}' [147 bytes]
2026-04-01 12:34:34 [DEBUG] websockets.client: > PING 84 87 cf c1 [binary, 4 bytes]
2026-04-01 12:34:34 [DEBUG] websockets.client: % sent keepalive ping
2026-04-01 12:34:34 [DEBUG] websockets.client: < PONG 84 87 cf c1 [binary, 4 bytes]
2026-04-01 12:34:34 [DEBUG] websockets.client: % received keepalive pong
2026-04-01 12:34:35 [DEBUG] websockets.client: < TEXT '{"ver":11,"cmd":0,"seq":6,"opcode":129,"payload...889,"userId":73874312}}' [94 bytes]
2026-04-01 12:34:35 [DEBUG] websockets.client: > TEXT '{"ver": 11, "cmd": 0, "seq": 55, "opcode": 5, "...id": 1775035796043}}]}}' [259 bytes]
2026-04-01 12:34:35 [DEBUG] websockets.client: < TEXT '{"ver":11,"cmd":1,"seq":55,"opcode":5,"payload":null}' [53 bytes]
2026-04-01 12:34:38 [DEBUG] discord.gateway: Keeping shard ID None websocket alive with sequence 4.
2026-04-01 12:34:38 [DEBUG] discord.gateway: For Shard ID None: WebSocket Event: {'t': None, 's': None, 'op': 11, 'd': None}
2026-04-01 12:34:40 [DEBUG] websockets.client: < TEXT '{"ver":11,"cmd":0,"seq":7,"opcode":129,"payload...889,"userId":73874312}}' [94 bytes]
2026-04-01 12:34:44 [DEBUG] websockets.client: > TEXT '{"ver": 11, "cmd": 0, "seq": 56, "opcode": 1, "... {"interactive": true}}' [79 bytes]
2026-04-01 12:34:44 [DEBUG] websockets.client: < TEXT '{"ver":11,"cmd":1,"seq":56,"opcode":1,"payload":null}' [53 bytes]
2026-04-01 12:34:46 [DEBUG] websockets.client: < TEXT '{"ver":11,"cmd":0,"seq":8,"opcode":129,"payload...889,"userId":73874312}}' [94 bytes]
2026-04-01 12:34:46 [DEBUG] websockets.client: < TEXT '{"ver":11,"cmd":0,"seq":9,"opcode":128,"payload...:"116328763961182497"}}' [321 bytes]
2026-04-01 12:34:46 [DEBUG] websockets.client: < TEXT '{"ver":11,"cmd":0,"seq":10,"opcode":130,"payloa...,"mark":1775036086709}}' [148 bytes]
2026-04-01 12:34:51 [DEBUG] websockets.client: < TEXT '{"ver":11,"cmd":0,"seq":11,"opcode":129,"payloa...889,"userId":73874312}}' [95 bytes]
2026-04-01 12:34:51 [ERROR] pymax.core: Send and wait failed (opcode=Opcode.CONTACT_INFO, seq=54)
Traceback (most recent call last):
  File "/opt/homebrew/Cellar/python@3.14/3.14.3_1/Frameworks/Python.framework/Versions/3.14/lib/python3.14/asyncio/tasks.py", line 488, in wait_for
    return await fut
           ^^^^^^^^^
asyncio.exceptions.CancelledError

The above exception was the direct cause of the following exception:

Traceback (most recent call last):
  File "/Users/minotaur/Project/TIHA-Bridge/.venv/lib/python3.14/site-packages/pymax/mixins/websocket.py", line 130, in _send_and_wait
    data = await asyncio.wait_for(fut, timeout=timeout)
           ^^^^^^^^^^^^^^^^^^^^^^^^^^^^^^^^^^^^^^^^^^^^
  File "/opt/homebrew/Cellar/python@3.14/3.14.3_1/Frameworks/Python.framework/Versions/3.14/lib/python3.14/asyncio/tasks.py", line 487, in wait_for
    async with timeouts.timeout(timeout):
               ~~~~~~~~~~~~~~~~^^^^^^^^^
  File "/opt/homebrew/Cellar/python@3.14/3.14.3_1/Frameworks/Python.framework/Versions/3.14/lib/python3.14/asyncio/timeouts.py", line 114, in __aexit__
    raise TimeoutError from exc_val
TimeoutError
2026-04-01 12:34:51 [DEBUG] core.identity: Max user resolve failed for 73874312: Send and wait failed
2026-04-01 12:34:51 [DEBUG] core.bus: Queued b54dbbbd-dfb1-4ebe-891a-a883d64bc358 → telegram/-1003612718582
2026-04-01 12:34:51 [DEBUG] websockets.client: > TEXT '{"ver": 11, "cmd": 0, "seq": 57, "opcode": 128,... "116328763961182497"}}' [122 bytes]
2026-04-01 12:34:51 [DEBUG] websockets.client: < TEXT '{"ver":11,"cmd":3,"seq":57,"opcode":128,"payloa...:"Неизвестный opcode"}}' [199 bytes]
2026-04-01 12:34:51 [DEBUG] websockets.client: < EOF
2026-04-01 12:34:51 [DEBUG] websockets.client: < EOF
2026-04-01 12:34:51 [DEBUG] websockets.client: > EOF
2026-04-01 12:34:51 [DEBUG] websockets.client: = connection is CLOSED
2026-04-01 12:34:51 [DEBUG] websockets.client: x closing TCP connection
2026-04-01 12:34:51 [INFO] pymax.core: Client start() cleaned up
2026-04-01 12:34:51 [INFO] pymax.core: Reconnect enabled — restarting client
2026-04-01 12:34:51 [INFO] core.bus: Delivered b54dbbbd-dfb1-4ebe-891a-a883d64bc358 → telegram/-1003612718582
2026-04-01 12:34:52 [INFO] pymax.core: Connecting to WebSocket wss://ws-api.oneme.ru/websocket
2026-04-01 12:34:52 [DEBUG] websockets.client: = connection is CONNECTING
2026-04-01 12:34:52 [DEBUG] websockets.client: > GET /websocket HTTP/1.1
2026-04-01 12:34:52 [DEBUG] websockets.client: > Host: ws-api.oneme.ru
2026-04-01 12:34:52 [DEBUG] websockets.client: > Origin: https://web.max.ru
2026-04-01 12:34:52 [DEBUG] websockets.client: > Upgrade: websocket
2026-04-01 12:34:52 [DEBUG] websockets.client: > Connection: Upgrade
2026-04-01 12:34:52 [DEBUG] websockets.client: > Sec-WebSocket-Key: /8ynj5EvlVm0FvrM+3Ltbg==
2026-04-01 12:34:52 [DEBUG] websockets.client: > Sec-WebSocket-Version: 13
2026-04-01 12:34:52 [DEBUG] websockets.client: > Sec-WebSocket-Extensions: permessage-deflate; client_max_window_bits
2026-04-01 12:34:52 [DEBUG] websockets.client: > User-Agent: Mozilla/5.0 (Macintosh; Intel Mac OS X 14) AppleWebKit/537.36 (KHTML, like Gecko) Chrome/119.0.0.0 Safari/537.36 Edg/119.0.0.0
2026-04-01 12:34:52 [DEBUG] websockets.client: < HTTP/1.1 101 Switching Protocols
2026-04-01 12:34:52 [DEBUG] websockets.client: < upgrade: websocket
2026-04-01 12:34:52 [DEBUG] websockets.client: < connection: upgrade
2026-04-01 12:34:52 [DEBUG] websockets.client: < sec-websocket-accept: F6GNouy+KzP0wytRMuW4vJa5NO0=
2026-04-01 12:34:52 [DEBUG] websockets.client: < sec-websocket-extensions: permessage-deflate
2026-04-01 12:34:52 [DEBUG] websockets.client: = connection is OPEN
2026-04-01 12:34:52 [INFO] pymax.core: WebSocket connected, starting handshake
2026-04-01 12:34:52 [DEBUG] websockets.client: > TEXT '{"ver": 11, "cmd": 0, "seq": 58, "opcode": 6, "..."buildNumber": 38859}}}' [510 bytes]
2026-04-01 12:34:52 [DEBUG] websockets.client: < TEXT '{"ver":11,"cmd":1,"seq":58,"opcode":6,"payload"..."GE"],"location":"RU"}}' [154 bytes]
2026-04-01 12:34:52 [INFO] pymax.core: Handshake completed
2026-04-01 12:34:52 [INFO] pymax.core: Starting initial sync
2026-04-01 12:34:52 [DEBUG] websockets.client: > TEXT '{"ver": 11, "cmd": 0, "seq": 59, "opcode": 19, ..."buildNumber": 38859}}}' [1293 bytes]
2026-04-01 12:34:52 [DEBUG] websockets.client: < TEXT '{"ver":11,"cmd":1,"seq":59,"opcode":19,"payload...I262odFr-R3HGBVvshls"}}' [10530 bytes]
2026-04-01 12:34:52 [DEBUG] websockets.client: < TEXT '{"ver":11,"cmd":0,"seq":1,"opcode":292,"payload...6,"showTime":86400000}}' [111 bytes]
2026-04-01 12:34:52 [INFO] pymax.core: Sync completed: dialogs=18 chats=12 channels=0
2026-04-01 12:34:52 [INFO] adapters.max.adapter: Max adapter started, 30 chats registered
2026-04-01 12:34:52 [DEBUG] websockets.client: > TEXT '{"ver": 11, "cmd": 0, "seq": 60, "opcode": 1, "... {"interactive": true}}' [79 bytes]
2026-04-01 12:34:52 [DEBUG] websockets.client: > TEXT '{"ver": 11, "cmd": 0, "seq": 61, "opcode": 5, "...id": 1775035796043}}]}}' [264 bytes]
2026-04-01 12:34:52 [DEBUG] websockets.client: < TEXT '{"ver":11,"cmd":1,"seq":60,"opcode":1,"payload":null}' [53 bytes]
2026-04-01 12:34:52 [DEBUG] websockets.client: < TEXT '{"ver":11,"cmd":1,"seq":61,"opcode":5,"payload":null}' [53 bytes]
2026-04-01 12:34:52 [DEBUG] websockets.client: > TEXT '{"ver": 11, "cmd": 0, "seq": 62, "opcode": 5, "...id": 1775035796043}}]}}' [259 bytes]
2026-04-01 12:34:52 [DEBUG] websockets.client: < TEXT '{"ver":11,"cmd":1,"seq":62,"opcode":5,"payload":null}' [53 bytes]
2026-04-01 12:34:59 [DEBUG] websockets.client: < TEXT '{"ver":11,"cmd":0,"seq":2,"opcode":129,"payload...889,"userId":73874312}}' [94 bytes]
2026-04-01 12:35:00 [DEBUG] websockets.client: < TEXT '{"ver":11,"cmd":0,"seq":3,"opcode":128,"payload...:"116328765292950359"}}' [278 bytes]
2026-04-01 12:35:00 [INFO] pymax.core: Fetching users count=1
2026-04-01 12:35:00 [DEBUG] websockets.client: > TEXT '{"ver": 11, "cmd": 0, "seq": 63, "opcode": 32, ...ntactIds": [73874312]}}' [85 bytes]
2026-04-01 12:35:00 [DEBUG] websockets.client: < TEXT '{"ver":11,"cmd":1,"seq":63,"opcode":32,"payload...WB1deLcHq0eIThDLAI"}]}}' [494 bytes]
2026-04-01 12:35:00 [DEBUG] websockets.client: < TEXT '{"ver":11,"cmd":0,"seq":4,"opcode":130,"payload...,"mark":1775036100737}}' [147 bytes]
2026-04-01 12:35:01 [DEBUG] websockets.client: < TEXT '{"ver":11,"cmd":0,"seq":5,"opcode":128,"payload...:"116328765881516355"}}' [278 bytes]
2026-04-01 12:35:01 [DEBUG] websockets.client: < TEXT '{"ver":11,"cmd":0,"seq":6,"opcode":130,"payload...,"mark":1775036101853}}' [147 bytes]
2026-04-01 12:35:02 [DEBUG] websockets.client: < TEXT '{"ver":11,"cmd":0,"seq":7,"opcode":128,"payload...:"116328765960159555"}}' [278 bytes]
2026-04-01 12:35:02 [DEBUG] websockets.client: < TEXT '{"ver":11,"cmd":0,"seq":8,"opcode":130,"payload...,"mark":1775036102980}}' [147 bytes]
2026-04-01 12:35:06 [DEBUG] websockets.client: > TEXT '{"ver": 11, "cmd": 0, "seq": 64, "opcode": 5, "...id": 1775035796043}}]}}' [259 bytes]
2026-04-01 12:35:06 [DEBUG] websockets.client: < TEXT '{"ver":11,"cmd":1,"seq":64,"opcode":5,"payload":null}' [53 bytes]
2026-04-01 12:35:12 [DEBUG] websockets.client: > PING 97 f8 9d 5d [binary, 4 bytes]
2026-04-01 12:35:12 [DEBUG] websockets.client: % sent keepalive ping
2026-04-01 12:35:12 [DEBUG] websockets.client: < PONG 97 f8 9d 5d [binary, 4 bytes]
2026-04-01 12:35:12 [DEBUG] websockets.client: % received keepalive pong
2026-04-01 12:35:12 [DEBUG] websockets.client: < TEXT '{"ver":11,"cmd":0,"seq":9,"opcode":129,"payload...889,"userId":73874312}}' [94 bytes]
2026-04-01 12:35:19 [DEBUG] websockets.client: < TEXT '{"ver":11,"cmd":0,"seq":10,"opcode":129,"payloa...889,"userId":73874312}}' [95 bytes]
2026-04-01 12:35:20 [DEBUG] discord.gateway: Keeping shard ID None websocket alive with sequence 4.
2026-04-01 12:35:20 [DEBUG] discord.gateway: For Shard ID None: WebSocket Event: {'t': None, 's': None, 'op': 11, 'd': None}
2026-04-01 12:35:20 [ERROR] pymax.core: Send and wait failed (opcode=Opcode.CONTACT_INFO, seq=63)
Traceback (most recent call last):
  File "/opt/homebrew/Cellar/python@3.14/3.14.3_1/Frameworks/Python.framework/Versions/3.14/lib/python3.14/asyncio/tasks.py", line 488, in wait_for
    return await fut
           ^^^^^^^^^
asyncio.exceptions.CancelledError

The above exception was the direct cause of the following exception:

Traceback (most recent call last):
  File "/Users/minotaur/Project/TIHA-Bridge/.venv/lib/python3.14/site-packages/pymax/mixins/websocket.py", line 130, in _send_and_wait
    data = await asyncio.wait_for(fut, timeout=timeout)
           ^^^^^^^^^^^^^^^^^^^^^^^^^^^^^^^^^^^^^^^^^^^^
  File "/opt/homebrew/Cellar/python@3.14/3.14.3_1/Frameworks/Python.framework/Versions/3.14/lib/python3.14/asyncio/tasks.py", line 487, in wait_for
    async with timeouts.timeout(timeout):
               ~~~~~~~~~~~~~~~~^^^^^^^^^
  File "/opt/homebrew/Cellar/python@3.14/3.14.3_1/Frameworks/Python.framework/Versions/3.14/lib/python3.14/asyncio/timeouts.py", line 114, in __aexit__
    raise TimeoutError from exc_val
TimeoutError
2026-04-01 12:35:20 [DEBUG] core.identity: Max user resolve failed for 73874312: Send and wait failed
2026-04-01 12:35:20 [DEBUG] core.bus: Queued bf4ef185-fa47-43cc-b431-6df42f0e3d05 → telegram/-1003612718582
2026-04-01 12:35:20 [DEBUG] websockets.client: > TEXT '{"ver": 11, "cmd": 0, "seq": 65, "opcode": 128,... "116328765881516355"}}' [122 bytes]
2026-04-01 12:35:20 [DEBUG] websockets.client: < TEXT '{"ver":11,"cmd":3,"seq":65,"opcode":128,"payloa...:"Неизвестный opcode"}}' [199 bytes]
2026-04-01 12:35:20 [DEBUG] websockets.client: < EOF
2026-04-01 12:35:20 [DEBUG] websockets.client: < EOF
2026-04-01 12:35:20 [DEBUG] websockets.client: > EOF
2026-04-01 12:35:20 [DEBUG] websockets.client: = connection is CLOSED
2026-04-01 12:35:20 [DEBUG] websockets.client: x closing TCP connection
2026-04-01 12:35:20 [INFO] pymax.core: Client start() cleaned up
2026-04-01 12:35:20 [INFO] pymax.core: Reconnect enabled — restarting client
2026-04-01 12:35:21 [INFO] core.bus: Delivered bf4ef185-fa47-43cc-b431-6df42f0e3d05 → telegram/-1003612718582
2026-04-01 12:35:21 [INFO] pymax.core: Connecting to WebSocket wss://ws-api.oneme.ru/websocket
2026-04-01 12:35:21 [DEBUG] websockets.client: = connection is CONNECTING
2026-04-01 12:35:21 [DEBUG] websockets.client: > GET /websocket HTTP/1.1
2026-04-01 12:35:21 [DEBUG] websockets.client: > Host: ws-api.oneme.ru
2026-04-01 12:35:21 [DEBUG] websockets.client: > Origin: https://web.max.ru
2026-04-01 12:35:21 [DEBUG] websockets.client: > Upgrade: websocket
2026-04-01 12:35:21 [DEBUG] websockets.client: > Connection: Upgrade
2026-04-01 12:35:21 [DEBUG] websockets.client: > Sec-WebSocket-Key: VwpSze7ubJOkdCHIE+y9hA==
2026-04-01 12:35:21 [DEBUG] websockets.client: > Sec-WebSocket-Version: 13
2026-04-01 12:35:21 [DEBUG] websockets.client: > Sec-WebSocket-Extensions: permessage-deflate; client_max_window_bits
2026-04-01 12:35:21 [DEBUG] websockets.client: > User-Agent: Mozilla/5.0 (Macintosh; Intel Mac OS X 14) AppleWebKit/537.36 (KHTML, like Gecko) Chrome/119.0.0.0 Safari/537.36 Edg/119.0.0.0
2026-04-01 12:35:21 [DEBUG] websockets.client: < HTTP/1.1 101 Switching Protocols
2026-04-01 12:35:21 [DEBUG] websockets.client: < upgrade: websocket
2026-04-01 12:35:21 [DEBUG] websockets.client: < connection: upgrade
2026-04-01 12:35:21 [DEBUG] websockets.client: < sec-websocket-accept: ZifJDKh1Qqjk0qVrT+1g60j6lQY=
2026-04-01 12:35:21 [DEBUG] websockets.client: < sec-websocket-extensions: permessage-deflate
2026-04-01 12:35:21 [DEBUG] websockets.client: = connection is OPEN
2026-04-01 12:35:21 [INFO] pymax.core: WebSocket connected, starting handshake
2026-04-01 12:35:21 [DEBUG] websockets.client: > TEXT '{"ver": 11, "cmd": 0, "seq": 66, "opcode": 6, "..."buildNumber": 38859}}}' [510 bytes]
2026-04-01 12:35:21 [DEBUG] websockets.client: < TEXT '{"ver":11,"cmd":1,"seq":66,"opcode":6,"payload"..."GE"],"location":"RU"}}' [154 bytes]
2026-04-01 12:35:21 [INFO] pymax.core: Handshake completed
2026-04-01 12:35:21 [INFO] pymax.core: Starting initial sync
2026-04-01 12:35:21 [DEBUG] websockets.client: > TEXT '{"ver": 11, "cmd": 0, "seq": 67, "opcode": 19, ..."buildNumber": 38859}}}' [1293 bytes]
2026-04-01 12:35:22 [DEBUG] websockets.client: < TEXT '{"ver":11,"cmd":1,"seq":67,"opcode":19,"payload...u4bDRhiUv5na64zGyfLU"}}' [10525 bytes]
2026-04-01 12:35:22 [DEBUG] websockets.client: < TEXT '{"ver":11,"cmd":0,"seq":1,"opcode":292,"payload...6,"showTime":86400000}}' [111 bytes]
2026-04-01 12:35:22 [INFO] pymax.core: Sync completed: dialogs=21 chats=14 channels=0
2026-04-01 12:35:22 [INFO] adapters.max.adapter: Max adapter started, 35 chats registered
2026-04-01 12:35:22 [DEBUG] websockets.client: > TEXT '{"ver": 11, "cmd": 0, "seq": 68, "opcode": 1, "... {"interactive": true}}' [79 bytes]
2026-04-01 12:35:22 [DEBUG] websockets.client: > TEXT '{"ver": 11, "cmd": 0, "seq": 69, "opcode": 5, "...id": 1775035796043}}]}}' [264 bytes]
2026-04-01 12:35:22 [DEBUG] websockets.client: < TEXT '{"ver":11,"cmd":1,"seq":68,"opcode":1,"payload":null}' [53 bytes]
2026-04-01 12:35:22 [DEBUG] websockets.client: < TEXT '{"ver":11,"cmd":1,"seq":69,"opcode":5,"payload":null}' [53 bytes]
2026-04-01 12:35:22 [DEBUG] websockets.client: > TEXT '{"ver": 11, "cmd": 0, "seq": 70, "opcode": 5, "...id": 1775035796043}}]}}' [259 bytes]
2026-04-01 12:35:22 [DEBUG] websockets.client: < TEXT '{"ver":11,"cmd":1,"seq":70,"opcode":5,"payload":null}' [53 bytes]
2026-04-01 12:35:22 [DEBUG] websockets.client: < TEXT '{"ver":11,"cmd":0,"seq":2,"opcode":128,"payload...:"116328766034280771"}}' [280 bytes]
2026-04-01 12:35:22 [INFO] pymax.core: Fetching users count=1
2026-04-01 12:35:22 [DEBUG] websockets.client: > TEXT '{"ver": 11, "cmd": 0, "seq": 71, "opcode": 32, ...ntactIds": [73874312]}}' [85 bytes]
2026-04-01 12:35:23 [DEBUG] websockets.client: < TEXT '{"ver":11,"cmd":1,"seq":71,"opcode":32,"payload...WB1deLcHq0eIThDLAI"}]}}' [494 bytes]
2026-04-01 12:35:23 [DEBUG] websockets.client: < TEXT '{"ver":11,"cmd":0,"seq":3,"opcode":130,"payload...,"mark":1775036123053}}' [147 bytes]
2026-04-01 12:35:24 [DEBUG] websockets.client: < TEXT '{"ver":11,"cmd":0,"seq":4,"opcode":129,"payload...889,"userId":73874312}}' [94 bytes]
2026-04-01 12:35:25 [DEBUG] websockets.client: < TEXT '{"ver":11,"cmd":0,"seq":5,"opcode":128,"payload...:"116328767344099812"}}' [280 bytes]
2026-04-01 12:35:25 [DEBUG] websockets.client: < TEXT '{"ver":11,"cmd":0,"seq":6,"opcode":130,"payload...,"mark":1775036125820}}' [147 bytes]
2026-04-01 12:35:27 [DEBUG] websockets.client: < TEXT '{"ver":11,"cmd":0,"seq":7,"opcode":128,"payload...:"116328767524061668"}}' [280 bytes]
2026-04-01 12:35:27 [DEBUG] websockets.client: < TEXT '{"ver":11,"cmd":0,"seq":8,"opcode":130,"payload...,"mark":1775036127971}}' [147 bytes]
2026-04-01 12:35:30 [DEBUG] websockets.client: < TEXT '{"ver":11,"cmd":0,"seq":9,"opcode":128,"payload...:"116328767667192292"}}' [280 bytes]
2026-04-01 12:35:30 [DEBUG] websockets.client: < TEXT '{"ver":11,"cmd":0,"seq":10,"opcode":130,"payloa...,"mark":1775036130318}}' [148 bytes]
2026-04-01 12:35:31 [DEBUG] websockets.client: < TEXT '{"ver":11,"cmd":0,"seq":11,"opcode":129,"payloa...889,"userId":73874312}}' [95 bytes]
2026-04-01 12:35:33 [DEBUG] websockets.client: > TEXT '{"ver": 11, "cmd": 0, "seq": 72, "opcode": 5, "...id": 1775035796043}}]}}' [259 bytes]
2026-04-01 12:35:33 [DEBUG] websockets.client: < TEXT '{"ver":11,"cmd":1,"seq":72,"opcode":5,"payload":null}' [53 bytes]
2026-04-01 12:35:33 [DEBUG] websockets.client: < TEXT '{"ver":11,"cmd":0,"seq":12,"opcode":128,"payloa...:"116328767822316004"}}' [281 bytes]
2026-04-01 12:35:33 [DEBUG] websockets.client: < TEXT '{"ver":11,"cmd":0,"seq":13,"opcode":130,"payloa...,"mark":1775036133503}}' [148 bytes]
2026-04-01 12:35:35 [DEBUG] websockets.client: < TEXT '{"ver":11,"cmd":0,"seq":14,"opcode":128,"payloa...:"116328768026001892"}}' [281 bytes]
2026-04-01 12:35:35 [INFO] aiogram.event: Update id=897338271 is handled. Duration 223 ms by bot id=8289166189
2026-04-01 12:35:35 [DEBUG] websockets.client: < TEXT '{"ver":11,"cmd":0,"seq":15,"opcode":130,"payloa...,"mark":1775036135336}}' [148 bytes]
2026-04-01 12:35:36 [DEBUG] websockets.client: < TEXT '{"ver":11,"cmd":0,"seq":16,"opcode":129,"payloa...889,"userId":73874312}}' [95 bytes]
2026-04-01 12:35:37 [DEBUG] websockets.client: < TEXT '{"ver":11,"cmd":0,"seq":17,"opcode":128,"payloa...:"116328768147571172"}}' [281 bytes]
2026-04-01 12:35:37 [INFO] aiogram.event: Update id=897338272 is handled. Duration 814 ms by bot id=8289166189
2026-04-01 12:35:39 [INFO] aiogram.event: Update id=897338273 is handled. Duration 295 ms by bot id=8289166189
2026-04-01 12:35:41 [INFO] aiogram.event: Update id=897338274 is handled. Duration 2 ms by bot id=8289166189
2026-04-01 12:35:41 [INFO] pymax.core: Sending message to chat_id=-72723141257889 notify=True
2026-04-01 12:35:41 [DEBUG] websockets.client: > TEXT '{"ver": 11, "cmd": 0, "seq": 73, "opcode": 64, ...null}, "notify": true}}' [219 bytes]
2026-04-01 12:35:41 [DEBUG] websockets.client: > PING 8e de cd 1a [binary, 4 bytes]
2026-04-01 12:35:41 [DEBUG] websockets.client: % sent keepalive ping
2026-04-01 12:35:42 [ERROR] pymax.core: Send and wait failed (opcode=Opcode.CONTACT_INFO, seq=71)
Traceback (most recent call last):
  File "/opt/homebrew/Cellar/python@3.14/3.14.3_1/Frameworks/Python.framework/Versions/3.14/lib/python3.14/asyncio/tasks.py", line 488, in wait_for
    return await fut
           ^^^^^^^^^
asyncio.exceptions.CancelledError

The above exception was the direct cause of the following exception:

Traceback (most recent call last):
  File "/Users/minotaur/Project/TIHA-Bridge/.venv/lib/python3.14/site-packages/pymax/mixins/websocket.py", line 130, in _send_and_wait
    data = await asyncio.wait_for(fut, timeout=timeout)
           ^^^^^^^^^^^^^^^^^^^^^^^^^^^^^^^^^^^^^^^^^^^^
  File "/opt/homebrew/Cellar/python@3.14/3.14.3_1/Frameworks/Python.framework/Versions/3.14/lib/python3.14/asyncio/tasks.py", line 487, in wait_for
    async with timeouts.timeout(timeout):
               ~~~~~~~~~~~~~~~~^^^^^^^^^
  File "/opt/homebrew/Cellar/python@3.14/3.14.3_1/Frameworks/Python.framework/Versions/3.14/lib/python3.14/asyncio/timeouts.py", line 114, in __aexit__
    raise TimeoutError from exc_val
TimeoutError
2026-04-01 12:35:42 [DEBUG] core.identity: Max user resolve failed for 73874312: Send and wait failed
2026-04-01 12:35:42 [DEBUG] core.bus: Queued f4d1ffac-6fa5-4d5c-9f8e-3f774df8a4d4 → telegram/-1003612718582
2026-04-01 12:35:42 [DEBUG] websockets.client: > TEXT '{"ver": 11, "cmd": 0, "seq": 74, "opcode": 128,... "116328767344099812"}}' [122 bytes]
2026-04-01 12:35:43 [INFO] core.bus: Delivered f4d1ffac-6fa5-4d5c-9f8e-3f774df8a4d4 → telegram/-1003612718582
2026-04-01 12:35:44 [INFO] aiogram.event: Update id=897338275 is handled. Duration 2 ms by bot id=8289166189
2026-04-01 12:35:44 [INFO] pymax.core: Sending message to chat_id=-72723141257889 notify=True
2026-04-01 12:35:44 [DEBUG] websockets.client: > TEXT '{"ver": 11, "cmd": 0, "seq": 75, "opcode": 64, ...null}, "notify": true}}' [238 bytes]
2026-04-01 12:35:48 [INFO] aiogram.event: Update id=897338276 is handled. Duration 3 ms by bot id=8289166189
2026-04-01 12:35:48 [INFO] pymax.core: Sending message to chat_id=-72723141257889 notify=True
2026-04-01 12:35:48 [DEBUG] websockets.client: > TEXT '{"ver": 11, "cmd": 0, "seq": 76, "opcode": 64, ...null}, "notify": true}}' [282 bytes]
2026-04-01 12:35:52 [DEBUG] websockets.client: > TEXT '{"ver": 11, "cmd": 0, "seq": 77, "opcode": 1, "... {"interactive": true}}' [79 bytes]
2026-04-01 12:35:53 [ERROR] pymax.core: Send and wait failed (opcode=Opcode.LOG, seq=72)
Traceback (most recent call last):
  File "/opt/homebrew/Cellar/python@3.14/3.14.3_1/Frameworks/Python.framework/Versions/3.14/lib/python3.14/asyncio/tasks.py", line 488, in wait_for
    return await fut
           ^^^^^^^^^
asyncio.exceptions.CancelledError

The above exception was the direct cause of the following exception:

Traceback (most recent call last):
  File "/Users/minotaur/Project/TIHA-Bridge/.venv/lib/python3.14/site-packages/pymax/mixins/websocket.py", line 130, in _send_and_wait
    data = await asyncio.wait_for(fut, timeout=timeout)
           ^^^^^^^^^^^^^^^^^^^^^^^^^^^^^^^^^^^^^^^^^^^^
  File "/opt/homebrew/Cellar/python@3.14/3.14.3_1/Frameworks/Python.framework/Versions/3.14/lib/python3.14/asyncio/tasks.py", line 487, in wait_for
    async with timeouts.timeout(timeout):
               ~~~~~~~~~~~~~~~~^^^^^^^^^
  File "/opt/homebrew/Cellar/python@3.14/3.14.3_1/Frameworks/Python.framework/Versions/3.14/lib/python3.14/asyncio/timeouts.py", line 114, in __aexit__
    raise TimeoutError from exc_val
TimeoutError
2026-04-01 12:35:53 [WARNING] pymax.core: Failed to send navigation event
Traceback (most recent call last):
  File "/opt/homebrew/Cellar/python@3.14/3.14.3_1/Frameworks/Python.framework/Versions/3.14/lib/python3.14/asyncio/tasks.py", line 488, in wait_for
    return await fut
           ^^^^^^^^^
asyncio.exceptions.CancelledError

The above exception was the direct cause of the following exception:

Traceback (most recent call last):
  File "/Users/minotaur/Project/TIHA-Bridge/.venv/lib/python3.14/site-packages/pymax/mixins/websocket.py", line 130, in _send_and_wait
    data = await asyncio.wait_for(fut, timeout=timeout)
           ^^^^^^^^^^^^^^^^^^^^^^^^^^^^^^^^^^^^^^^^^^^^
  File "/opt/homebrew/Cellar/python@3.14/3.14.3_1/Frameworks/Python.framework/Versions/3.14/lib/python3.14/asyncio/tasks.py", line 487, in wait_for
    async with timeouts.timeout(timeout):
               ~~~~~~~~~~~~~~~~^^^^^^^^^
  File "/opt/homebrew/Cellar/python@3.14/3.14.3_1/Frameworks/Python.framework/Versions/3.14/lib/python3.14/asyncio/timeouts.py", line 114, in __aexit__
    raise TimeoutError from exc_val
TimeoutError

During handling of the above exception, another exception occurred:

Traceback (most recent call last):
  File "/Users/minotaur/Project/TIHA-Bridge/.venv/lib/python3.14/site-packages/pymax/mixins/telemetry.py", line 20, in _send_navigation_event
    data = await self._send_and_wait(
           ^^^^^^^^^^^^^^^^^^^^^^^^^^
    ...<2 lines>...
    )
    ^
  File "/Users/minotaur/Project/TIHA-Bridge/.venv/lib/python3.14/site-packages/pymax/mixins/websocket.py", line 139, in _send_and_wait
    raise RuntimeError("Send and wait failed")
RuntimeError: Send and wait failed
2026-04-01 12:35:53 [INFO] aiogram.event: Update id=897338277 is handled. Duration 2 ms by bot id=8289166189
2026-04-01 12:35:53 [INFO] pymax.core: Sending message to chat_id=-72723141257889 notify=True
2026-04-01 12:35:53 [DEBUG] websockets.client: > TEXT '{"ver": 11, "cmd": 0, "seq": 78, "opcode": 64, ...null}, "notify": true}}' [331 bytes]
2026-04-01 12:35:57 [DEBUG] discord.gateway: Received WSMessage(type=<WSMsgType.CLOSED: 257>, data=None, extra=None)
2026-04-01 12:35:57 [DEBUG] discord.gateway: Websocket closed with 1006, attempting a reconnect.
2026-04-01 12:35:57 [DEBUG] discord.client: Got a request to RESUME the websocket.
2026-04-01 12:35:57 [DEBUG] discord.client: Dispatching event disconnect
2026-04-01 12:35:57 [DEBUG] discord.gateway: Created websocket connected to wss://gateway-us-east1-d.discord.gg
2026-04-01 12:35:57 [DEBUG] discord.gateway: For Shard ID None: WebSocket Event: {'t': None, 's': None, 'op': 10, 'd': {'heartbeat_interval': 41250, '_trace': ['["gateway-prd-arm-us-east1-d-f8p2",{"micros":0.0}]']}}
2026-04-01 12:35:57 [DEBUG] discord.gateway: Shard ID None has sent the RESUME payload.
2026-04-01 12:35:57 [DEBUG] discord.gateway: For Shard ID None: WebSocket Event: {'t': None, 's': None, 'op': 11, 'd': None}
2026-04-01 12:35:57 [DEBUG] discord.gateway: For Shard ID None: WebSocket Event: {'t': 'RESUMED', 's': 5, 'op': 0, 'd': {'_trace': ['["gateway-prd-arm-us-east1-d-f8p2",{"micros":29380,"calls":["id_created",{"micros":0,"calls":[]},"session_lookup_time",{"micros":4015,"calls":[]},"session_lookup_finished",{"micros":16,"calls":[]},"sessions-prd-gcp-us-east1-d-24",{"micros":16}]}]']}}
2026-04-01 12:35:57 [DEBUG] discord.client: Dispatching event socket_event_type
2026-04-01 12:35:57 [INFO] discord.gateway: Shard ID None has successfully RESUMED session 509b1e05d4d54840b8c860cef41ccc22.
2026-04-01 12:35:57 [DEBUG] discord.client: Dispatching event resumed
2026-04-01 12:36:01 [ERROR] pymax.core: Send and wait failed (opcode=Opcode.MSG_SEND, seq=73)
Traceback (most recent call last):
  File "/opt/homebrew/Cellar/python@3.14/3.14.3_1/Frameworks/Python.framework/Versions/3.14/lib/python3.14/asyncio/tasks.py", line 488, in wait_for
    return await fut
           ^^^^^^^^^
asyncio.exceptions.CancelledError

The above exception was the direct cause of the following exception:

Traceback (most recent call last):
  File "/Users/minotaur/Project/TIHA-Bridge/.venv/lib/python3.14/site-packages/pymax/mixins/websocket.py", line 130, in _send_and_wait
    data = await asyncio.wait_for(fut, timeout=timeout)
           ^^^^^^^^^^^^^^^^^^^^^^^^^^^^^^^^^^^^^^^^^^^^
  File "/opt/homebrew/Cellar/python@3.14/3.14.3_1/Frameworks/Python.framework/Versions/3.14/lib/python3.14/asyncio/tasks.py", line 487, in wait_for
    async with timeouts.timeout(timeout):
               ~~~~~~~~~~~~~~~~^^^^^^^^^
  File "/opt/homebrew/Cellar/python@3.14/3.14.3_1/Frameworks/Python.framework/Versions/3.14/lib/python3.14/asyncio/timeouts.py", line 114, in __aexit__
    raise TimeoutError from exc_val
TimeoutError
2026-04-01 12:36:01 [ERROR] adapters.max.adapter: Max send failed
Traceback (most recent call last):
  File "/opt/homebrew/Cellar/python@3.14/3.14.3_1/Frameworks/Python.framework/Versions/3.14/lib/python3.14/asyncio/tasks.py", line 488, in wait_for
    return await fut
           ^^^^^^^^^
asyncio.exceptions.CancelledError

The above exception was the direct cause of the following exception:

Traceback (most recent call last):
  File "/Users/minotaur/Project/TIHA-Bridge/.venv/lib/python3.14/site-packages/pymax/mixins/websocket.py", line 130, in _send_and_wait
    data = await asyncio.wait_for(fut, timeout=timeout)
           ^^^^^^^^^^^^^^^^^^^^^^^^^^^^^^^^^^^^^^^^^^^^
  File "/opt/homebrew/Cellar/python@3.14/3.14.3_1/Frameworks/Python.framework/Versions/3.14/lib/python3.14/asyncio/tasks.py", line 487, in wait_for
    async with timeouts.timeout(timeout):
               ~~~~~~~~~~~~~~~~^^^^^^^^^
  File "/opt/homebrew/Cellar/python@3.14/3.14.3_1/Frameworks/Python.framework/Versions/3.14/lib/python3.14/asyncio/timeouts.py", line 114, in __aexit__
    raise TimeoutError from exc_val
TimeoutError

During handling of the above exception, another exception occurred:

Traceback (most recent call last):
  File "/Users/minotaur/Project/TIHA-Bridge/adapters/max/adapter.py", line 192, in send
    result = await self._client.send_message(
             ^^^^^^^^^^^^^^^^^^^^^^^^^^^^^^^^
        text=msg.text, chat_id=chat_id, notify=True,
        ^^^^^^^^^^^^^^^^^^^^^^^^^^^^^^^^^^^^^^^^^^^^
    )
    ^
  File "/Users/minotaur/Project/TIHA-Bridge/.venv/lib/python3.14/site-packages/pymax/mixins/message.py", line 419, in send_message
    data = await self._send_and_wait(opcode=Opcode.MSG_SEND, payload=payload)
           ^^^^^^^^^^^^^^^^^^^^^^^^^^^^^^^^^^^^^^^^^^^^^^^^^^^^^^^^^^^^^^^^^^
  File "/Users/minotaur/Project/TIHA-Bridge/.venv/lib/python3.14/site-packages/pymax/mixins/websocket.py", line 139, in _send_and_wait
    raise RuntimeError("Send and wait failed")
RuntimeError: Send and wait failed
2026-04-01 12:36:01 [DEBUG] websockets.client: - timed out waiting for keepalive pong
2026-04-01 12:36:01 [DEBUG] websockets.client: > CLOSE 1011 (internal error) keepalive ping timeout [24 bytes]
2026-04-01 12:36:01 [DEBUG] websockets.client: = connection is CLOSING
2026-04-01 12:37:57 [WARNING] discord.client: PyNaCl is not installed, voice will NOT be supported
2026-04-01 12:37:57 [WARNING] discord.client: davey is not installed, voice will NOT be supported
2026-04-01 12:37:57 [DEBUG] discord.client: on_ready has successfully been registered as an event
2026-04-01 12:37:57 [DEBUG] discord.client: on_guild_channel_create has successfully been registered as an event
2026-04-01 12:37:57 [DEBUG] discord.client: on_message has successfully been registered as an event
2026-04-01 12:37:57 [INFO] core.bus: Adapter registered: max
2026-04-01 12:37:57 [INFO] core.bus: Adapter registered: telegram
2026-04-01 12:37:57 [INFO] core.bus: Adapter registered: discord
2026-04-01 12:37:57 [INFO] pymax.core: Client starting
2026-04-01 12:37:57 [INFO] pymax.core: Connecting to WebSocket wss://ws-api.oneme.ru/websocket
2026-04-01 12:37:57 [INFO] adapters.telegram.adapter: Telegram adapter started
2026-04-01 12:37:57 [INFO] adapters.discord.adapter: Discord adapter starting
2026-04-01 12:37:57 [INFO] core.bus: MessageBus worker started
2026-04-01 12:37:57 [INFO] aiogram.dispatcher: Start polling
2026-04-01 12:37:57 [INFO] discord.client: logging in using static token
2026-04-01 12:37:57 [DEBUG] websockets.client: = connection is CONNECTING
2026-04-01 12:37:57 [DEBUG] websockets.client: > GET /websocket HTTP/1.1
2026-04-01 12:37:57 [DEBUG] websockets.client: > Host: ws-api.oneme.ru
2026-04-01 12:37:57 [DEBUG] websockets.client: > Origin: https://web.max.ru
2026-04-01 12:37:57 [DEBUG] websockets.client: > Upgrade: websocket
2026-04-01 12:37:57 [DEBUG] websockets.client: > Connection: Upgrade
2026-04-01 12:37:57 [DEBUG] websockets.client: > Sec-WebSocket-Key: /HuBbJNpz19EHtTYehuVlw==
2026-04-01 12:37:57 [DEBUG] websockets.client: > Sec-WebSocket-Version: 13
2026-04-01 12:37:57 [DEBUG] websockets.client: > Sec-WebSocket-Extensions: permessage-deflate; client_max_window_bits
2026-04-01 12:37:57 [DEBUG] websockets.client: > User-Agent: Mozilla/5.0 (Windows NT 10.0; WOW64) AppleWebKit/537.36 (KHTML, like Gecko) Chrome/101.0.0.0 Safari/537.36
2026-04-01 12:37:57 [DEBUG] websockets.client: < HTTP/1.1 101 Switching Protocols
2026-04-01 12:37:57 [DEBUG] websockets.client: < upgrade: websocket
2026-04-01 12:37:57 [DEBUG] websockets.client: < connection: upgrade
2026-04-01 12:37:57 [DEBUG] websockets.client: < sec-websocket-accept: JRklmPi6VQMX8CddRIvGtSsxPLU=
2026-04-01 12:37:57 [DEBUG] websockets.client: < sec-websocket-extensions: permessage-deflate
2026-04-01 12:37:57 [DEBUG] websockets.client: = connection is OPEN
2026-04-01 12:37:57 [INFO] pymax.core: WebSocket connected, starting handshake
2026-04-01 12:37:57 [DEBUG] websockets.client: > TEXT '{"ver": 11, "cmd": 0, "seq": 1, "opcode": 6, "p..."buildNumber": 38859}}}' [491 bytes]
2026-04-01 12:37:57 [DEBUG] websockets.client: < TEXT '{"ver":11,"cmd":1,"seq":1,"opcode":6,"payload":..."GE"],"location":"RU"}}' [153 bytes]
2026-04-01 12:37:57 [INFO] pymax.core: Handshake completed
2026-04-01 12:37:57 [INFO] pymax.core: Starting initial sync
2026-04-01 12:37:57 [DEBUG] websockets.client: > TEXT '{"ver": 11, "cmd": 0, "seq": 2, "opcode": 19, "..."buildNumber": 38859}}}' [1274 bytes]
2026-04-01 12:37:58 [DEBUG] websockets.client: < TEXT '{"ver":11,"cmd":1,"seq":2,"opcode":19,"payload"...7OMreth5E2Xft3Ev4n0Q"}}' [10526 bytes]
2026-04-01 12:37:58 [DEBUG] websockets.client: < TEXT '{"ver":11,"cmd":0,"seq":1,"opcode":292,"payload...6,"showTime":86400000}}' [111 bytes]
2026-04-01 12:37:58 [INFO] pymax.core: Sync completed: dialogs=3 chats=2 channels=0
2026-04-01 12:37:58 [INFO] adapters.max.adapter: Max adapter started, 5 chats registered
2026-04-01 12:37:58 [DEBUG] websockets.client: > TEXT '{"ver": 11, "cmd": 0, "seq": 3, "opcode": 1, "p... {"interactive": true}}' [78 bytes]
2026-04-01 12:37:58 [DEBUG] websockets.client: > TEXT '{"ver": 11, "cmd": 0, "seq": 4, "opcode": 5, "p...id": 1775036277684}}]}}' [262 bytes]
2026-04-01 12:37:58 [DEBUG] websockets.client: < TEXT '{"ver":11,"cmd":1,"seq":3,"opcode":1,"payload":null}' [52 bytes]
2026-04-01 12:37:58 [DEBUG] websockets.client: < TEXT '{"ver":11,"cmd":1,"seq":4,"opcode":5,"payload":null}' [52 bytes]
2026-04-01 12:37:58 [DEBUG] websockets.client: > TEXT '{"ver": 11, "cmd": 0, "seq": 5, "opcode": 5, "p...id": 1775036277684}}]}}' [257 bytes]
2026-04-01 12:37:58 [DEBUG] websockets.client: < TEXT '{"ver":11,"cmd":1,"seq":5,"opcode":5,"payload":null}' [52 bytes]
2026-04-01 12:37:58 [DEBUG] discord.http: GET https://discord.com/api/v10/users/@me with None has returned 200
2026-04-01 12:37:58 [DEBUG] discord.http: GET /users/@me has found its initial rate limit bucket hash (78bb8553d9352a5a2f89f9def401287a).
2026-04-01 12:37:58 [DEBUG] discord.http: GET https://discord.com/api/v10/users/@me has received {'id': '1488466672359575694', 'username': 'BRIDGE', 'avatar': 'a4537a16a2592def5eb7697a07e0ee9c', 'discriminator': '8720', 'public_flags': 0, 'flags': 0, 'bot': True, 'banner': None, 'accent_color': None, 'global_name': None, 'avatar_decoration_data': None, 'collectibles': None, 'display_name_styles': None, 'banner_color': None, 'clan': None, 'primary_guild': None, 'mfa_enabled': True, 'locale': 'en-US', 'premium_type': 0, 'email': None, 'verified': True, 'bio': ''}
2026-04-01 12:37:58 [INFO] aiogram.dispatcher: Run polling for bot @max_tg_bridge_s_bot id=8289166189 - 'TIHA Bridge'
2026-04-01 12:37:58 [DEBUG] discord.http: GET https://discord.com/api/v10/oauth2/applications/@me with None has returned 200
2026-04-01 12:37:58 [DEBUG] discord.http: GET /oauth2/applications/@me has found its initial rate limit bucket hash (d28a133af187e91d71d96a223467ce49).
2026-04-01 12:37:58 [DEBUG] discord.http: GET https://discord.com/api/v10/oauth2/applications/@me has received {'id': '1488466672359575694', 'name': 'BRIDGE', 'icon': 'a4537a16a2592def5eb7697a07e0ee9c', 'description': 'Max-Telegram-Discord bridge bot', 'type': None, 'bot': {'id': '1488466672359575694', 'username': 'BRIDGE', 'avatar': 'a4537a16a2592def5eb7697a07e0ee9c', 'discriminator': '8720', 'public_flags': 0, 'flags': 0, 'bot': True, 'banner': None, 'accent_color': None, 'global_name': None, 'avatar_decoration_data': None, 'collectibles': None, 'display_name_styles': None, 'banner_color': None, 'clan': None, 'primary_guild': None}, 'summary': '', 'is_monetized': False, 'is_verified': False, 'is_discoverable': False, 'bot_public': True, 'bot_require_code_grant': False, 'install_params': {'scopes': ['applications.commands'], 'permissions': '0'}, 'integration_types_config': {'0': {'oauth2_install_params': {'scopes': ['applications.commands'], 'permissions': '0'}}, '1': {'oauth2_install_params': {'scopes': ['applications.commands'], 'permissions': '0'}}}, 'verify_key': '158f8e4aa5be97a1cc30d6168df83779d3ee7febaa334a4561149f21703df18f', 'flags': 8945664, 'hook': True, 'storefront_available': False, 'redirect_uris': [], 'interactions_endpoint_url': None, 'role_connections_verification_url': None, 'owner': {'id': '941848879672987658', 'username': 'm1notaur_studio', 'avatar': '053c9507b6bc715a7c95cf8f95b63eab', 'discriminator': '0', 'public_flags': 128, 'flags': 128, 'banner': None, 'accent_color': 0, 'global_name': 'M1notaur_', 'avatar_decoration_data': {'asset': 'a_4539f720c2c576feca9de41b8dc413e8', 'sku_id': '1341506443882266624', 'expires_at': None}, 'collectibles': {'nameplate': {'sku_id': '1465519580016410746', 'asset': 'nameplates/blossoming_branch/1465519580016410746/', 'label': 'Swaying cherry blossom branch with petals blowing and gentle watercolor washes.', 'palette': 'bubble_gum'}}, 'display_name_styles': None, 'banner_color': '#000000', 'clan': None, 'primary_guild': None}, 'approximate_guild_count': 0, 'approximate_user_install_count': 0, 'approximate_user_authorization_count': 0, 'interactions_event_types': [], 'interactions_version': 1, 'explicit_content_filter': 0, 'rpc_application_state': 0, 'store_application_state': 1, 'verification_state': 1, 'integration_public': True, 'integration_require_code_grant': False, 'discoverability_state': 1, 'discovery_eligibility_flags': 2532, 'monetization_state': 1, 'verification_eligibility_flags': 123804, 'monetization_eligibility_flags': 247524, 'bot_approximate_guild_count': 1, 'team': None, 'internal_guild_restriction': 2, 'approved_consoles': [], 'pricing_localization_strategy': 'localized_price_sets'}
2026-04-01 12:37:58 [DEBUG] discord.gateway: Created websocket connected to wss://gateway.discord.gg/
2026-04-01 12:37:58 [DEBUG] discord.gateway: For Shard ID None: WebSocket Event: {'t': None, 's': None, 'op': 10, 'd': {'heartbeat_interval': 41250, '_trace': ['["gateway-prd-arm-us-east1-d-9xnn",{"micros":0.0}]']}}
2026-04-01 12:37:58 [DEBUG] discord.gateway: Shard ID None has sent the IDENTIFY payload.
2026-04-01 12:37:59 [DEBUG] discord.gateway: For Shard ID None: WebSocket Event: {'t': None, 's': None, 'op': 11, 'd': None}
2026-04-01 12:37:59 [DEBUG] discord.gateway: For Shard ID None: WebSocket Event: {'t': 'READY', 's': 1, 'op': 0, 'd': {'v': 10, 'user_settings': {}, 'user': {'verified': True, 'username': 'BRIDGE', 'primary_guild': None, 'mfa_enabled': True, 'id': '1488466672359575694', 'global_name': None, 'flags': 0, 'email': None, 'discriminator': '8720', 'clan': None, 'bot': True, 'avatar': 'a4537a16a2592def5eb7697a07e0ee9c'}, 'session_type': 'normal', 'session_id': '6867632b91fcc409a826233b86c48e57', 'resume_gateway_url': 'wss://gateway-us-east1-d.discord.gg', 'relationships': [], 'private_channels': [], 'presences': [], 'guilds': [{'unavailable': True, 'id': '1488467858446094416'}], 'guild_join_requests': [], 'geo_ordered_rtc_regions': ['finland', 'helsinki', 'warsaw', 'stockholm', 'bucharest'], 'game_relationships': [], 'auth': {}, 'application': {'id': '1488466672359575694', 'flags_new': '8945664', 'flags': 8945664}, '_trace': ['["gateway-prd-arm-us-east1-d-9xnn",{"micros":167208,"calls":["id_created",{"micros":974,"calls":[]},"session_lookup_time",{"micros":327,"calls":[]},"session_lookup_finished",{"micros":11,"calls":[]},"sessions-prd-gcp-us-east1-d-14",{"micros":165451,"calls":["start_session",{"micros":108072,"calls":["prd-rpc-789f84654d-rvj5d",{"micros":48817,"calls":["get_user",{"micros":15101},"get_guilds",{"micros":2378},"send_scheduled_deletion_message",{"micros":9},"guild_join_requests",{"micros":1749},"authorized_ip_coro",{"micros":7},"pending_payments",{"micros":1112},"apex_experiments",{"micros":52510},"sessions_experiments",{"micros":4},"played_application_ids",{"micros":3},"linked_users",{"micros":2},"ad_personalization_toggles_disabled",{"micros":2},"regional_feature_config",{"micros":3}]}]},"starting_guild_connect",{"micros":37,"calls":[]},"presence_started",{"micros":352,"calls":[]},"guilds_started",{"micros":72,"calls":[]},"lobbies_started",{"micros":4,"calls":[]},"guilds_connect",{"micros":1,"calls":[]},"presence_connect",{"micros":56879,"calls":[]},"connect_finished",{"micros":56896,"calls":[]},"build_ready",{"micros":13,"calls":[]},"clean_ready",{"micros":2,"calls":[]},"optimize_ready",{"micros":1,"calls":[]},"split_ready",{"micros":0,"calls":[]}]}]}]']}}
2026-04-01 12:37:59 [DEBUG] discord.client: Dispatching event socket_event_type
2026-04-01 12:37:59 [INFO] discord.gateway: Shard ID None has connected to Gateway (Session ID: 6867632b91fcc409a826233b86c48e57).
2026-04-01 12:37:59 [DEBUG] discord.client: Dispatching event connect
2026-04-01 12:37:59 [DEBUG] discord.gateway: For Shard ID None: WebSocket Event: {'t': 'GUILD_CREATE', 's': 2, 'op': 0, 'd': {'member_count': 3, 'features': [], 'vanity_url_code': None, 'public_updates_channel_id': None, 'system_channel_flags': 0, 'owner_id': '941848879672987658', 'inventory_settings': None, 'owner_configured_content_level': 0, 'premium_features': None, 'stage_instances': [], 'max_members': 25000000, 'profile': None, 'banner': None, 'soundboard_sounds': [], 'incidents_data': None, 'premium_tier': 0, 'application_id': None, 'activity_instances': [], 'channels': [{'version': 1774948791949, 'type': 4, 'position': 0, 'permission_overwrites': [], 'name': 'Текстовые каналы', 'id': '1488467858446094417', 'flags': 0}, {'version': 1774948791961, 'type': 4, 'position': 0, 'permission_overwrites': [], 'name': 'Голосовые каналы', 'id': '1488467858903138394', 'flags': 0}, {'version': 1774948791972, 'type': 0, 'topic': None, 'rate_limit_per_user': 0, 'position': 0, 'permission_overwrites': [], 'parent_id': '1488467858446094417', 'name': 'основной', 'last_message_id': '1488807942944985160', 'id': '1488467858903138395', 'icon_emoji': {'name': '👋', 'id': None}, 'flags': 0}, {'version': 1774948791986, 'user_limit': 0, 'type': 2, 'rtc_region': None, 'rate_limit_per_user': 0, 'position': 0, 'permission_overwrites': [], 'parent_id': '1488467858903138394', 'name': 'Основной', 'last_message_id': None, 'id': '1488467858903138397', 'icon_emoji': {'name': '🎙', 'id': None}, 'flags': 0, 'bitrate': 64000}], 'id': '1488467858446094416', 'roles': [{'version': 1774948791946, 'unicode_emoji': None, 'tags': {}, 'position': 0, 'permissions': '2248473465835073', 'name': '@everyone', 'mentionable': False, 'managed': False, 'id': '1488467858446094416', 'icon': None, 'hoist': False, 'flags': 0, 'colors': {'tertiary_color': None, 'secondary_color': None, 'primary_color': 0}, 'color': 0}, {'version': 1774950562243, 'unicode_emoji': None, 'tags': {'bot_id': '1488466672359575694'}, 'position': 1, 'permissions': '2147585024', 'name': 'BRIDGE', 'mentionable': False, 'managed': True, 'id': '1488475283815403665', 'icon': None, 'hoist': False, 'flags': 0, 'colors': {'tertiary_color': None, 'secondary_color': None, 'primary_color': 0}, 'color': 0}], 'stickers': [], 'unavailable': False, 'preferred_locale': 'en-US', 'name': 'TIHA-Bridge', 'hub_type': None, 'home_header': None, 'latest_onboarding_question_id': None, 'large': False, 'members': [{'user': {'username': 'BRIDGE', 'public_flags': 0, 'primary_guild': None, 'id': '1488466672359575694', 'global_name': None, 'display_name_styles': None, 'display_name': None, 'discriminator': '8720', 'collectibles': None, 'bot': True, 'avatar_decoration_data': None, 'avatar': 'a4537a16a2592def5eb7697a07e0ee9c'}, 'roles': ['1488475283815403665'], 'premium_since': None, 'pending': False, 'nick': None, 'mute': False, 'joined_at': '2026-03-31T09:49:22.258000+00:00', 'flags': 0, 'deaf': False, 'communication_disabled_until': None, 'banner': None, 'avatar': None}], 'system_channel_id': '1488467858903138395', 'embedded_activities': [], 'afk_timeout': 300, 'presences': [], 'threads': [], 'moderator_reporting': None, 'default_message_notifications': 0, 'verification_level': 0, 'max_video_channel_users': 25, 'description': None, 'application_command_counts': {}, 'afk_channel_id': None, 'guild_scheduled_events': [], 'discovery_splash': None, 'max_stage_video_channel_users': 50, 'splash': None, 'region': 'deprecated', 'game_application_ids': None, 'lazy': True, 'premium_progress_bar_enabled': False, 'rules_channel_id': None, 'mfa_level': 0, 'premium_subscription_count': 0, 'explicit_content_filter': 0, 'premium_progress_bar_enabled_user_updated_at': None, 'safety_alerts_channel_id': None, 'nsfw_level': 0, 'version': 1774948838405, 'emojis': [], 'icon': None, 'voice_states': [], 'nsfw': False, 'joined_at': '2026-03-31T09:49:22.258000+00:00'}}
2026-04-01 12:37:59 [DEBUG] discord.client: Dispatching event socket_event_type
2026-04-01 12:37:59 [DEBUG] discord.client: Dispatching event guild_available
2026-04-01 12:38:01 [DEBUG] discord.client: Dispatching event ready
2026-04-01 12:38:01 [DEBUG] discord.http: PUT https://discord.com/api/v10/applications/1488466672359575694/commands with [{"name":"routes","description":"\u041f\u043e\u043a\u0430\u0437\u0430\u0442\u044c \u043c\u0430\u0440\u0448\u0440\u0443\u0442\u044b","type":1,"options":[],"nsfw":false,"dm_permission":true,"default_member_permissions":null,"contexts":null,"integration_types":null}] has returned 200
2026-04-01 12:38:01 [DEBUG] discord.http: PUT /applications/{application_id}/commands has found its initial rate limit bucket hash (3e32a240d3716487d7d8f6dae6c54f6b).
2026-04-01 12:38:01 [DEBUG] discord.http: PUT https://discord.com/api/v10/applications/1488466672359575694/commands has received [{'id': '1488470695997608007', 'application_id': '1488466672359575694', 'version': '1488470695997608008', 'default_member_permissions': None, 'type': 1, 'name': 'routes', 'name_localizations': None, 'description': 'Показать маршруты', 'description_localizations': None, 'dm_permission': True, 'contexts': None, 'integration_types': [0, 1], 'nsfw': False}]
2026-04-01 12:38:01 [INFO] adapters.discord.adapter: Discord adapter ready: BRIDGE#8720
2026-04-01 12:38:05 [INFO] aiogram.event: Update id=897338278 is handled. Duration 2 ms by bot id=8289166189
2026-04-01 12:38:05 [INFO] pymax.core: Sending message to chat_id=-72723141257889 notify=True
2026-04-01 12:38:05 [DEBUG] websockets.client: > TEXT '{"ver": 11, "cmd": 0, "seq": 6, "opcode": 64, "...null}, "notify": true}}' [279 bytes]
2026-04-01 12:38:06 [DEBUG] websockets.client: < TEXT '{"ver":11,"cmd":1,"seq":6,"opcode":64,"payload"...,"mark":1775036286050}}' [272 bytes]
2026-04-01 12:38:13 [DEBUG] websockets.client: < TEXT '{"ver":11,"cmd":0,"seq":2,"opcode":132,"payload...:1},"userId":73874312}}' [111 bytes]
2026-04-01 12:38:14 [DEBUG] websockets.client: < TEXT '{"ver":11,"cmd":0,"seq":3,"opcode":130,"payload...,"mark":1775036293964}}' [135 bytes]
2026-04-01 12:38:17 [DEBUG] websockets.client: < TEXT '{"ver":11,"cmd":0,"seq":4,"opcode":129,"payload...889,"userId":73874312}}' [94 bytes]
2026-04-01 12:38:17 [DEBUG] websockets.client: > PING 07 94 b3 c6 [binary, 4 bytes]
2026-04-01 12:38:17 [DEBUG] websockets.client: % sent keepalive ping
2026-04-01 12:38:17 [DEBUG] websockets.client: < PONG 07 94 b3 c6 [binary, 4 bytes]
2026-04-01 12:38:17 [DEBUG] websockets.client: % received keepalive pong
2026-04-01 12:38:19 [DEBUG] websockets.client: < TEXT '{"ver":11,"cmd":0,"seq":5,"opcode":128,"payload...:"116328778042600448"}}' [305 bytes]
2026-04-01 12:38:19 [DEBUG] core.bus: Queued 76dbef3b-daa5-4d91-92eb-d6f6e4d89052 → telegram/-1003612718582
2026-04-01 12:38:19 [DEBUG] websockets.client: > TEXT '{"ver": 11, "cmd": 0, "seq": 7, "opcode": 128, ... "116328778907140811"}}' [121 bytes]
2026-04-01 12:38:19 [DEBUG] websockets.client: < TEXT '{"ver":11,"cmd":3,"seq":7,"opcode":128,"payload...:"Неизвестный opcode"}}' [198 bytes]
2026-04-01 12:38:19 [DEBUG] websockets.client: < EOF
2026-04-01 12:38:19 [DEBUG] websockets.client: < EOF
2026-04-01 12:38:19 [DEBUG] websockets.client: > EOF
2026-04-01 12:38:19 [DEBUG] websockets.client: = connection is CLOSED
2026-04-01 12:38:19 [DEBUG] websockets.client: x closing TCP connection
2026-04-01 12:38:19 [INFO] pymax.core: Client start() cleaned up
2026-04-01 12:38:19 [INFO] pymax.core: Reconnect enabled — restarting client
2026-04-01 12:38:20 [INFO] core.bus: Delivered 76dbef3b-daa5-4d91-92eb-d6f6e4d89052 → telegram/-1003612718582
2026-04-01 12:38:20 [INFO] pymax.core: Connecting to WebSocket wss://ws-api.oneme.ru/websocket
2026-04-01 12:38:20 [DEBUG] websockets.client: = connection is CONNECTING
2026-04-01 12:38:22 [INFO] pymax.core: Fetching users count=1
2026-04-01 12:38:22 [CRITICAL] pymax.core: WebSocket not connected when access attempted
2026-04-01 12:38:22 [DEBUG] adapters.max.adapter: Background user fetch failed for 73874312: WebSocket is not connected
2026-04-01 12:38:28 [DEBUG] websockets.client: > GET /websocket HTTP/1.1
2026-04-01 12:38:28 [DEBUG] websockets.client: > Host: ws-api.oneme.ru
2026-04-01 12:38:28 [DEBUG] websockets.client: > Origin: https://web.max.ru
2026-04-01 12:38:28 [DEBUG] websockets.client: > Upgrade: websocket
2026-04-01 12:38:28 [DEBUG] websockets.client: > Connection: Upgrade
2026-04-01 12:38:28 [DEBUG] websockets.client: > Sec-WebSocket-Key: N2na3kT2LCjPmaShkujfug==
2026-04-01 12:38:28 [DEBUG] websockets.client: > Sec-WebSocket-Version: 13
2026-04-01 12:38:28 [DEBUG] websockets.client: > Sec-WebSocket-Extensions: permessage-deflate; client_max_window_bits
2026-04-01 12:38:28 [DEBUG] websockets.client: > User-Agent: Mozilla/5.0 (Windows NT 10.0; WOW64) AppleWebKit/537.36 (KHTML, like Gecko) Chrome/101.0.0.0 Safari/537.36
2026-04-01 12:38:28 [DEBUG] websockets.client: < HTTP/1.1 101 Switching Protocols
2026-04-01 12:38:28 [DEBUG] websockets.client: < upgrade: websocket
2026-04-01 12:38:28 [DEBUG] websockets.client: < connection: upgrade
2026-04-01 12:38:28 [DEBUG] websockets.client: < sec-websocket-accept: m4vlBNW2Sim9IEtVLjlX6gLjOX8=
2026-04-01 12:38:28 [DEBUG] websockets.client: < sec-websocket-extensions: permessage-deflate
2026-04-01 12:38:28 [DEBUG] websockets.client: = connection is OPEN
2026-04-01 12:38:28 [INFO] pymax.core: WebSocket connected, starting handshake
2026-04-01 12:38:28 [DEBUG] websockets.client: > TEXT '{"ver": 11, "cmd": 0, "seq": 8, "opcode": 6, "p..."buildNumber": 38859}}}' [491 bytes]
2026-04-01 12:38:28 [DEBUG] websockets.client: < TEXT '{"ver":11,"cmd":1,"seq":8,"opcode":6,"payload":..."GE"],"location":"RU"}}' [153 bytes]
2026-04-01 12:38:28 [INFO] pymax.core: Handshake completed
2026-04-01 12:38:28 [INFO] pymax.core: Starting initial sync
2026-04-01 12:38:28 [DEBUG] websockets.client: > TEXT '{"ver": 11, "cmd": 0, "seq": 9, "opcode": 19, "..."buildNumber": 38859}}}' [1274 bytes]
2026-04-01 12:38:28 [DEBUG] websockets.client: < TEXT '{"ver":11,"cmd":1,"seq":9,"opcode":19,"payload"...dQG1xoIf23Xj9-SaxaE0"}}' [10551 bytes]
2026-04-01 12:38:28 [DEBUG] websockets.client: < TEXT '{"ver":11,"cmd":0,"seq":1,"opcode":292,"payload...6,"showTime":86400000}}' [111 bytes]
2026-04-01 12:38:28 [INFO] pymax.core: Sync completed: dialogs=6 chats=4 channels=0
2026-04-01 12:38:28 [INFO] adapters.max.adapter: Max adapter started, 10 chats registered
2026-04-01 12:38:28 [DEBUG] websockets.client: > TEXT '{"ver": 11, "cmd": 0, "seq": 10, "opcode": 1, "... {"interactive": true}}' [79 bytes]
2026-04-01 12:38:28 [DEBUG] websockets.client: > TEXT '{"ver": 11, "cmd": 0, "seq": 11, "opcode": 5, "...id": 1775036277684}}]}}' [263 bytes]
2026-04-01 12:38:28 [DEBUG] websockets.client: < TEXT '{"ver":11,"cmd":1,"seq":10,"opcode":1,"payload":null}' [53 bytes]
2026-04-01 12:38:28 [DEBUG] websockets.client: < TEXT '{"ver":11,"cmd":1,"seq":11,"opcode":5,"payload":null}' [53 bytes]
2026-04-01 12:38:28 [DEBUG] websockets.client: > TEXT '{"ver": 11, "cmd": 0, "seq": 12, "opcode": 5, "...id": 1775036277684}}]}}' [258 bytes]
2026-04-01 12:38:28 [DEBUG] websockets.client: < TEXT '{"ver":11,"cmd":1,"seq":12,"opcode":5,"payload":null}' [53 bytes]
2026-04-01 12:38:40 [DEBUG] discord.gateway: Keeping shard ID None websocket alive with sequence 2.
2026-04-01 12:38:40 [DEBUG] discord.gateway: For Shard ID None: WebSocket Event: {'t': None, 's': None, 'op': 11, 'd': None}
2026-04-01 12:38:46 [INFO] aiogram.event: Update id=897338279 is handled. Duration 2 ms by bot id=8289166189
2026-04-01 12:38:46 [INFO] pymax.core: Sending message to chat_id=-72723141257889 notify=True
2026-04-01 12:38:46 [DEBUG] websockets.client: > TEXT '{"ver": 11, "cmd": 0, "seq": 13, "opcode": 64, ...null}, "notify": true}}' [342 bytes]
2026-04-01 12:38:46 [DEBUG] websockets.client: < TEXT '{"ver":11,"cmd":1,"seq":13,"opcode":64,"payload...,"mark":1775036326515}}' [295 bytes]
2026-04-01 12:38:48 [DEBUG] websockets.client: > PING c2 5b ff b5 [binary, 4 bytes]
2026-04-01 12:38:48 [DEBUG] websockets.client: % sent keepalive ping
2026-04-01 12:38:48 [DEBUG] websockets.client: < PONG c2 5b ff b5 [binary, 4 bytes]
2026-04-01 12:38:48 [DEBUG] websockets.client: % received keepalive pong
2026-04-01 12:38:52 [DEBUG] websockets.client: < TEXT '{"ver":11,"cmd":0,"seq":2,"opcode":132,"payload...:1},"userId":73874312}}' [111 bytes]
2026-04-01 12:38:53 [DEBUG] websockets.client: < TEXT '{"ver":11,"cmd":0,"seq":3,"opcode":130,"payload...,"mark":1775036333337}}' [135 bytes]
2026-04-01 12:38:56 [DEBUG] websockets.client: < TEXT '{"ver":11,"cmd":0,"seq":4,"opcode":129,"payload...889,"userId":73874312}}' [94 bytes]
2026-04-01 12:38:58 [DEBUG] websockets.client: < TEXT '{"ver":11,"cmd":0,"seq":5,"opcode":128,"payload...:"116328780694505095"}}' [280 bytes]
2026-04-01 12:38:58 [DEBUG] core.bus: Queued 2f3f32a7-d576-4161-96dc-48102b30d06f → telegram/-1003612718582
2026-04-01 12:38:58 [DEBUG] websockets.client: > TEXT '{"ver": 11, "cmd": 0, "seq": 14, "opcode": 128,... "116328781446267364"}}' [122 bytes]
2026-04-01 12:38:58 [DEBUG] websockets.client: < TEXT '{"ver":11,"cmd":3,"seq":14,"opcode":128,"payloa...:"Неизвестный opcode"}}' [199 bytes]
2026-04-01 12:38:58 [DEBUG] websockets.client: < EOF
2026-04-01 12:38:58 [DEBUG] websockets.client: < EOF
2026-04-01 12:38:58 [DEBUG] websockets.client: > EOF
2026-04-01 12:38:58 [DEBUG] websockets.client: = connection is CLOSED
2026-04-01 12:38:58 [DEBUG] websockets.client: x closing TCP connection
2026-04-01 12:38:58 [INFO] pymax.core: Client start() cleaned up
2026-04-01 12:38:58 [INFO] pymax.core: Reconnect enabled — restarting client
2026-04-01 12:38:58 [INFO] core.bus: Delivered 2f3f32a7-d576-4161-96dc-48102b30d06f → telegram/-1003612718582
2026-04-01 12:38:59 [INFO] pymax.core: Connecting to WebSocket wss://ws-api.oneme.ru/websocket
2026-04-01 12:38:59 [DEBUG] websockets.client: = connection is CONNECTING
2026-04-01 12:38:59 [DEBUG] websockets.client: > GET /websocket HTTP/1.1
2026-04-01 12:38:59 [DEBUG] websockets.client: > Host: ws-api.oneme.ru
2026-04-01 12:38:59 [DEBUG] websockets.client: > Origin: https://web.max.ru
2026-04-01 12:38:59 [DEBUG] websockets.client: > Upgrade: websocket
2026-04-01 12:38:59 [DEBUG] websockets.client: > Connection: Upgrade
2026-04-01 12:38:59 [DEBUG] websockets.client: > Sec-WebSocket-Key: zNgOqtqip1ae5SMH87Glcw==
2026-04-01 12:38:59 [DEBUG] websockets.client: > Sec-WebSocket-Version: 13
2026-04-01 12:38:59 [DEBUG] websockets.client: > Sec-WebSocket-Extensions: permessage-deflate; client_max_window_bits
2026-04-01 12:38:59 [DEBUG] websockets.client: > User-Agent: Mozilla/5.0 (Windows NT 10.0; WOW64) AppleWebKit/537.36 (KHTML, like Gecko) Chrome/101.0.0.0 Safari/537.36
2026-04-01 12:38:59 [DEBUG] websockets.client: < HTTP/1.1 101 Switching Protocols
2026-04-01 12:38:59 [DEBUG] websockets.client: < upgrade: websocket
2026-04-01 12:38:59 [DEBUG] websockets.client: < connection: upgrade
2026-04-01 12:38:59 [DEBUG] websockets.client: < sec-websocket-accept: JKV/IPfo56byO5RMVq3tK17Vt1U=
2026-04-01 12:38:59 [DEBUG] websockets.client: < sec-websocket-extensions: permessage-deflate
2026-04-01 12:38:59 [DEBUG] websockets.client: = connection is OPEN
2026-04-01 12:38:59 [INFO] pymax.core: WebSocket connected, starting handshake
2026-04-01 12:38:59 [DEBUG] websockets.client: > TEXT '{"ver": 11, "cmd": 0, "seq": 15, "opcode": 6, "..."buildNumber": 38859}}}' [492 bytes]
2026-04-01 12:38:59 [DEBUG] websockets.client: < TEXT '{"ver":11,"cmd":1,"seq":15,"opcode":6,"payload"..."GE"],"location":"RU"}}' [154 bytes]
2026-04-01 12:38:59 [INFO] pymax.core: Handshake completed
2026-04-01 12:38:59 [INFO] pymax.core: Starting initial sync
2026-04-01 12:38:59 [DEBUG] websockets.client: > TEXT '{"ver": 11, "cmd": 0, "seq": 16, "opcode": 19, ..."buildNumber": 38859}}}' [1275 bytes]
2026-04-01 12:38:59 [DEBUG] websockets.client: < TEXT '{"ver":11,"cmd":1,"seq":16,"opcode":19,"payload...nnfSMOwNtAL5tOzRLaLI"}}' [10527 bytes]
2026-04-01 12:38:59 [DEBUG] websockets.client: < TEXT '{"ver":11,"cmd":0,"seq":1,"opcode":292,"payload...6,"showTime":86400000}}' [111 bytes]
2026-04-01 12:38:59 [INFO] pymax.core: Sync completed: dialogs=9 chats=6 channels=0
2026-04-01 12:38:59 [INFO] adapters.max.adapter: Max adapter started, 15 chats registered
2026-04-01 12:38:59 [DEBUG] websockets.client: > TEXT '{"ver": 11, "cmd": 0, "seq": 17, "opcode": 1, "... {"interactive": true}}' [79 bytes]
2026-04-01 12:38:59 [DEBUG] websockets.client: > TEXT '{"ver": 11, "cmd": 0, "seq": 18, "opcode": 5, "...id": 1775036277684}}]}}' [263 bytes]
2026-04-01 12:38:59 [DEBUG] websockets.client: < TEXT '{"ver":11,"cmd":1,"seq":17,"opcode":1,"payload":null}' [53 bytes]
2026-04-01 12:38:59 [DEBUG] websockets.client: < TEXT '{"ver":11,"cmd":1,"seq":18,"opcode":5,"payload":null}' [53 bytes]
2026-04-01 12:38:59 [DEBUG] websockets.client: > TEXT '{"ver": 11, "cmd": 0, "seq": 19, "opcode": 5, "...id": 1775036277684}}]}}' [258 bytes]
2026-04-01 12:38:59 [DEBUG] websockets.client: < TEXT '{"ver":11,"cmd":1,"seq":19,"opcode":5,"payload":null}' [53 bytes]
2026-04-01 12:39:00 [DEBUG] websockets.client: < TEXT '{"ver":11,"cmd":0,"seq":2,"opcode":128,"payload...:"116328781446267364"}}' [280 bytes]
2026-04-01 12:39:00 [DEBUG] core.bus: Queued cf824ba8-f8bc-421e-856c-f0610b1bf6ff → telegram/-1003612718582
2026-04-01 12:39:00 [DEBUG] websockets.client: > TEXT '{"ver": 11, "cmd": 0, "seq": 20, "opcode": 128,... "116328781578060260"}}' [122 bytes]
2026-04-01 12:39:00 [DEBUG] websockets.client: < TEXT '{"ver":11,"cmd":3,"seq":20,"opcode":128,"payloa...:"Неизвестный opcode"}}' [199 bytes]
2026-04-01 12:39:00 [DEBUG] websockets.client: < EOF
2026-04-01 12:39:00 [DEBUG] websockets.client: < EOF
2026-04-01 12:39:00 [DEBUG] websockets.client: > EOF
2026-04-01 12:39:00 [DEBUG] websockets.client: = connection is CLOSED
2026-04-01 12:39:00 [DEBUG] websockets.client: x closing TCP connection
2026-04-01 12:39:00 [INFO] pymax.core: Client start() cleaned up
2026-04-01 12:39:00 [INFO] pymax.core: Reconnect enabled — restarting client
2026-04-01 12:39:00 [INFO] core.bus: Delivered cf824ba8-f8bc-421e-856c-f0610b1bf6ff → telegram/-1003612718582
2026-04-01 12:39:01 [INFO] pymax.core: Fetching users count=1
2026-04-01 12:39:01 [CRITICAL] pymax.core: WebSocket not connected when access attempted
2026-04-01 12:39:01 [DEBUG] adapters.max.adapter: Background user fetch failed for 73874312: WebSocket is not connected
2026-04-01 12:39:01 [INFO] pymax.core: Connecting to WebSocket wss://ws-api.oneme.ru/websocket
2026-04-01 12:39:01 [DEBUG] websockets.client: = connection is CONNECTING
2026-04-01 12:39:01 [DEBUG] websockets.client: > GET /websocket HTTP/1.1
2026-04-01 12:39:01 [DEBUG] websockets.client: > Host: ws-api.oneme.ru
2026-04-01 12:39:01 [DEBUG] websockets.client: > Origin: https://web.max.ru
2026-04-01 12:39:01 [DEBUG] websockets.client: > Upgrade: websocket
2026-04-01 12:39:01 [DEBUG] websockets.client: > Connection: Upgrade
2026-04-01 12:39:01 [DEBUG] websockets.client: > Sec-WebSocket-Key: 4NfniYct4xhIN/nuwemE1A==
2026-04-01 12:39:01 [DEBUG] websockets.client: > Sec-WebSocket-Version: 13
2026-04-01 12:39:01 [DEBUG] websockets.client: > Sec-WebSocket-Extensions: permessage-deflate; client_max_window_bits
2026-04-01 12:39:01 [DEBUG] websockets.client: > User-Agent: Mozilla/5.0 (Windows NT 10.0; WOW64) AppleWebKit/537.36 (KHTML, like Gecko) Chrome/101.0.0.0 Safari/537.36
2026-04-01 12:39:01 [DEBUG] websockets.client: < HTTP/1.1 101 Switching Protocols
2026-04-01 12:39:01 [DEBUG] websockets.client: < upgrade: websocket
2026-04-01 12:39:01 [DEBUG] websockets.client: < connection: upgrade
2026-04-01 12:39:01 [DEBUG] websockets.client: < sec-websocket-accept: Jn3WLDySF+DXCfgK9Qllc3zZD6g=
2026-04-01 12:39:01 [DEBUG] websockets.client: < sec-websocket-extensions: permessage-deflate
2026-04-01 12:39:01 [DEBUG] websockets.client: = connection is OPEN
2026-04-01 12:39:01 [INFO] pymax.core: WebSocket connected, starting handshake
2026-04-01 12:39:01 [DEBUG] websockets.client: > TEXT '{"ver": 11, "cmd": 0, "seq": 21, "opcode": 6, "..."buildNumber": 38859}}}' [492 bytes]
2026-04-01 12:39:01 [DEBUG] websockets.client: < TEXT '{"ver":11,"cmd":1,"seq":21,"opcode":6,"payload"..."GE"],"location":"RU"}}' [154 bytes]
2026-04-01 12:39:01 [INFO] pymax.core: Handshake completed
2026-04-01 12:39:01 [INFO] pymax.core: Starting initial sync
2026-04-01 12:39:01 [DEBUG] websockets.client: > TEXT '{"ver": 11, "cmd": 0, "seq": 22, "opcode": 19, ..."buildNumber": 38859}}}' [1275 bytes]
2026-04-01 12:39:01 [DEBUG] websockets.client: < TEXT '{"ver":11,"cmd":1,"seq":22,"opcode":19,"payload...923vLyoHJlgn508uN_eA"}}' [10567 bytes]
2026-04-01 12:39:01 [DEBUG] websockets.client: < TEXT '{"ver":11,"cmd":0,"seq":1,"opcode":292,"payload...6,"showTime":86400000}}' [111 bytes]
2026-04-01 12:39:01 [INFO] pymax.core: Sync completed: dialogs=12 chats=8 channels=0
2026-04-01 12:39:01 [INFO] adapters.max.adapter: Max adapter started, 20 chats registered
2026-04-01 12:39:01 [DEBUG] websockets.client: > TEXT '{"ver": 11, "cmd": 0, "seq": 23, "opcode": 1, "... {"interactive": true}}' [79 bytes]
2026-04-01 12:39:01 [DEBUG] websockets.client: > TEXT '{"ver": 11, "cmd": 0, "seq": 24, "opcode": 5, "...id": 1775036277684}}]}}' [263 bytes]
2026-04-01 12:39:01 [DEBUG] websockets.client: < TEXT '{"ver":11,"cmd":1,"seq":23,"opcode":1,"payload":null}' [53 bytes]
2026-04-01 12:39:01 [DEBUG] websockets.client: < TEXT '{"ver":11,"cmd":1,"seq":24,"opcode":5,"payload":null}' [53 bytes]
2026-04-01 12:39:01 [DEBUG] websockets.client: > TEXT '{"ver": 11, "cmd": 0, "seq": 25, "opcode": 5, "...id": 1775036277684}}]}}' [258 bytes]
2026-04-01 12:39:01 [DEBUG] websockets.client: < TEXT '{"ver":11,"cmd":1,"seq":25,"opcode":5,"payload":null}' [53 bytes]
2026-04-01 12:39:02 [DEBUG] websockets.client: < TEXT '{"ver":11,"cmd":0,"seq":2,"opcode":128,"payload...:"116328781578060260"}}' [280 bytes]
2026-04-01 12:39:02 [DEBUG] core.bus: Queued 348d0852-41b3-4eed-8e0b-d48b934ad505 → telegram/-1003612718582
2026-04-01 12:39:02 [DEBUG] websockets.client: > TEXT '{"ver": 11, "cmd": 0, "seq": 26, "opcode": 128,... "116328781707166180"}}' [122 bytes]
2026-04-01 12:39:02 [DEBUG] websockets.client: < TEXT '{"ver":11,"cmd":3,"seq":26,"opcode":128,"payloa...:"Неизвестный opcode"}}' [199 bytes]
2026-04-01 12:39:02 [DEBUG] websockets.client: < EOF
2026-04-01 12:39:02 [DEBUG] websockets.client: < EOF
2026-04-01 12:39:02 [DEBUG] websockets.client: > EOF
2026-04-01 12:39:02 [DEBUG] websockets.client: = connection is CLOSED
2026-04-01 12:39:02 [DEBUG] websockets.client: x closing TCP connection
2026-04-01 12:39:02 [INFO] pymax.core: Client start() cleaned up
2026-04-01 12:39:02 [INFO] pymax.core: Reconnect enabled — restarting client
2026-04-01 12:39:02 [INFO] core.bus: Delivered 348d0852-41b3-4eed-8e0b-d48b934ad505 → telegram/-1003612718582
2026-04-01 12:39:03 [INFO] pymax.core: Connecting to WebSocket wss://ws-api.oneme.ru/websocket
2026-04-01 12:39:03 [DEBUG] websockets.client: = connection is CONNECTING
2026-04-01 12:39:03 [INFO] pymax.core: Fetching users count=1
2026-04-01 12:39:03 [CRITICAL] pymax.core: WebSocket not connected when access attempted
2026-04-01 12:39:03 [DEBUG] adapters.max.adapter: Background user fetch failed for 73874312: WebSocket is not connected
2026-04-01 12:39:03 [DEBUG] websockets.client: > GET /websocket HTTP/1.1
2026-04-01 12:39:03 [DEBUG] websockets.client: > Host: ws-api.oneme.ru
2026-04-01 12:39:03 [DEBUG] websockets.client: > Origin: https://web.max.ru
2026-04-01 12:39:03 [DEBUG] websockets.client: > Upgrade: websocket
2026-04-01 12:39:03 [DEBUG] websockets.client: > Connection: Upgrade
2026-04-01 12:39:03 [DEBUG] websockets.client: > Sec-WebSocket-Key: YihpLlxbkYmhPx7bTv7eZQ==
2026-04-01 12:39:03 [DEBUG] websockets.client: > Sec-WebSocket-Version: 13
2026-04-01 12:39:03 [DEBUG] websockets.client: > Sec-WebSocket-Extensions: permessage-deflate; client_max_window_bits
2026-04-01 12:39:03 [DEBUG] websockets.client: > User-Agent: Mozilla/5.0 (Windows NT 10.0; WOW64) AppleWebKit/537.36 (KHTML, like Gecko) Chrome/101.0.0.0 Safari/537.36
2026-04-01 12:39:03 [DEBUG] websockets.client: < HTTP/1.1 101 Switching Protocols
2026-04-01 12:39:03 [DEBUG] websockets.client: < upgrade: websocket
2026-04-01 12:39:03 [DEBUG] websockets.client: < connection: upgrade
2026-04-01 12:39:03 [DEBUG] websockets.client: < sec-websocket-accept: gW3KMn4m7XITXaM4DH3zqGikmsc=
2026-04-01 12:39:03 [DEBUG] websockets.client: < sec-websocket-extensions: permessage-deflate
2026-04-01 12:39:03 [DEBUG] websockets.client: = connection is OPEN
2026-04-01 12:39:03 [INFO] pymax.core: WebSocket connected, starting handshake
2026-04-01 12:39:03 [DEBUG] websockets.client: > TEXT '{"ver": 11, "cmd": 0, "seq": 27, "opcode": 6, "..."buildNumber": 38859}}}' [492 bytes]
2026-04-01 12:39:03 [DEBUG] websockets.client: < TEXT '{"ver":11,"cmd":1,"seq":27,"opcode":6,"payload"..."GE"],"location":"RU"}}' [154 bytes]
2026-04-01 12:39:03 [INFO] pymax.core: Handshake completed
2026-04-01 12:39:03 [INFO] pymax.core: Starting initial sync
2026-04-01 12:39:03 [DEBUG] websockets.client: > TEXT '{"ver": 11, "cmd": 0, "seq": 28, "opcode": 19, ..."buildNumber": 38859}}}' [1275 bytes]
2026-04-01 12:39:03 [DEBUG] websockets.client: < TEXT '{"ver":11,"cmd":1,"seq":28,"opcode":19,"payload...kGw_qKsiD5BmMjayZt2I"}}' [10527 bytes]
2026-04-01 12:39:03 [DEBUG] websockets.client: < TEXT '{"ver":11,"cmd":0,"seq":1,"opcode":292,"payload...6,"showTime":86400000}}' [111 bytes]
2026-04-01 12:39:03 [INFO] pymax.core: Sync completed: dialogs=15 chats=10 channels=0
2026-04-01 12:39:03 [INFO] adapters.max.adapter: Max adapter started, 25 chats registered
2026-04-01 12:39:03 [DEBUG] websockets.client: > TEXT '{"ver": 11, "cmd": 0, "seq": 29, "opcode": 1, "... {"interactive": true}}' [79 bytes]
2026-04-01 12:39:03 [DEBUG] websockets.client: > TEXT '{"ver": 11, "cmd": 0, "seq": 30, "opcode": 5, "...id": 1775036277684}}]}}' [263 bytes]
2026-04-01 12:39:03 [DEBUG] websockets.client: < TEXT '{"ver":11,"cmd":1,"seq":29,"opcode":1,"payload":null}' [53 bytes]
2026-04-01 12:39:03 [DEBUG] websockets.client: < TEXT '{"ver":11,"cmd":1,"seq":30,"opcode":5,"payload":null}' [53 bytes]
2026-04-01 12:39:03 [DEBUG] websockets.client: > TEXT '{"ver": 11, "cmd": 0, "seq": 31, "opcode": 5, "...id": 1775036277684}}]}}' [259 bytes]
2026-04-01 12:39:03 [DEBUG] websockets.client: < TEXT '{"ver":11,"cmd":1,"seq":31,"opcode":5,"payload":null}' [53 bytes]
2026-04-01 12:39:04 [DEBUG] websockets.client: < TEXT '{"ver":11,"cmd":0,"seq":2,"opcode":128,"payload...:"116328781707166180"}}' [280 bytes]
2026-04-01 12:39:04 [DEBUG] core.bus: Queued 46c9211b-b3b3-4530-aade-8f6b546be7e4 → telegram/-1003612718582
2026-04-01 12:39:04 [DEBUG] websockets.client: > TEXT '{"ver": 11, "cmd": 0, "seq": 32, "opcode": 128,... "116328781838303716"}}' [122 bytes]
2026-04-01 12:39:04 [DEBUG] websockets.client: < TEXT '{"ver":11,"cmd":3,"seq":32,"opcode":128,"payloa...:"Неизвестный opcode"}}' [199 bytes]
2026-04-01 12:39:04 [DEBUG] websockets.client: < EOF
2026-04-01 12:39:04 [DEBUG] websockets.client: < EOF
2026-04-01 12:39:04 [DEBUG] websockets.client: > EOF
2026-04-01 12:39:04 [DEBUG] websockets.client: = connection is CLOSED
2026-04-01 12:39:04 [DEBUG] websockets.client: x closing TCP connection
2026-04-01 12:39:04 [INFO] pymax.core: Client start() cleaned up
2026-04-01 12:39:04 [INFO] pymax.core: Reconnect enabled — restarting client
2026-04-01 12:39:04 [INFO] core.bus: Delivered 46c9211b-b3b3-4530-aade-8f6b546be7e4 → telegram/-1003612718582
2026-04-01 12:39:05 [INFO] pymax.core: Fetching users count=1
2026-04-01 12:39:05 [CRITICAL] pymax.core: WebSocket not connected when access attempted
2026-04-01 12:39:05 [DEBUG] adapters.max.adapter: Background user fetch failed for 73874312: WebSocket is not connected
2026-04-01 12:39:05 [INFO] pymax.core: Connecting to WebSocket wss://ws-api.oneme.ru/websocket
2026-04-01 12:39:05 [DEBUG] websockets.client: = connection is CONNECTING
2026-04-01 12:39:05 [DEBUG] websockets.client: > GET /websocket HTTP/1.1
2026-04-01 12:39:05 [DEBUG] websockets.client: > Host: ws-api.oneme.ru
2026-04-01 12:39:05 [DEBUG] websockets.client: > Origin: https://web.max.ru
2026-04-01 12:39:05 [DEBUG] websockets.client: > Upgrade: websocket
2026-04-01 12:39:05 [DEBUG] websockets.client: > Connection: Upgrade
2026-04-01 12:39:05 [DEBUG] websockets.client: > Sec-WebSocket-Key: Sc4zan+PyuDsuu6Tyfyr+w==
2026-04-01 12:39:05 [DEBUG] websockets.client: > Sec-WebSocket-Version: 13
2026-04-01 12:39:05 [DEBUG] websockets.client: > Sec-WebSocket-Extensions: permessage-deflate; client_max_window_bits
2026-04-01 12:39:05 [DEBUG] websockets.client: > User-Agent: Mozilla/5.0 (Windows NT 10.0; WOW64) AppleWebKit/537.36 (KHTML, like Gecko) Chrome/101.0.0.0 Safari/537.36
2026-04-01 12:39:05 [DEBUG] websockets.client: < HTTP/1.1 101 Switching Protocols
2026-04-01 12:39:05 [DEBUG] websockets.client: < upgrade: websocket
2026-04-01 12:39:05 [DEBUG] websockets.client: < connection: upgrade
2026-04-01 12:39:05 [DEBUG] websockets.client: < sec-websocket-accept: izJAw7euRs9XEPXWxthcxe/iyCE=
2026-04-01 12:39:05 [DEBUG] websockets.client: < sec-websocket-extensions: permessage-deflate
2026-04-01 12:39:05 [DEBUG] websockets.client: = connection is OPEN
2026-04-01 12:39:05 [INFO] pymax.core: WebSocket connected, starting handshake
2026-04-01 12:39:05 [DEBUG] websockets.client: > TEXT '{"ver": 11, "cmd": 0, "seq": 33, "opcode": 6, "..."buildNumber": 38859}}}' [492 bytes]
2026-04-01 12:39:05 [DEBUG] websockets.client: < TEXT '{"ver":11,"cmd":1,"seq":33,"opcode":6,"payload"..."GE"],"location":"RU"}}' [154 bytes]
2026-04-01 12:39:05 [INFO] pymax.core: Handshake completed
2026-04-01 12:39:05 [INFO] pymax.core: Starting initial sync
2026-04-01 12:39:05 [DEBUG] websockets.client: > TEXT '{"ver": 11, "cmd": 0, "seq": 34, "opcode": 19, ..."buildNumber": 38859}}}' [1275 bytes]
2026-04-01 12:39:05 [DEBUG] websockets.client: < TEXT '{"ver":11,"cmd":1,"seq":34,"opcode":19,"payload...Psw0rU0PAzb-vQzSLcM4"}}' [10567 bytes]
2026-04-01 12:39:05 [DEBUG] websockets.client: < TEXT '{"ver":11,"cmd":0,"seq":1,"opcode":292,"payload...6,"showTime":86400000}}' [111 bytes]
2026-04-01 12:39:05 [INFO] pymax.core: Sync completed: dialogs=18 chats=12 channels=0
2026-04-01 12:39:05 [INFO] adapters.max.adapter: Max adapter started, 30 chats registered
2026-04-01 12:39:05 [DEBUG] websockets.client: > TEXT '{"ver": 11, "cmd": 0, "seq": 35, "opcode": 1, "... {"interactive": true}}' [79 bytes]
2026-04-01 12:39:05 [DEBUG] websockets.client: > TEXT '{"ver": 11, "cmd": 0, "seq": 36, "opcode": 5, "...id": 1775036277684}}]}}' [264 bytes]
2026-04-01 12:39:05 [DEBUG] websockets.client: < TEXT '{"ver":11,"cmd":1,"seq":35,"opcode":1,"payload":null}' [53 bytes]
2026-04-01 12:39:05 [DEBUG] websockets.client: < TEXT '{"ver":11,"cmd":1,"seq":36,"opcode":5,"payload":null}' [53 bytes]
2026-04-01 12:39:05 [DEBUG] websockets.client: > TEXT '{"ver": 11, "cmd": 0, "seq": 37, "opcode": 5, "...id": 1775036277684}}]}}' [259 bytes]
2026-04-01 12:39:05 [DEBUG] websockets.client: < TEXT '{"ver":11,"cmd":1,"seq":37,"opcode":5,"payload":null}' [53 bytes]
2026-04-01 12:39:06 [DEBUG] websockets.client: < TEXT '{"ver":11,"cmd":0,"seq":2,"opcode":128,"payload...:"116328781838303716"}}' [280 bytes]
2026-04-01 12:39:06 [DEBUG] core.bus: Queued 558641be-3884-42d8-889a-a455741c7360 → telegram/-1003612718582
2026-04-01 12:39:06 [DEBUG] websockets.client: > TEXT '{"ver": 11, "cmd": 0, "seq": 38, "opcode": 128,... "116328781968327140"}}' [122 bytes]
2026-04-01 12:39:06 [DEBUG] websockets.client: < TEXT '{"ver":11,"cmd":3,"seq":38,"opcode":128,"payloa...:"Неизвестный opcode"}}' [199 bytes]
2026-04-01 12:39:06 [DEBUG] websockets.client: < EOF
2026-04-01 12:39:06 [DEBUG] websockets.client: < EOF
2026-04-01 12:39:06 [DEBUG] websockets.client: > EOF
2026-04-01 12:39:06 [DEBUG] websockets.client: = connection is CLOSED
2026-04-01 12:39:06 [DEBUG] websockets.client: x closing TCP connection
2026-04-01 12:39:06 [INFO] pymax.core: Client start() cleaned up
2026-04-01 12:39:06 [INFO] pymax.core: Reconnect enabled — restarting client
2026-04-01 12:39:06 [INFO] core.bus: Delivered 558641be-3884-42d8-889a-a455741c7360 → telegram/-1003612718582
2026-04-01 12:39:07 [INFO] pymax.core: Fetching users count=1
2026-04-01 12:39:07 [CRITICAL] pymax.core: WebSocket not connected when access attempted
2026-04-01 12:39:07 [DEBUG] adapters.max.adapter: Background user fetch failed for 73874312: WebSocket is not connected
2026-04-01 12:39:07 [INFO] pymax.core: Connecting to WebSocket wss://ws-api.oneme.ru/websocket
2026-04-01 12:39:07 [DEBUG] websockets.client: = connection is CONNECTING
2026-04-01 12:39:07 [DEBUG] websockets.client: > GET /websocket HTTP/1.1
2026-04-01 12:39:07 [DEBUG] websockets.client: > Host: ws-api.oneme.ru
2026-04-01 12:39:07 [DEBUG] websockets.client: > Origin: https://web.max.ru
2026-04-01 12:39:07 [DEBUG] websockets.client: > Upgrade: websocket
2026-04-01 12:39:07 [DEBUG] websockets.client: > Connection: Upgrade
2026-04-01 12:39:07 [DEBUG] websockets.client: > Sec-WebSocket-Key: 7qBUGY6qIsvFodMtxFZmnw==
2026-04-01 12:39:07 [DEBUG] websockets.client: > Sec-WebSocket-Version: 13
2026-04-01 12:39:07 [DEBUG] websockets.client: > Sec-WebSocket-Extensions: permessage-deflate; client_max_window_bits
2026-04-01 12:39:07 [DEBUG] websockets.client: > User-Agent: Mozilla/5.0 (Windows NT 10.0; WOW64) AppleWebKit/537.36 (KHTML, like Gecko) Chrome/101.0.0.0 Safari/537.36
2026-04-01 12:39:07 [DEBUG] websockets.client: < HTTP/1.1 101 Switching Protocols
2026-04-01 12:39:07 [DEBUG] websockets.client: < upgrade: websocket
2026-04-01 12:39:07 [DEBUG] websockets.client: < connection: upgrade
2026-04-01 12:39:07 [DEBUG] websockets.client: < sec-websocket-accept: 4nSxbL5ZGdoNEFFjclK2ibYUH3Q=
2026-04-01 12:39:07 [DEBUG] websockets.client: < sec-websocket-extensions: permessage-deflate
2026-04-01 12:39:07 [DEBUG] websockets.client: = connection is OPEN
2026-04-01 12:39:07 [INFO] pymax.core: WebSocket connected, starting handshake
2026-04-01 12:39:07 [DEBUG] websockets.client: > TEXT '{"ver": 11, "cmd": 0, "seq": 39, "opcode": 6, "..."buildNumber": 38859}}}' [492 bytes]
2026-04-01 12:39:07 [DEBUG] websockets.client: < TEXT '{"ver":11,"cmd":1,"seq":39,"opcode":6,"payload"..."GE"],"location":"RU"}}' [154 bytes]
2026-04-01 12:39:07 [INFO] pymax.core: Handshake completed
2026-04-01 12:39:07 [INFO] pymax.core: Starting initial sync
2026-04-01 12:39:07 [DEBUG] websockets.client: > TEXT '{"ver": 11, "cmd": 0, "seq": 40, "opcode": 19, ..."buildNumber": 38859}}}' [1275 bytes]
2026-04-01 12:39:07 [DEBUG] websockets.client: < TEXT '{"ver":11,"cmd":1,"seq":40,"opcode":19,"payload...61GYIQHsKirB5erO4Bko"}}' [10527 bytes]
2026-04-01 12:39:07 [DEBUG] websockets.client: < TEXT '{"ver":11,"cmd":0,"seq":1,"opcode":292,"payload...6,"showTime":86400000}}' [111 bytes]
2026-04-01 12:39:07 [INFO] pymax.core: Sync completed: dialogs=21 chats=14 channels=0
2026-04-01 12:39:07 [INFO] adapters.max.adapter: Max adapter started, 35 chats registered
2026-04-01 12:39:07 [DEBUG] websockets.client: > TEXT '{"ver": 11, "cmd": 0, "seq": 41, "opcode": 1, "... {"interactive": true}}' [79 bytes]
2026-04-01 12:39:07 [DEBUG] websockets.client: > TEXT '{"ver": 11, "cmd": 0, "seq": 42, "opcode": 5, "...id": 1775036277684}}]}}' [264 bytes]
2026-04-01 12:39:07 [DEBUG] websockets.client: < TEXT '{"ver":11,"cmd":1,"seq":41,"opcode":1,"payload":null}' [53 bytes]
2026-04-01 12:39:07 [DEBUG] websockets.client: < TEXT '{"ver":11,"cmd":1,"seq":42,"opcode":5,"payload":null}' [53 bytes]
2026-04-01 12:39:07 [DEBUG] websockets.client: > TEXT '{"ver": 11, "cmd": 0, "seq": 43, "opcode": 5, "...id": 1775036277684}}]}}' [259 bytes]
2026-04-01 12:39:07 [DEBUG] websockets.client: < TEXT '{"ver":11,"cmd":1,"seq":43,"opcode":5,"payload":null}' [53 bytes]
2026-04-01 12:39:07 [DEBUG] websockets.client: < TEXT '{"ver":11,"cmd":0,"seq":2,"opcode":129,"payload...889,"userId":73874312}}' [94 bytes]
2026-04-01 12:39:08 [DEBUG] websockets.client: < TEXT '{"ver":11,"cmd":0,"seq":3,"opcode":128,"payload...:"116328781968327140"}}' [280 bytes]
2026-04-01 12:39:08 [DEBUG] core.bus: Queued 1572985b-a28e-440e-a8e9-4787942345e6 → telegram/-1003612718582
2026-04-01 12:39:08 [DEBUG] websockets.client: > TEXT '{"ver": 11, "cmd": 0, "seq": 44, "opcode": 128,... "116328782117683684"}}' [122 bytes]
2026-04-01 12:39:08 [DEBUG] websockets.client: < TEXT '{"ver":11,"cmd":3,"seq":44,"opcode":128,"payloa...:"Неизвестный opcode"}}' [199 bytes]
2026-04-01 12:39:08 [DEBUG] websockets.client: < EOF
2026-04-01 12:39:08 [DEBUG] websockets.client: < EOF
2026-04-01 12:39:08 [DEBUG] websockets.client: > EOF
2026-04-01 12:39:08 [DEBUG] websockets.client: = connection is CLOSED
2026-04-01 12:39:08 [DEBUG] websockets.client: x closing TCP connection
2026-04-01 12:39:08 [INFO] pymax.core: Client start() cleaned up
2026-04-01 12:39:08 [INFO] pymax.core: Reconnect enabled — restarting client
2026-04-01 12:39:08 [INFO] core.bus: Delivered 1572985b-a28e-440e-a8e9-4787942345e6 → telegram/-1003612718582
2026-04-01 12:39:09 [INFO] pymax.core: Fetching users count=1
2026-04-01 12:39:09 [CRITICAL] pymax.core: WebSocket not connected when access attempted
2026-04-01 12:39:09 [DEBUG] adapters.max.adapter: Background user fetch failed for 73874312: WebSocket is not connected
2026-04-01 12:39:09 [INFO] pymax.core: Connecting to WebSocket wss://ws-api.oneme.ru/websocket
2026-04-01 12:39:09 [DEBUG] websockets.client: = connection is CONNECTING
2026-04-01 12:39:09 [DEBUG] websockets.client: > GET /websocket HTTP/1.1
2026-04-01 12:39:09 [DEBUG] websockets.client: > Host: ws-api.oneme.ru
2026-04-01 12:39:09 [DEBUG] websockets.client: > Origin: https://web.max.ru
2026-04-01 12:39:09 [DEBUG] websockets.client: > Upgrade: websocket
2026-04-01 12:39:09 [DEBUG] websockets.client: > Connection: Upgrade
2026-04-01 12:39:09 [DEBUG] websockets.client: > Sec-WebSocket-Key: vJcZLB9oJ4Bea4eFg2qHPA==
2026-04-01 12:39:09 [DEBUG] websockets.client: > Sec-WebSocket-Version: 13
2026-04-01 12:39:09 [DEBUG] websockets.client: > Sec-WebSocket-Extensions: permessage-deflate; client_max_window_bits
2026-04-01 12:39:09 [DEBUG] websockets.client: > User-Agent: Mozilla/5.0 (Windows NT 10.0; WOW64) AppleWebKit/537.36 (KHTML, like Gecko) Chrome/101.0.0.0 Safari/537.36
2026-04-01 12:39:09 [DEBUG] websockets.client: < HTTP/1.1 101 Switching Protocols
2026-04-01 12:39:09 [DEBUG] websockets.client: < upgrade: websocket
2026-04-01 12:39:09 [DEBUG] websockets.client: < connection: upgrade
2026-04-01 12:39:09 [DEBUG] websockets.client: < sec-websocket-accept: hZOo/3TEljQIOlQHT+GbOzCJAxI=
2026-04-01 12:39:09 [DEBUG] websockets.client: < sec-websocket-extensions: permessage-deflate
2026-04-01 12:39:09 [DEBUG] websockets.client: = connection is OPEN
2026-04-01 12:39:09 [INFO] pymax.core: WebSocket connected, starting handshake
2026-04-01 12:39:09 [DEBUG] websockets.client: > TEXT '{"ver": 11, "cmd": 0, "seq": 45, "opcode": 6, "..."buildNumber": 38859}}}' [492 bytes]
2026-04-01 12:39:09 [DEBUG] websockets.client: < TEXT '{"ver":11,"cmd":1,"seq":45,"opcode":6,"payload"..."GE"],"location":"RU"}}' [154 bytes]
2026-04-01 12:39:09 [INFO] pymax.core: Handshake completed
2026-04-01 12:39:09 [INFO] pymax.core: Starting initial sync
2026-04-01 12:39:09 [DEBUG] websockets.client: > TEXT '{"ver": 11, "cmd": 0, "seq": 46, "opcode": 19, ..."buildNumber": 38859}}}' [1275 bytes]
2026-04-01 12:39:09 [DEBUG] websockets.client: < TEXT '{"ver":11,"cmd":1,"seq":46,"opcode":19,"payload...SzHgOecaFvl6H4J18pL4"}}' [10567 bytes]
2026-04-01 12:39:09 [DEBUG] websockets.client: < TEXT '{"ver":11,"cmd":0,"seq":1,"opcode":292,"payload...6,"showTime":86400000}}' [111 bytes]
2026-04-01 12:39:09 [INFO] pymax.core: Sync completed: dialogs=24 chats=16 channels=0
2026-04-01 12:39:09 [INFO] adapters.max.adapter: Max adapter started, 40 chats registered
2026-04-01 12:39:09 [DEBUG] websockets.client: > TEXT '{"ver": 11, "cmd": 0, "seq": 47, "opcode": 1, "... {"interactive": true}}' [79 bytes]
2026-04-01 12:39:09 [DEBUG] websockets.client: > TEXT '{"ver": 11, "cmd": 0, "seq": 48, "opcode": 5, "...id": 1775036277684}}]}}' [264 bytes]
2026-04-01 12:39:09 [DEBUG] websockets.client: < TEXT '{"ver":11,"cmd":1,"seq":47,"opcode":1,"payload":null}' [53 bytes]
2026-04-01 12:39:09 [DEBUG] websockets.client: < TEXT '{"ver":11,"cmd":1,"seq":48,"opcode":5,"payload":null}' [53 bytes]
2026-04-01 12:39:09 [DEBUG] websockets.client: > TEXT '{"ver": 11, "cmd": 0, "seq": 49, "opcode": 5, "...id": 1775036277684}}]}}' [259 bytes]
2026-04-01 12:39:09 [DEBUG] websockets.client: < TEXT '{"ver":11,"cmd":1,"seq":49,"opcode":5,"payload":null}' [53 bytes]
2026-04-01 12:39:10 [INFO] aiogram.event: Update id=897338280 is handled. Duration 5 ms by bot id=8289166189
2026-04-01 12:39:10 [INFO] pymax.core: Sending message to chat_id=-72723141257889 notify=True
2026-04-01 12:39:10 [DEBUG] websockets.client: > TEXT '{"ver": 11, "cmd": 0, "seq": 50, "opcode": 64, ...null}, "notify": true}}' [219 bytes]
2026-04-01 12:39:10 [DEBUG] websockets.client: < TEXT '{"ver":11,"cmd":1,"seq":50,"opcode":64,"payload...,"mark":1775036350274}}' [252 bytes]
2026-04-01 12:39:10 [DEBUG] websockets.client: < TEXT '{"ver":11,"cmd":0,"seq":2,"opcode":128,"payload...:"116328782251570669"}}' [280 bytes]
2026-04-01 12:39:10 [DEBUG] core.bus: Queued 7bd13f04-0268-44d3-8d47-2f8c0c6eebf5 → telegram/-1003612718582
2026-04-01 12:39:10 [DEBUG] websockets.client: > TEXT '{"ver": 11, "cmd": 0, "seq": 51, "opcode": 128,... "116328782276084196"}}' [122 bytes]
2026-04-01 12:39:10 [DEBUG] websockets.client: < TEXT '{"ver":11,"cmd":3,"seq":51,"opcode":128,"payloa...:"Неизвестный opcode"}}' [199 bytes]
2026-04-01 12:39:10 [DEBUG] websockets.client: < EOF
2026-04-01 12:39:10 [DEBUG] websockets.client: < EOF
2026-04-01 12:39:10 [DEBUG] websockets.client: > EOF
2026-04-01 12:39:10 [DEBUG] websockets.client: = connection is CLOSED
2026-04-01 12:39:10 [DEBUG] websockets.client: x closing TCP connection
2026-04-01 12:39:10 [INFO] pymax.core: Client start() cleaned up
2026-04-01 12:39:10 [INFO] pymax.core: Reconnect enabled — restarting client
2026-04-01 12:39:11 [INFO] pymax.core: Fetching users count=1
2026-04-01 12:39:11 [CRITICAL] pymax.core: WebSocket not connected when access attempted
2026-04-01 12:39:11 [DEBUG] adapters.max.adapter: Background user fetch failed for 73874312: WebSocket is not connected
2026-04-01 12:39:11 [INFO] core.bus: Delivered 7bd13f04-0268-44d3-8d47-2f8c0c6eebf5 → telegram/-1003612718582
2026-04-01 12:39:11 [INFO] aiogram.event: Update id=897338281 is handled. Duration 2 ms by bot id=8289166189
2026-04-01 12:39:11 [INFO] pymax.core: Connecting to WebSocket wss://ws-api.oneme.ru/websocket
2026-04-01 12:39:11 [DEBUG] websockets.client: = connection is CONNECTING
2026-04-01 12:39:11 [DEBUG] websockets.client: > GET /websocket HTTP/1.1
2026-04-01 12:39:11 [DEBUG] websockets.client: > Host: ws-api.oneme.ru
2026-04-01 12:39:11 [DEBUG] websockets.client: > Origin: https://web.max.ru
2026-04-01 12:39:11 [DEBUG] websockets.client: > Upgrade: websocket
2026-04-01 12:39:11 [DEBUG] websockets.client: > Connection: Upgrade
2026-04-01 12:39:11 [DEBUG] websockets.client: > Sec-WebSocket-Key: jNXQlcgHq/Qaw8GFk7QpPw==
2026-04-01 12:39:11 [DEBUG] websockets.client: > Sec-WebSocket-Version: 13
2026-04-01 12:39:11 [DEBUG] websockets.client: > Sec-WebSocket-Extensions: permessage-deflate; client_max_window_bits
2026-04-01 12:39:11 [DEBUG] websockets.client: > User-Agent: Mozilla/5.0 (Windows NT 10.0; WOW64) AppleWebKit/537.36 (KHTML, like Gecko) Chrome/101.0.0.0 Safari/537.36
2026-04-01 12:39:11 [DEBUG] websockets.client: < HTTP/1.1 101 Switching Protocols
2026-04-01 12:39:11 [DEBUG] websockets.client: < upgrade: websocket
2026-04-01 12:39:11 [DEBUG] websockets.client: < connection: upgrade
2026-04-01 12:39:11 [DEBUG] websockets.client: < sec-websocket-accept: jWM98/QDr+JEQ16op658RKD18jA=
2026-04-01 12:39:11 [DEBUG] websockets.client: < sec-websocket-extensions: permessage-deflate
2026-04-01 12:39:11 [DEBUG] websockets.client: = connection is OPEN
2026-04-01 12:39:11 [INFO] pymax.core: WebSocket connected, starting handshake
2026-04-01 12:39:11 [DEBUG] websockets.client: > TEXT '{"ver": 11, "cmd": 0, "seq": 52, "opcode": 6, "..."buildNumber": 38859}}}' [492 bytes]
2026-04-01 12:39:11 [DEBUG] websockets.client: < TEXT '{"ver":11,"cmd":1,"seq":52,"opcode":6,"payload"..."GE"],"location":"RU"}}' [154 bytes]
2026-04-01 12:39:11 [INFO] pymax.core: Handshake completed
2026-04-01 12:39:11 [INFO] pymax.core: Starting initial sync
2026-04-01 12:39:11 [DEBUG] websockets.client: > TEXT '{"ver": 11, "cmd": 0, "seq": 53, "opcode": 19, ..."buildNumber": 38859}}}' [1275 bytes]
2026-04-01 12:39:12 [DEBUG] websockets.client: < TEXT '{"ver":11,"cmd":1,"seq":53,"opcode":19,"payload...wAbzVbNF4Ezb8a8TBjX0"}}' [10527 bytes]
2026-04-01 12:39:12 [DEBUG] websockets.client: < TEXT '{"ver":11,"cmd":0,"seq":1,"opcode":292,"payload...6,"showTime":86400000}}' [111 bytes]
2026-04-01 12:39:12 [INFO] pymax.core: Sync completed: dialogs=27 chats=18 channels=0
2026-04-01 12:39:12 [INFO] adapters.max.adapter: Max adapter started, 45 chats registered
2026-04-01 12:39:12 [DEBUG] websockets.client: > TEXT '{"ver": 11, "cmd": 0, "seq": 54, "opcode": 1, "... {"interactive": true}}' [79 bytes]
2026-04-01 12:39:12 [DEBUG] websockets.client: > TEXT '{"ver": 11, "cmd": 0, "seq": 55, "opcode": 5, "...id": 1775036277684}}]}}' [264 bytes]
2026-04-01 12:39:12 [DEBUG] websockets.client: < TEXT '{"ver":11,"cmd":1,"seq":54,"opcode":1,"payload":null}' [53 bytes]
2026-04-01 12:39:12 [DEBUG] websockets.client: < TEXT '{"ver":11,"cmd":1,"seq":55,"opcode":5,"payload":null}' [53 bytes]
2026-04-01 12:39:12 [DEBUG] websockets.client: > TEXT '{"ver": 11, "cmd": 0, "seq": 56, "opcode": 5, "...id": 1775036277684}}]}}' [259 bytes]
2026-04-01 12:39:12 [DEBUG] websockets.client: < TEXT '{"ver":11,"cmd":1,"seq":56,"opcode":5,"payload":null}' [53 bytes]
2026-04-01 12:39:12 [INFO] pymax.core: Sending message to chat_id=-72723141257889 notify=True
2026-04-01 12:39:12 [DEBUG] websockets.client: > TEXT '{"ver": 11, "cmd": 0, "seq": 57, "opcode": 64, ...null}, "notify": true}}' [213 bytes]
2026-04-01 12:39:12 [DEBUG] websockets.client: < TEXT '{"ver":11,"cmd":1,"seq":57,"opcode":64,"payload...,"mark":1775036352691}}' [250 bytes]
2026-04-01 12:39:13 [DEBUG] websockets.client: < TEXT '{"ver":11,"cmd":0,"seq":2,"opcode":130,"payload...,"mark":1775036353323}}' [135 bytes]
2026-04-01 12:39:13 [INFO] pymax.core: Fetching users count=1
2026-04-01 12:39:13 [DEBUG] websockets.client: > TEXT '{"ver": 11, "cmd": 0, "seq": 58, "opcode": 32, ...ntactIds": [73874312]}}' [85 bytes]
2026-04-01 12:39:13 [DEBUG] websockets.client: < TEXT '{"ver":11,"cmd":1,"seq":58,"opcode":32,"payload...WB1deLcHq0eIThDLAI"}]}}' [494 bytes]
2026-04-01 12:39:13 [DEBUG] adapters.max.adapter: Cached user name: 73874312 → Полина Яценко
2026-04-01 12:39:17 [INFO] aiogram.event: Update id=897338282 is handled. Duration 2 ms by bot id=8289166189
2026-04-01 12:39:17 [INFO] pymax.core: Sending message to chat_id=-72723141257889 notify=True
2026-04-01 12:39:17 [DEBUG] websockets.client: > TEXT '{"ver": 11, "cmd": 0, "seq": 59, "opcode": 64, ...null}, "notify": true}}' [335 bytes]
2026-04-01 12:39:17 [DEBUG] websockets.client: < TEXT '{"ver":11,"cmd":1,"seq":59,"opcode":64,"payload...,"mark":1775036357247}}' [292 bytes]
2026-04-01 12:39:17 [DEBUG] websockets.client: < TEXT '{"ver":11,"cmd":0,"seq":3,"opcode":130,"payload...,"mark":1775036357928}}' [135 bytes]
2026-04-01 12:39:21 [DEBUG] discord.gateway: Keeping shard ID None websocket alive with sequence 2.
2026-04-01 12:39:21 [DEBUG] discord.gateway: For Shard ID None: WebSocket Event: {'t': None, 's': None, 'op': 11, 'd': None}
2026-04-01 12:39:23 [INFO] aiogram.event: Update id=897338283 is handled. Duration 2 ms by bot id=8289166189
2026-04-01 12:39:23 [INFO] pymax.core: Sending message to chat_id=-72723141257889 notify=True
2026-04-01 12:39:23 [DEBUG] websockets.client: > TEXT '{"ver": 11, "cmd": 0, "seq": 60, "opcode": 64, ...null}, "notify": true}}' [213 bytes]
2026-04-01 12:39:23 [DEBUG] websockets.client: < TEXT '{"ver":11,"cmd":1,"seq":60,"opcode":64,"payload...,"mark":1775036363417}}' [250 bytes]
2026-04-01 12:39:23 [DEBUG] websockets.client: < TEXT '{"ver":11,"cmd":0,"seq":4,"opcode":130,"payload...,"mark":1775036363947}}' [135 bytes]
2026-04-01 12:39:25 [DEBUG] websockets.client: > TEXT '{"ver": 11, "cmd": 0, "seq": 61, "opcode": 5, "...id": 1775036277684}}]}}' [259 bytes]
2026-04-01 12:39:25 [DEBUG] websockets.client: < TEXT '{"ver":11,"cmd":1,"seq":61,"opcode":5,"payload":null}' [53 bytes]
2026-04-01 12:39:27 [DEBUG] websockets.client: < TEXT '{"ver":11,"cmd":0,"seq":5,"opcode":129,"payload...889,"userId":73874312}}' [94 bytes]
2026-04-01 12:39:28 [INFO] aiogram.event: Update id=897338284 is handled. Duration 2 ms by bot id=8289166189
2026-04-01 12:39:28 [INFO] pymax.core: Sending message to chat_id=-72723141257889 notify=True
2026-04-01 12:39:28 [DEBUG] websockets.client: > TEXT '{"ver": 11, "cmd": 0, "seq": 62, "opcode": 64, ...null}, "notify": true}}' [293 bytes]
2026-04-01 12:39:28 [DEBUG] websockets.client: < TEXT '{"ver":11,"cmd":1,"seq":62,"opcode":64,"payload...,"mark":1775036368615}}' [278 bytes]
2026-04-01 12:39:29 [DEBUG] websockets.client: < TEXT '{"ver":11,"cmd":0,"seq":6,"opcode":130,"payload...,"mark":1775036369188}}' [135 bytes]
2026-04-01 12:39:31 [DEBUG] websockets.client: > PING fe 2c 1c b8 [binary, 4 bytes]
2026-04-01 12:39:31 [DEBUG] websockets.client: % sent keepalive ping
2026-04-01 12:39:31 [DEBUG] websockets.client: < PONG fe 2c 1c b8 [binary, 4 bytes]
2026-04-01 12:39:31 [DEBUG] websockets.client: % received keepalive pong
2026-04-01 12:39:33 [DEBUG] websockets.client: < TEXT '{"ver":11,"cmd":0,"seq":7,"opcode":129,"payload...889,"userId":73874312}}' [94 bytes]
2026-04-01 12:39:37 [DEBUG] websockets.client: < TEXT '{"ver":11,"cmd":0,"seq":8,"opcode":128,"payload...:"116328783453562898"}}' [324 bytes]
2026-04-01 12:39:37 [DEBUG] core.bus: Queued 4088ad77-8fa1-40d3-b165-ea871547156b → telegram/-1003612718582
2026-04-01 12:39:37 [DEBUG] websockets.client: > TEXT '{"ver": 11, "cmd": 0, "seq": 63, "opcode": 128,... "116328784016774743"}}' [122 bytes]
2026-04-01 12:39:37 [DEBUG] websockets.client: < TEXT '{"ver":11,"cmd":3,"seq":63,"opcode":128,"payloa...:"Неизвестный opcode"}}' [199 bytes]
2026-04-01 12:39:37 [DEBUG] websockets.client: < EOF
2026-04-01 12:39:37 [DEBUG] websockets.client: < EOF
2026-04-01 12:39:37 [DEBUG] websockets.client: > EOF
2026-04-01 12:39:37 [DEBUG] websockets.client: = connection is CLOSED
2026-04-01 12:39:37 [DEBUG] websockets.client: x closing TCP connection
2026-04-01 12:39:37 [INFO] pymax.core: Client start() cleaned up
2026-04-01 12:39:37 [INFO] pymax.core: Reconnect enabled — restarting client
2026-04-01 12:39:37 [INFO] core.bus: Delivered 4088ad77-8fa1-40d3-b165-ea871547156b → telegram/-1003612718582
2026-04-01 12:39:38 [INFO] pymax.core: Connecting to WebSocket wss://ws-api.oneme.ru/websocket
2026-04-01 12:39:38 [DEBUG] websockets.client: = connection is CONNECTING
2026-04-01 12:39:47 [INFO] aiogram.event: Update id=897338285 is handled. Duration 2 ms by bot id=8289166189
2026-04-01 12:39:48 [ERROR] pymax.core: Client start iteration failed
Traceback (most recent call last):
  File "/Users/minotaur/Project/TIHA-Bridge/.venv/lib/python3.14/site-packages/websockets/asyncio/client.py", line 544, in __await_impl__
    self.connection = await self.create_connection()
                      ^^^^^^^^^^^^^^^^^^^^^^^^^^^^^^
  File "/Users/minotaur/Project/TIHA-Bridge/.venv/lib/python3.14/site-packages/websockets/asyncio/client.py", line 470, in create_connection
    _, connection = await loop.create_connection(factory, **kwargs)
                    ^^^^^^^^^^^^^^^^^^^^^^^^^^^^^^^^^^^^^^^^^^^^^^^
  File "/opt/homebrew/Cellar/python@3.14/3.14.3_1/Frameworks/Python.framework/Versions/3.14/lib/python3.14/asyncio/base_events.py", line 1198, in create_connection
    transport, protocol = await self._create_connection_transport(
                          ^^^^^^^^^^^^^^^^^^^^^^^^^^^^^^^^^^^^^^^^
    ...<2 lines>...
        ssl_shutdown_timeout=ssl_shutdown_timeout)
        ^^^^^^^^^^^^^^^^^^^^^^^^^^^^^^^^^^^^^^^^^^
  File "/opt/homebrew/Cellar/python@3.14/3.14.3_1/Frameworks/Python.framework/Versions/3.14/lib/python3.14/asyncio/base_events.py", line 1231, in _create_connection_transport
    await waiter
asyncio.exceptions.CancelledError

The above exception was the direct cause of the following exception:

Traceback (most recent call last):
  File "/Users/minotaur/Project/TIHA-Bridge/.venv/lib/python3.14/site-packages/websockets/asyncio/client.py", line 542, in __await_impl__
    async with asyncio_timeout(self.open_timeout):
               ~~~~~~~~~~~~~~~^^^^^^^^^^^^^^^^^^^
  File "/opt/homebrew/Cellar/python@3.14/3.14.3_1/Frameworks/Python.framework/Versions/3.14/lib/python3.14/asyncio/timeouts.py", line 114, in __aexit__
    raise TimeoutError from exc_val
TimeoutError

The above exception was the direct cause of the following exception:

Traceback (most recent call last):
  File "/Users/minotaur/Project/TIHA-Bridge/.venv/lib/python3.14/site-packages/pymax/core.py", line 295, in start
    await self.connect(self.user_agent)
  File "/Users/minotaur/Project/TIHA-Bridge/.venv/lib/python3.14/site-packages/pymax/mixins/websocket.py", line 48, in connect
    self._ws = await websockets.connect(
               ^^^^^^^^^^^^^^^^^^^^^^^^^
    ...<4 lines>...
    )
    ^
  File "/Users/minotaur/Project/TIHA-Bridge/.venv/lib/python3.14/site-packages/websockets/asyncio/client.py", line 581, in __await_impl__
    raise TimeoutError("timed out during opening handshake") from exc
TimeoutError: timed out during opening handshake
2026-04-01 12:39:48 [INFO] pymax.core: Client start() cleaned up
2026-04-01 12:39:48 [INFO] pymax.core: Reconnect enabled — restarting client
2026-04-01 12:39:49 [INFO] pymax.core: Connecting to WebSocket wss://ws-api.oneme.ru/websocket
2026-04-01 12:39:49 [DEBUG] websockets.client: = connection is CONNECTING
2026-04-01 12:39:58 [DEBUG] discord.gateway: Received WSMessage(type=<WSMsgType.CLOSED: 257>, data=None, extra=None)
2026-04-01 12:39:58 [DEBUG] discord.gateway: Websocket closed with 1006, attempting a reconnect.
2026-04-01 12:39:58 [DEBUG] discord.client: Got a request to RESUME the websocket.
2026-04-01 12:39:58 [DEBUG] discord.client: Dispatching event disconnect
2026-04-01 12:39:58 [DEBUG] discord.gateway: Created websocket connected to wss://gateway-us-east1-d.discord.gg
2026-04-01 12:39:58 [DEBUG] discord.gateway: For Shard ID None: WebSocket Event: {'t': None, 's': None, 'op': 10, 'd': {'heartbeat_interval': 41250, '_trace': ['["gateway-prd-arm-us-east1-d-pmn4",{"micros":0.0}]']}}
2026-04-01 12:39:58 [DEBUG] discord.gateway: Shard ID None has sent the RESUME payload.
2026-04-01 12:39:59 [DEBUG] discord.gateway: For Shard ID None: WebSocket Event: {'t': None, 's': None, 'op': 11, 'd': None}
2026-04-01 12:39:59 [DEBUG] discord.gateway: For Shard ID None: WebSocket Event: {'t': 'RESUMED', 's': 3, 'op': 0, 'd': {'_trace': ['["gateway-prd-arm-us-east1-d-pmn4",{"micros":636,"calls":["id_created",{"micros":0,"calls":[]},"session_lookup_time",{"micros":291,"calls":[]},"session_lookup_finished",{"micros":8,"calls":[]},"sessions-prd-gcp-us-east1-d-14",{"micros":13}]}]']}}
2026-04-01 12:39:59 [DEBUG] discord.client: Dispatching event socket_event_type
2026-04-01 12:39:59 [INFO] discord.gateway: Shard ID None has successfully RESUMED session 6867632b91fcc409a826233b86c48e57.
2026-04-01 12:39:59 [DEBUG] discord.client: Dispatching event resumed
2026-04-01 12:39:59 [ERROR] pymax.core: Client start iteration failed
Traceback (most recent call last):
  File "/Users/minotaur/Project/TIHA-Bridge/.venv/lib/python3.14/site-packages/websockets/asyncio/client.py", line 544, in __await_impl__
    self.connection = await self.create_connection()
                      ^^^^^^^^^^^^^^^^^^^^^^^^^^^^^^
  File "/Users/minotaur/Project/TIHA-Bridge/.venv/lib/python3.14/site-packages/websockets/asyncio/client.py", line 470, in create_connection
    _, connection = await loop.create_connection(factory, **kwargs)
                    ^^^^^^^^^^^^^^^^^^^^^^^^^^^^^^^^^^^^^^^^^^^^^^^
  File "/opt/homebrew/Cellar/python@3.14/3.14.3_1/Frameworks/Python.framework/Versions/3.14/lib/python3.14/asyncio/base_events.py", line 1198, in create_connection
    transport, protocol = await self._create_connection_transport(
                          ^^^^^^^^^^^^^^^^^^^^^^^^^^^^^^^^^^^^^^^^
    ...<2 lines>...
        ssl_shutdown_timeout=ssl_shutdown_timeout)
        ^^^^^^^^^^^^^^^^^^^^^^^^^^^^^^^^^^^^^^^^^^
  File "/opt/homebrew/Cellar/python@3.14/3.14.3_1/Frameworks/Python.framework/Versions/3.14/lib/python3.14/asyncio/base_events.py", line 1231, in _create_connection_transport
    await waiter
asyncio.exceptions.CancelledError

The above exception was the direct cause of the following exception:

Traceback (most recent call last):
  File "/Users/minotaur/Project/TIHA-Bridge/.venv/lib/python3.14/site-packages/websockets/asyncio/client.py", line 542, in __await_impl__
    async with asyncio_timeout(self.open_timeout):
               ~~~~~~~~~~~~~~~^^^^^^^^^^^^^^^^^^^
  File "/opt/homebrew/Cellar/python@3.14/3.14.3_1/Frameworks/Python.framework/Versions/3.14/lib/python3.14/asyncio/timeouts.py", line 114, in __aexit__
    raise TimeoutError from exc_val
TimeoutError

The above exception was the direct cause of the following exception:

Traceback (most recent call last):
  File "/Users/minotaur/Project/TIHA-Bridge/.venv/lib/python3.14/site-packages/pymax/core.py", line 295, in start
    await self.connect(self.user_agent)
  File "/Users/minotaur/Project/TIHA-Bridge/.venv/lib/python3.14/site-packages/pymax/mixins/websocket.py", line 48, in connect
    self._ws = await websockets.connect(
               ^^^^^^^^^^^^^^^^^^^^^^^^^
    ...<4 lines>...
    )
    ^
  File "/Users/minotaur/Project/TIHA-Bridge/.venv/lib/python3.14/site-packages/websockets/asyncio/client.py", line 581, in __await_impl__
    raise TimeoutError("timed out during opening handshake") from exc
TimeoutError: timed out during opening handshake
2026-04-01 12:39:59 [INFO] pymax.core: Client start() cleaned up
2026-04-01 12:39:59 [INFO] pymax.core: Reconnect enabled — restarting client
2026-04-01 12:40:00 [INFO] pymax.core: Connecting to WebSocket wss://ws-api.oneme.ru/websocket
2026-04-01 12:40:00 [DEBUG] websockets.client: = connection is CONNECTING
2026-04-01 12:40:00 [DEBUG] websockets.client: > GET /websocket HTTP/1.1
2026-04-01 12:40:00 [DEBUG] websockets.client: > Host: ws-api.oneme.ru
2026-04-01 12:40:00 [DEBUG] websockets.client: > Origin: https://web.max.ru
2026-04-01 12:40:00 [DEBUG] websockets.client: > Upgrade: websocket
2026-04-01 12:40:00 [DEBUG] websockets.client: > Connection: Upgrade
2026-04-01 12:40:00 [DEBUG] websockets.client: > Sec-WebSocket-Key: t8rkPItdGivXqgEC/mye4w==
2026-04-01 12:40:00 [DEBUG] websockets.client: > Sec-WebSocket-Version: 13
2026-04-01 12:40:00 [DEBUG] websockets.client: > Sec-WebSocket-Extensions: permessage-deflate; client_max_window_bits
2026-04-01 12:40:00 [DEBUG] websockets.client: > User-Agent: Mozilla/5.0 (Windows NT 10.0; WOW64) AppleWebKit/537.36 (KHTML, like Gecko) Chrome/101.0.0.0 Safari/537.36
2026-04-01 12:40:00 [DEBUG] websockets.client: < HTTP/1.1 101 Switching Protocols
2026-04-01 12:40:00 [DEBUG] websockets.client: < upgrade: websocket
2026-04-01 12:40:00 [DEBUG] websockets.client: < connection: upgrade
2026-04-01 12:40:00 [DEBUG] websockets.client: < sec-websocket-accept: oa+AeowaYUuqqY+shzYbqD5lmMg=
2026-04-01 12:40:00 [DEBUG] websockets.client: < sec-websocket-extensions: permessage-deflate
2026-04-01 12:40:00 [DEBUG] websockets.client: = connection is OPEN
2026-04-01 12:40:00 [INFO] pymax.core: WebSocket connected, starting handshake
2026-04-01 12:40:00 [DEBUG] websockets.client: > TEXT '{"ver": 11, "cmd": 0, "seq": 64, "opcode": 6, "..."buildNumber": 38859}}}' [492 bytes]
2026-04-01 12:40:00 [DEBUG] websockets.client: < TEXT '{"ver":11,"cmd":1,"seq":64,"opcode":6,"payload"..."GE"],"location":"RU"}}' [154 bytes]
2026-04-01 12:40:00 [INFO] pymax.core: Handshake completed
2026-04-01 12:40:00 [INFO] pymax.core: Starting initial sync
2026-04-01 12:40:00 [DEBUG] websockets.client: > TEXT '{"ver": 11, "cmd": 0, "seq": 65, "opcode": 19, ..."buildNumber": 38859}}}' [1275 bytes]
2026-04-01 12:40:00 [DEBUG] websockets.client: < TEXT '{"ver":11,"cmd":1,"seq":65,"opcode":19,"payload...bU4j9rJND1amd6W8jxT0"}}' [10580 bytes]
2026-04-01 12:40:00 [DEBUG] websockets.client: < TEXT '{"ver":11,"cmd":0,"seq":1,"opcode":292,"payload...6,"showTime":86400000}}' [111 bytes]
2026-04-01 12:40:00 [INFO] pymax.core: Sync completed: dialogs=30 chats=20 channels=0
2026-04-01 12:40:00 [INFO] adapters.max.adapter: Max adapter started, 50 chats registered
2026-04-01 12:40:00 [DEBUG] websockets.client: > TEXT '{"ver": 11, "cmd": 0, "seq": 66, "opcode": 1, "... {"interactive": true}}' [79 bytes]
2026-04-01 12:40:00 [DEBUG] websockets.client: > TEXT '{"ver": 11, "cmd": 0, "seq": 67, "opcode": 5, "...id": 1775036277684}}]}}' [264 bytes]
2026-04-01 12:40:00 [DEBUG] websockets.client: < TEXT '{"ver":11,"cmd":1,"seq":66,"opcode":1,"payload":null}' [53 bytes]
2026-04-01 12:40:00 [DEBUG] websockets.client: < TEXT '{"ver":11,"cmd":1,"seq":67,"opcode":5,"payload":null}' [53 bytes]
2026-04-01 12:40:00 [DEBUG] websockets.client: > TEXT '{"ver": 11, "cmd": 0, "seq": 68, "opcode": 5, "...id": 1775036277684}}]}}' [259 bytes]
2026-04-01 12:40:00 [DEBUG] websockets.client: < TEXT '{"ver":11,"cmd":1,"seq":68,"opcode":5,"payload":null}' [53 bytes]
2026-04-01 12:40:01 [INFO] pymax.core: Sending message to chat_id=-72723141257889 notify=True
2026-04-01 12:40:01 [DEBUG] websockets.client: > TEXT '{"ver": 11, "cmd": 0, "seq": 69, "opcode": 64, ...null}, "notify": true}}' [388 bytes]
2026-04-01 12:40:01 [DEBUG] websockets.client: < TEXT '{"ver":11,"cmd":1,"seq":69,"opcode":64,"payload...,"mark":1775036401332}}' [313 bytes]
2026-04-01 12:40:05 [DEBUG] websockets.client: < TEXT '{"ver":11,"cmd":0,"seq":2,"opcode":132,"payload...:1},"userId":73874312}}' [111 bytes]
2026-04-01 12:40:06 [DEBUG] websockets.client: < TEXT '{"ver":11,"cmd":0,"seq":3,"opcode":130,"payload...,"mark":1775036406147}}' [135 bytes]
2026-04-01 12:40:10 [DEBUG] websockets.client: < TEXT '{"ver":11,"cmd":0,"seq":4,"opcode":129,"payload...889,"userId":73874312}}' [94 bytes]
2026-04-01 12:40:11 [DEBUG] websockets.client: < TEXT '{"ver":11,"cmd":0,"seq":5,"opcode":128,"payload...:"116328785597702760"}}' [278 bytes]
2026-04-01 12:40:11 [DEBUG] core.bus: Queued 0845c203-f3e9-4e54-a4c2-ddb1c81ccb27 → telegram/-1003612718582
2026-04-01 12:40:11 [DEBUG] websockets.client: > TEXT '{"ver": 11, "cmd": 0, "seq": 70, "opcode": 128,... "116328786279622937"}}' [122 bytes]
2026-04-01 12:40:11 [DEBUG] websockets.client: < TEXT '{"ver":11,"cmd":3,"seq":70,"opcode":128,"payloa...:"Неизвестный opcode"}}' [199 bytes]
2026-04-01 12:40:11 [DEBUG] websockets.client: < EOF
2026-04-01 12:40:11 [DEBUG] websockets.client: < EOF
2026-04-01 12:40:11 [DEBUG] websockets.client: > EOF
2026-04-01 12:40:11 [DEBUG] websockets.client: = connection is CLOSED
2026-04-01 12:40:11 [DEBUG] websockets.client: x closing TCP connection
2026-04-01 12:40:11 [INFO] pymax.core: Client start() cleaned up
2026-04-01 12:40:11 [INFO] pymax.core: Reconnect enabled — restarting client
2026-04-01 12:40:12 [INFO] core.bus: Delivered 0845c203-f3e9-4e54-a4c2-ddb1c81ccb27 → telegram/-1003612718582
2026-04-01 12:40:12 [INFO] pymax.core: Connecting to WebSocket wss://ws-api.oneme.ru/websocket
2026-04-01 12:40:12 [DEBUG] websockets.client: = connection is CONNECTING
2026-04-01 12:40:13 [DEBUG] websockets.client: > GET /websocket HTTP/1.1
2026-04-01 12:40:13 [DEBUG] websockets.client: > Host: ws-api.oneme.ru
2026-04-01 12:40:13 [DEBUG] websockets.client: > Origin: https://web.max.ru
2026-04-01 12:40:13 [DEBUG] websockets.client: > Upgrade: websocket
2026-04-01 12:40:13 [DEBUG] websockets.client: > Connection: Upgrade
2026-04-01 12:40:13 [DEBUG] websockets.client: > Sec-WebSocket-Key: yfAgGUvu5WszMzMq3amKGg==
2026-04-01 12:40:13 [DEBUG] websockets.client: > Sec-WebSocket-Version: 13
2026-04-01 12:40:13 [DEBUG] websockets.client: > Sec-WebSocket-Extensions: permessage-deflate; client_max_window_bits
2026-04-01 12:40:13 [DEBUG] websockets.client: > User-Agent: Mozilla/5.0 (Windows NT 10.0; WOW64) AppleWebKit/537.36 (KHTML, like Gecko) Chrome/101.0.0.0 Safari/537.36
2026-04-01 12:40:13 [DEBUG] websockets.client: < HTTP/1.1 101 Switching Protocols
2026-04-01 12:40:13 [DEBUG] websockets.client: < upgrade: websocket
2026-04-01 12:40:13 [DEBUG] websockets.client: < connection: upgrade
2026-04-01 12:40:13 [DEBUG] websockets.client: < sec-websocket-accept: 7Z5t97iXspTGyy/SAyASj1vSIMU=
2026-04-01 12:40:13 [DEBUG] websockets.client: < sec-websocket-extensions: permessage-deflate
2026-04-01 12:40:13 [DEBUG] websockets.client: = connection is OPEN
2026-04-01 12:40:13 [INFO] pymax.core: WebSocket connected, starting handshake
2026-04-01 12:40:13 [DEBUG] websockets.client: > TEXT '{"ver": 11, "cmd": 0, "seq": 71, "opcode": 6, "..."buildNumber": 38859}}}' [492 bytes]
2026-04-01 12:40:13 [DEBUG] websockets.client: < TEXT '{"ver":11,"cmd":1,"seq":71,"opcode":6,"payload"..."GE"],"location":"RU"}}' [154 bytes]
2026-04-01 12:40:13 [INFO] pymax.core: Handshake completed
2026-04-01 12:40:13 [INFO] pymax.core: Starting initial sync
2026-04-01 12:40:13 [DEBUG] websockets.client: > TEXT '{"ver": 11, "cmd": 0, "seq": 72, "opcode": 19, ..."buildNumber": 38859}}}' [1275 bytes]
2026-04-01 12:40:13 [DEBUG] websockets.client: < TEXT '{"ver":11,"cmd":1,"seq":72,"opcode":19,"payload...b8UdEUesKEM8c6OOjKD4"}}' [10525 bytes]
2026-04-01 12:40:13 [DEBUG] websockets.client: < TEXT '{"ver":11,"cmd":0,"seq":1,"opcode":292,"payload...6,"showTime":86400000}}' [111 bytes]
2026-04-01 12:40:13 [INFO] pymax.core: Sync completed: dialogs=33 chats=22 channels=0
2026-04-01 12:40:13 [INFO] adapters.max.adapter: Max adapter started, 55 chats registered
2026-04-01 12:40:13 [DEBUG] websockets.client: > TEXT '{"ver": 11, "cmd": 0, "seq": 73, "opcode": 1, "... {"interactive": true}}' [79 bytes]
2026-04-01 12:40:13 [DEBUG] websockets.client: > TEXT '{"ver": 11, "cmd": 0, "seq": 74, "opcode": 5, "...id": 1775036277684}}]}}' [264 bytes]
2026-04-01 12:40:13 [DEBUG] websockets.client: < TEXT '{"ver":11,"cmd":1,"seq":73,"opcode":1,"payload":null}' [53 bytes]
2026-04-01 12:40:13 [DEBUG] websockets.client: < TEXT '{"ver":11,"cmd":1,"seq":74,"opcode":5,"payload":null}' [53 bytes]
2026-04-01 12:40:13 [DEBUG] websockets.client: > TEXT '{"ver": 11, "cmd": 0, "seq": 75, "opcode": 5, "...id": 1775036277684}}]}}' [259 bytes]
2026-04-01 12:40:13 [DEBUG] websockets.client: < TEXT '{"ver":11,"cmd":1,"seq":75,"opcode":5,"payload":null}' [53 bytes]
2026-04-01 12:40:17 [DEBUG] websockets.client: < TEXT '{"ver":11,"cmd":0,"seq":2,"opcode":132,"payload...17},"userId":73874312}}' [100 bytes]
2026-04-01 12:40:28 [DEBUG] websockets.client: > TEXT '{"ver": 11, "cmd": 0, "seq": 76, "opcode": 5, "...id": 1775036277684}}]}}' [259 bytes]
2026-04-01 12:40:28 [DEBUG] websockets.client: < TEXT '{"ver":11,"cmd":1,"seq":76,"opcode":5,"payload":null}' [53 bytes]
2026-04-01 12:40:33 [DEBUG] websockets.client: > PING 16 a1 15 75 [binary, 4 bytes]
2026-04-01 12:40:33 [DEBUG] websockets.client: % sent keepalive ping
2026-04-01 12:40:33 [DEBUG] websockets.client: < PONG 16 a1 15 75 [binary, 4 bytes]
2026-04-01 12:40:33 [DEBUG] websockets.client: % received keepalive pong
2026-04-01 12:40:40 [DEBUG] discord.gateway: Keeping shard ID None websocket alive with sequence 3.
2026-04-01 12:40:40 [DEBUG] discord.gateway: For Shard ID None: WebSocket Event: {'t': None, 's': None, 'op': 11, 'd': None}
2026-04-01 12:40:43 [DEBUG] websockets.client: > TEXT '{"ver": 11, "cmd": 0, "seq": 77, "opcode": 1, "... {"interactive": true}}' [79 bytes]
2026-04-01 12:40:43 [DEBUG] websockets.client: < TEXT '{"ver":11,"cmd":1,"seq":77,"opcode":1,"payload":null}' [53 bytes]
2026-04-01 12:40:53 [DEBUG] websockets.client: > PING 29 81 13 17 [binary, 4 bytes]
2026-04-01 12:40:53 [DEBUG] websockets.client: % sent keepalive ping
2026-04-01 12:40:53 [DEBUG] websockets.client: < PONG 29 81 13 17 [binary, 4 bytes]
2026-04-01 12:40:53 [DEBUG] websockets.client: % received keepalive pong
2026-04-01 12:40:59 [INFO] aiogram.event: Update id=897338286 is handled. Duration 1 ms by bot id=8289166189
2026-04-01 12:40:59 [INFO] pymax.core: Sending message to chat_id=-72723141257889 notify=True
2026-04-01 12:40:59 [DEBUG] websockets.client: > TEXT '{"ver": 11, "cmd": 0, "seq": 78, "opcode": 64, ...null}, "notify": true}}' [371 bytes]
2026-04-01 12:40:59 [DEBUG] websockets.client: < TEXT '{"ver":11,"cmd":1,"seq":78,"opcode":64,"payload...,"mark":1775036459398}}' [308 bytes]
2026-04-01 12:41:03 [DEBUG] websockets.client: < TEXT '{"ver":11,"cmd":0,"seq":3,"opcode":132,"payload...:1},"userId":73874312}}' [111 bytes]
2026-04-01 12:41:03 [DEBUG] websockets.client: < TEXT '{"ver":11,"cmd":0,"seq":4,"opcode":130,"payload...,"mark":1775036463952}}' [135 bytes]
2026-04-01 12:41:04 [INFO] aiogram.event: Update id=897338287 is handled. Duration 2 ms by bot id=8289166189
2026-04-01 12:41:04 [INFO] pymax.core: Sending message to chat_id=-72723141257889 notify=True
2026-04-01 12:41:04 [DEBUG] websockets.client: > TEXT '{"ver": 11, "cmd": 0, "seq": 79, "opcode": 64, ...null}, "notify": true}}' [281 bytes]
2026-04-01 12:41:04 [DEBUG] websockets.client: < TEXT '{"ver":11,"cmd":1,"seq":79,"opcode":64,"payload...,"mark":1775036464367}}' [274 bytes]
2026-04-01 12:41:04 [DEBUG] websockets.client: < TEXT '{"ver":11,"cmd":0,"seq":5,"opcode":130,"payload...,"mark":1775036464900}}' [135 bytes]
2026-04-01 12:41:13 [DEBUG] websockets.client: < TEXT '{"ver":11,"cmd":0,"seq":6,"opcode":129,"payload...ER","userId":73874312}}' [111 bytes]
2026-04-01 12:41:13 [DEBUG] websockets.client: > PING 61 19 39 9d [binary, 4 bytes]
2026-04-01 12:41:13 [DEBUG] websockets.client: % sent keepalive ping
2026-04-01 12:41:13 [DEBUG] websockets.client: < PONG 61 19 39 9d [binary, 4 bytes]
2026-04-01 12:41:13 [DEBUG] websockets.client: % received keepalive pong
2026-04-01 12:41:13 [DEBUG] websockets.client: > TEXT '{"ver": 11, "cmd": 0, "seq": 80, "opcode": 1, "... {"interactive": true}}' [79 bytes]
2026-04-01 12:41:13 [DEBUG] websockets.client: < TEXT '{"ver":11,"cmd":1,"seq":80,"opcode":1,"payload":null}' [53 bytes]
2026-04-01 12:41:21 [DEBUG] discord.gateway: Keeping shard ID None websocket alive with sequence 3.
2026-04-01 12:41:21 [DEBUG] discord.gateway: For Shard ID None: WebSocket Event: {'t': None, 's': None, 'op': 11, 'd': None}
2026-04-01 12:41:21 [DEBUG] websockets.client: < TEXT '{"ver":11,"cmd":0,"seq":7,"opcode":129,"payload...TO","userId":73874312}}' [109 bytes]
2026-04-01 12:41:24 [DEBUG] websockets.client: < TEXT '{"ver":11,"cmd":0,"seq":8,"opcode":129,"payload...889,"userId":73874312}}' [94 bytes]
2026-04-01 12:41:24 [DEBUG] websockets.client: < TEXT '{"ver":11,"cmd":0,"seq":9,"opcode":129,"payload...TO","userId":73874312}}' [109 bytes]
2026-04-01 12:41:25 [DEBUG] websockets.client: < TEXT '{"ver":11,"cmd":0,"seq":10,"opcode":129,"payloa...889,"userId":73874312}}' [95 bytes]
2026-04-01 12:41:25 [DEBUG] websockets.client: < TEXT '{"ver":11,"cmd":0,"seq":11,"opcode":128,"payloa...:"116328789728773595"}}' [977 bytes]
2026-04-01 12:41:25 [DEBUG] httpcore.connection: connect_tcp.started host='i.oneme.ru' port=443 local_address=None timeout=30 socket_options=None
2026-04-01 12:41:25 [DEBUG] httpcore.connection: connect_tcp.complete return_value=<httpcore._backends.anyio.AnyIOStream object at 0x10b348440>
2026-04-01 12:41:25 [DEBUG] httpcore.connection: start_tls.started ssl_context=<ssl.SSLContext object at 0x10b267ad0> server_hostname='i.oneme.ru' timeout=30
2026-04-01 12:41:25 [DEBUG] websockets.client: < TEXT '{"ver":11,"cmd":0,"seq":12,"opcode":130,"payloa...,"mark":1775036485849}}' [148 bytes]
2026-04-01 12:41:27 [DEBUG] httpcore.connection: start_tls.complete return_value=<httpcore._backends.anyio.AnyIOStream object at 0x10b29ec10>
2026-04-01 12:41:27 [DEBUG] httpcore.http11: send_request_headers.started request=<Request [b'GET']>
2026-04-01 12:41:27 [DEBUG] httpcore.http11: send_request_headers.complete
2026-04-01 12:41:27 [DEBUG] httpcore.http11: send_request_body.started request=<Request [b'GET']>
2026-04-01 12:41:27 [DEBUG] httpcore.http11: send_request_body.complete
2026-04-01 12:41:27 [DEBUG] httpcore.http11: receive_response_headers.started request=<Request [b'GET']>
2026-04-01 12:41:27 [DEBUG] httpcore.http11: receive_response_headers.complete return_value=(b'HTTP/1.1', 200, b'OK', [(b'Server', b'Apache'), (b'Date', b'Wed, 01 Apr 2026 09:41:27 GMT'), (b'Content-Type', b'image/webp'), (b'Content-Length', b'72916'), (b'Connection', b'keep-alive'), (b'Accept-Ranges', b'bytes'), (b'Last-Modified', b'Sat, 31 Jan 2026 09:41:27 GMT'), (b'Cache-Control', b'private, max-age=100000000'), (b'Expires', b'Sun, 27 Dec 2026 09:41:27 GMT'), (b'ETag', b'"686897696a7c876b7e"'), (b'Timing-Allow-Origin', b'*'), (b'Access-Control-Allow-Origin', b'*'), (b'X-Robots-Tag', b'noindex, nofollow, noarchive, nosnippet, noimageindex'), (b'X-OK-Image', b'?1')])
2026-04-01 12:41:27 [INFO] httpx: HTTP Request: GET https://i.oneme.ru/i?r=BTE2sh_eZW7g8kugOdIm2NotZtVLGnQy5hYb90vckYuecDXEuWB1deLcHq0eIThDLAI "HTTP/1.1 200 OK"
2026-04-01 12:41:27 [DEBUG] httpcore.http11: receive_response_body.started request=<Request [b'GET']>
2026-04-01 12:41:27 [DEBUG] httpcore.http11: receive_response_body.complete
2026-04-01 12:41:27 [DEBUG] httpcore.http11: response_closed.started
2026-04-01 12:41:27 [DEBUG] httpcore.http11: response_closed.complete
2026-04-01 12:41:27 [DEBUG] httpcore.connection: close.started
2026-04-01 12:41:27 [DEBUG] httpcore.connection: close.complete
2026-04-01 12:41:27 [DEBUG] core.bus: Queued 09896bca-8203-468d-9ac5-0d3f6782ab5c → telegram/-1003612718582
2026-04-01 12:41:27 [DEBUG] websockets.client: > TEXT '{"ver": 11, "cmd": 0, "seq": 81, "opcode": 128,... "116328791118402639"}}' [122 bytes]
2026-04-01 12:41:27 [DEBUG] websockets.client: < TEXT '{"ver":11,"cmd":3,"seq":81,"opcode":128,"payloa...:"Неизвестный opcode"}}' [199 bytes]
2026-04-01 12:41:27 [DEBUG] websockets.client: < EOF
2026-04-01 12:41:27 [DEBUG] websockets.client: < EOF
2026-04-01 12:41:27 [DEBUG] websockets.client: > EOF
2026-04-01 12:41:27 [DEBUG] websockets.client: = connection is CLOSED
2026-04-01 12:41:27 [DEBUG] websockets.client: x closing TCP connection
2026-04-01 12:41:27 [INFO] pymax.core: Client start() cleaned up
2026-04-01 12:41:27 [INFO] pymax.core: Reconnect enabled — restarting client
2026-04-01 12:41:28 [INFO] pymax.core: Connecting to WebSocket wss://ws-api.oneme.ru/websocket
2026-04-01 12:41:28 [DEBUG] websockets.client: = connection is CONNECTING
2026-04-01 12:41:28 [INFO] core.bus: Delivered 09896bca-8203-468d-9ac5-0d3f6782ab5c → telegram/-1003612718582
2026-04-01 12:41:28 [DEBUG] websockets.client: > GET /websocket HTTP/1.1
2026-04-01 12:41:28 [DEBUG] websockets.client: > Host: ws-api.oneme.ru
2026-04-01 12:41:28 [DEBUG] websockets.client: > Origin: https://web.max.ru
2026-04-01 12:41:28 [DEBUG] websockets.client: > Upgrade: websocket
2026-04-01 12:41:28 [DEBUG] websockets.client: > Connection: Upgrade
2026-04-01 12:41:28 [DEBUG] websockets.client: > Sec-WebSocket-Key: JICzbprJSHj3Fje1DQvrkQ==
2026-04-01 12:41:28 [DEBUG] websockets.client: > Sec-WebSocket-Version: 13
2026-04-01 12:41:28 [DEBUG] websockets.client: > Sec-WebSocket-Extensions: permessage-deflate; client_max_window_bits
2026-04-01 12:41:28 [DEBUG] websockets.client: > User-Agent: Mozilla/5.0 (Windows NT 10.0; WOW64) AppleWebKit/537.36 (KHTML, like Gecko) Chrome/101.0.0.0 Safari/537.36
2026-04-01 12:41:28 [DEBUG] websockets.client: < HTTP/1.1 101 Switching Protocols
2026-04-01 12:41:28 [DEBUG] websockets.client: < upgrade: websocket
2026-04-01 12:41:28 [DEBUG] websockets.client: < connection: upgrade
2026-04-01 12:41:28 [DEBUG] websockets.client: < sec-websocket-accept: jrp+8HV8jxsh4EFNufVeYu8BRoM=
2026-04-01 12:41:28 [DEBUG] websockets.client: < sec-websocket-extensions: permessage-deflate
2026-04-01 12:41:28 [DEBUG] websockets.client: = connection is OPEN
2026-04-01 12:41:28 [INFO] pymax.core: WebSocket connected, starting handshake
2026-04-01 12:41:28 [DEBUG] websockets.client: > TEXT '{"ver": 11, "cmd": 0, "seq": 82, "opcode": 6, "..."buildNumber": 38859}}}' [492 bytes]
2026-04-01 12:41:28 [DEBUG] websockets.client: < TEXT '{"ver":11,"cmd":1,"seq":82,"opcode":6,"payload"..."GE"],"location":"RU"}}' [154 bytes]
2026-04-01 12:41:28 [INFO] pymax.core: Handshake completed
2026-04-01 12:41:28 [INFO] pymax.core: Starting initial sync
2026-04-01 12:41:28 [DEBUG] websockets.client: > TEXT '{"ver": 11, "cmd": 0, "seq": 83, "opcode": 19, ..."buildNumber": 38859}}}' [1275 bytes]
2026-04-01 12:41:28 [DEBUG] websockets.client: < TEXT '{"ver":11,"cmd":1,"seq":83,"opcode":19,"payload...0_PRxoa7Q-aHen2QwX1s"}}' [10535 bytes]
2026-04-01 12:41:28 [DEBUG] websockets.client: < TEXT '{"ver":11,"cmd":0,"seq":1,"opcode":292,"payload...6,"showTime":86400000}}' [111 bytes]
2026-04-01 12:41:28 [INFO] pymax.core: Sync completed: dialogs=36 chats=24 channels=0
2026-04-01 12:41:28 [INFO] adapters.max.adapter: Max adapter started, 60 chats registered
2026-04-01 12:41:28 [DEBUG] websockets.client: > TEXT '{"ver": 11, "cmd": 0, "seq": 84, "opcode": 1, "... {"interactive": true}}' [79 bytes]
2026-04-01 12:41:28 [DEBUG] websockets.client: > TEXT '{"ver": 11, "cmd": 0, "seq": 85, "opcode": 5, "...id": 1775036277684}}]}}' [264 bytes]
2026-04-01 12:41:28 [DEBUG] websockets.client: < TEXT '{"ver":11,"cmd":1,"seq":84,"opcode":1,"payload":null}' [53 bytes]
2026-04-01 12:41:28 [DEBUG] websockets.client: < TEXT '{"ver":11,"cmd":1,"seq":85,"opcode":5,"payload":null}' [53 bytes]
2026-04-01 12:41:28 [DEBUG] websockets.client: > TEXT '{"ver": 11, "cmd": 0, "seq": 86, "opcode": 5, "...id": 1775036277684}}]}}' [259 bytes]
2026-04-01 12:41:28 [DEBUG] websockets.client: < TEXT '{"ver":11,"cmd":1,"seq":86,"opcode":5,"payload":null}' [53 bytes]
2026-04-01 12:41:36 [DEBUG] websockets.client: < TEXT '{"ver":11,"cmd":0,"seq":2,"opcode":132,"payload...96},"userId":73874312}}' [100 bytes]
2026-04-01 12:41:39 [INFO] aiogram.event: Update id=897338288 is handled. Duration 2 ms by bot id=8289166189
2026-04-01 12:41:39 [INFO] pymax.core: Sending message to chat_id=-72723141257889 notify=True
2026-04-01 12:41:39 [DEBUG] websockets.client: > TEXT '{"ver": 11, "cmd": 0, "seq": 87, "opcode": 64, ...null}, "notify": true}}' [265 bytes]
2026-04-01 12:41:39 [DEBUG] websockets.client: < TEXT '{"ver":11,"cmd":1,"seq":87,"opcode":64,"payload...,"mark":1775036499545}}' [270 bytes]
2026-04-01 12:41:43 [DEBUG] websockets.client: < TEXT '{"ver":11,"cmd":0,"seq":3,"opcode":132,"payload...:1},"userId":73874312}}' [111 bytes]
2026-04-01 12:41:43 [DEBUG] websockets.client: < TEXT '{"ver":11,"cmd":0,"seq":4,"opcode":130,"payload...,"mark":1775036503429}}' [135 bytes]
2026-04-01 12:41:46 [DEBUG] websockets.client: < TEXT '{"ver":11,"cmd":0,"seq":5,"opcode":129,"payload...889,"userId":73874312}}' [94 bytes]
2026-04-01 12:41:48 [DEBUG] websockets.client: < TEXT '{"ver":11,"cmd":0,"seq":6,"opcode":128,"payload...:"116328792034190168"}}' [280 bytes]
2026-04-01 12:41:48 [DEBUG] core.bus: Queued 1a29a4bd-78aa-41f6-97af-8213dabe208a → telegram/-1003612718582
2026-04-01 12:41:48 [DEBUG] websockets.client: > TEXT '{"ver": 11, "cmd": 0, "seq": 88, "opcode": 128,... "116328792587846832"}}' [122 bytes]
2026-04-01 12:41:48 [DEBUG] websockets.client: < TEXT '{"ver":11,"cmd":3,"seq":88,"opcode":128,"payloa...:"Неизвестный opcode"}}' [199 bytes]
2026-04-01 12:41:48 [DEBUG] websockets.client: < EOF
2026-04-01 12:41:48 [DEBUG] websockets.client: < EOF
2026-04-01 12:41:48 [DEBUG] websockets.client: > EOF
2026-04-01 12:41:48 [DEBUG] websockets.client: = connection is CLOSED
2026-04-01 12:41:48 [DEBUG] websockets.client: x closing TCP connection
2026-04-01 12:41:48 [INFO] pymax.core: Client start() cleaned up
2026-04-01 12:41:48 [INFO] pymax.core: Reconnect enabled — restarting client
2026-04-01 12:41:48 [INFO] core.bus: Delivered 1a29a4bd-78aa-41f6-97af-8213dabe208a → telegram/-1003612718582
2026-04-01 12:41:49 [INFO] pymax.core: Connecting to WebSocket wss://ws-api.oneme.ru/websocket
2026-04-01 12:41:49 [DEBUG] websockets.client: = connection is CONNECTING
2026-04-01 12:41:49 [DEBUG] websockets.client: > GET /websocket HTTP/1.1
2026-04-01 12:41:49 [DEBUG] websockets.client: > Host: ws-api.oneme.ru
2026-04-01 12:41:49 [DEBUG] websockets.client: > Origin: https://web.max.ru
2026-04-01 12:41:49 [DEBUG] websockets.client: > Upgrade: websocket
2026-04-01 12:41:49 [DEBUG] websockets.client: > Connection: Upgrade
2026-04-01 12:41:49 [DEBUG] websockets.client: > Sec-WebSocket-Key: w6D1sSdYLYAAqjDqt8jUSA==
2026-04-01 12:41:49 [DEBUG] websockets.client: > Sec-WebSocket-Version: 13
2026-04-01 12:41:49 [DEBUG] websockets.client: > Sec-WebSocket-Extensions: permessage-deflate; client_max_window_bits
2026-04-01 12:41:49 [DEBUG] websockets.client: > User-Agent: Mozilla/5.0 (Windows NT 10.0; WOW64) AppleWebKit/537.36 (KHTML, like Gecko) Chrome/101.0.0.0 Safari/537.36
2026-04-01 12:41:49 [DEBUG] websockets.client: < HTTP/1.1 101 Switching Protocols
2026-04-01 12:41:49 [DEBUG] websockets.client: < upgrade: websocket
2026-04-01 12:41:49 [DEBUG] websockets.client: < connection: upgrade
2026-04-01 12:41:49 [DEBUG] websockets.client: < sec-websocket-accept: ngxD39LDAYJNJfrthlwW15OEdis=
2026-04-01 12:41:49 [DEBUG] websockets.client: < sec-websocket-extensions: permessage-deflate
2026-04-01 12:41:49 [DEBUG] websockets.client: = connection is OPEN
2026-04-01 12:41:49 [INFO] pymax.core: WebSocket connected, starting handshake
2026-04-01 12:41:49 [DEBUG] websockets.client: > TEXT '{"ver": 11, "cmd": 0, "seq": 89, "opcode": 6, "..."buildNumber": 38859}}}' [492 bytes]
2026-04-01 12:41:49 [DEBUG] websockets.client: < TEXT '{"ver":11,"cmd":1,"seq":89,"opcode":6,"payload"..."GE"],"location":"RU"}}' [154 bytes]
2026-04-01 12:41:49 [INFO] pymax.core: Handshake completed
2026-04-01 12:41:49 [INFO] pymax.core: Starting initial sync
2026-04-01 12:41:49 [DEBUG] websockets.client: > TEXT '{"ver": 11, "cmd": 0, "seq": 90, "opcode": 19, ..."buildNumber": 38859}}}' [1275 bytes]
2026-04-01 12:41:49 [DEBUG] websockets.client: < TEXT '{"ver":11,"cmd":1,"seq":90,"opcode":19,"payload...klkbXkYuC5wW1k_v0Ct8"}}' [10527 bytes]
2026-04-01 12:41:49 [DEBUG] websockets.client: < TEXT '{"ver":11,"cmd":0,"seq":1,"opcode":292,"payload...6,"showTime":86400000}}' [111 bytes]
2026-04-01 12:41:49 [INFO] pymax.core: Sync completed: dialogs=39 chats=26 channels=0
2026-04-01 12:41:49 [INFO] adapters.max.adapter: Max adapter started, 65 chats registered
2026-04-01 12:41:49 [DEBUG] websockets.client: > TEXT '{"ver": 11, "cmd": 0, "seq": 91, "opcode": 1, "... {"interactive": true}}' [79 bytes]
2026-04-01 12:41:49 [DEBUG] websockets.client: > TEXT '{"ver": 11, "cmd": 0, "seq": 92, "opcode": 5, "...id": 1775036277684}}]}}' [264 bytes]
2026-04-01 12:41:49 [DEBUG] websockets.client: < TEXT '{"ver":11,"cmd":1,"seq":91,"opcode":1,"payload":null}' [53 bytes]
2026-04-01 12:41:49 [DEBUG] websockets.client: < TEXT '{"ver":11,"cmd":1,"seq":92,"opcode":5,"payload":null}' [53 bytes]
2026-04-01 12:41:49 [DEBUG] websockets.client: > TEXT '{"ver": 11, "cmd": 0, "seq": 93, "opcode": 5, "...id": 1775036277684}}]}}' [259 bytes]
2026-04-01 12:41:49 [DEBUG] websockets.client: < TEXT '{"ver":11,"cmd":1,"seq":93,"opcode":5,"payload":null}' [53 bytes]
2026-04-01 12:41:51 [DEBUG] websockets.client: < TEXT '{"ver":11,"cmd":0,"seq":2,"opcode":129,"payload...889,"userId":73874312}}' [94 bytes]
2026-04-01 12:41:52 [DEBUG] websockets.client: < TEXT '{"ver":11,"cmd":0,"seq":3,"opcode":128,"payload...:"116328792587846832"}}' [290 bytes]
2026-04-01 12:41:52 [DEBUG] core.bus: Queued 22ef0a28-83b5-41a8-9f77-29245ad605d3 → telegram/-1003612718582
2026-04-01 12:41:52 [DEBUG] websockets.client: > TEXT '{"ver": 11, "cmd": 0, "seq": 94, "opcode": 128,... "116328792857391583"}}' [122 bytes]
2026-04-01 12:41:52 [DEBUG] websockets.client: < TEXT '{"ver":11,"cmd":3,"seq":94,"opcode":128,"payloa...:"Неизвестный opcode"}}' [199 bytes]
2026-04-01 12:41:52 [DEBUG] websockets.client: < EOF
2026-04-01 12:41:52 [DEBUG] websockets.client: < EOF
2026-04-01 12:41:52 [DEBUG] websockets.client: > EOF
2026-04-01 12:41:52 [DEBUG] websockets.client: = connection is CLOSED
2026-04-01 12:41:52 [DEBUG] websockets.client: x closing TCP connection
2026-04-01 12:41:52 [INFO] pymax.core: Client start() cleaned up
2026-04-01 12:41:52 [INFO] pymax.core: Reconnect enabled — restarting client
2026-04-01 12:41:52 [INFO] core.bus: Delivered 22ef0a28-83b5-41a8-9f77-29245ad605d3 → telegram/-1003612718582
2026-04-01 12:41:53 [INFO] pymax.core: Connecting to WebSocket wss://ws-api.oneme.ru/websocket
2026-04-01 12:41:53 [DEBUG] websockets.client: = connection is CONNECTING
2026-04-01 12:41:53 [DEBUG] websockets.client: > GET /websocket HTTP/1.1
2026-04-01 12:41:53 [DEBUG] websockets.client: > Host: ws-api.oneme.ru
2026-04-01 12:41:53 [DEBUG] websockets.client: > Origin: https://web.max.ru
2026-04-01 12:41:53 [DEBUG] websockets.client: > Upgrade: websocket
2026-04-01 12:41:53 [DEBUG] websockets.client: > Connection: Upgrade
2026-04-01 12:41:53 [DEBUG] websockets.client: > Sec-WebSocket-Key: IbnZGY0LqRSmSR85ppxsGA==
2026-04-01 12:41:53 [DEBUG] websockets.client: > Sec-WebSocket-Version: 13
2026-04-01 12:41:53 [DEBUG] websockets.client: > Sec-WebSocket-Extensions: permessage-deflate; client_max_window_bits
2026-04-01 12:41:53 [DEBUG] websockets.client: > User-Agent: Mozilla/5.0 (Windows NT 10.0; WOW64) AppleWebKit/537.36 (KHTML, like Gecko) Chrome/101.0.0.0 Safari/537.36
2026-04-01 12:41:53 [DEBUG] websockets.client: < HTTP/1.1 101 Switching Protocols
2026-04-01 12:41:53 [DEBUG] websockets.client: < upgrade: websocket
2026-04-01 12:41:53 [DEBUG] websockets.client: < connection: upgrade
2026-04-01 12:41:53 [DEBUG] websockets.client: < sec-websocket-accept: b8la+qiUDVYQs0UPZkbkN7gDq3E=
2026-04-01 12:41:53 [DEBUG] websockets.client: < sec-websocket-extensions: permessage-deflate
2026-04-01 12:41:53 [DEBUG] websockets.client: = connection is OPEN
2026-04-01 12:41:53 [INFO] pymax.core: WebSocket connected, starting handshake
2026-04-01 12:41:53 [DEBUG] websockets.client: > TEXT '{"ver": 11, "cmd": 0, "seq": 95, "opcode": 6, "..."buildNumber": 38859}}}' [492 bytes]
2026-04-01 12:41:53 [DEBUG] websockets.client: < TEXT '{"ver":11,"cmd":1,"seq":95,"opcode":6,"payload"..."GE"],"location":"RU"}}' [154 bytes]
2026-04-01 12:41:53 [INFO] pymax.core: Handshake completed
2026-04-01 12:41:53 [INFO] pymax.core: Starting initial sync
2026-04-01 12:41:53 [DEBUG] websockets.client: > TEXT '{"ver": 11, "cmd": 0, "seq": 96, "opcode": 19, ..."buildNumber": 38859}}}' [1275 bytes]
2026-04-01 12:41:53 [DEBUG] websockets.client: < TEXT '{"ver":11,"cmd":1,"seq":96,"opcode":19,"payload...4xy1ZpHMwD7-ig51kSQg"}}' [10537 bytes]
2026-04-01 12:41:53 [DEBUG] websockets.client: < TEXT '{"ver":11,"cmd":0,"seq":1,"opcode":292,"payload...6,"showTime":86400000}}' [111 bytes]
2026-04-01 12:41:53 [INFO] pymax.core: Sync completed: dialogs=42 chats=28 channels=0
2026-04-01 12:41:53 [INFO] adapters.max.adapter: Max adapter started, 70 chats registered
2026-04-01 12:41:53 [DEBUG] websockets.client: > TEXT '{"ver": 11, "cmd": 0, "seq": 97, "opcode": 1, "... {"interactive": true}}' [79 bytes]
2026-04-01 12:41:53 [DEBUG] websockets.client: > TEXT '{"ver": 11, "cmd": 0, "seq": 98, "opcode": 5, "...id": 1775036277684}}]}}' [264 bytes]
2026-04-01 12:41:53 [DEBUG] websockets.client: < TEXT '{"ver":11,"cmd":1,"seq":97,"opcode":1,"payload":null}' [53 bytes]
2026-04-01 12:41:53 [DEBUG] websockets.client: < TEXT '{"ver":11,"cmd":1,"seq":98,"opcode":5,"payload":null}' [53 bytes]
2026-04-01 12:41:53 [DEBUG] websockets.client: > TEXT '{"ver": 11, "cmd": 0, "seq": 99, "opcode": 5, "...id": 1775036277684}}]}}' [259 bytes]
2026-04-01 12:41:53 [DEBUG] websockets.client: < TEXT '{"ver":11,"cmd":1,"seq":99,"opcode":5,"payload":null}' [53 bytes]
2026-04-01 12:41:53 [DEBUG] websockets.client: < TEXT '{"ver":11,"cmd":0,"seq":2,"opcode":132,"payload...13},"userId":73874312}}' [100 bytes]
2026-04-01 12:41:54 [INFO] aiogram.event: Update id=897338289 is handled. Duration 1 ms by bot id=8289166189
2026-04-01 12:41:54 [INFO] pymax.core: Sending message to chat_id=-72723141257889 notify=True
2026-04-01 12:41:54 [DEBUG] websockets.client: > TEXT '{"ver": 11, "cmd": 0, "seq": 100, "opcode": 64,...null}, "notify": true}}' [214 bytes]
2026-04-01 12:41:54 [DEBUG] websockets.client: < TEXT '{"ver":11,"cmd":1,"seq":100,"opcode":64,"payloa...,"mark":1775036514694}}' [251 bytes]
2026-04-01 12:41:58 [DEBUG] discord.gateway: Received WSMessage(type=<WSMsgType.CLOSED: 257>, data=None, extra=None)
2026-04-01 12:41:58 [DEBUG] discord.gateway: Websocket closed with 1006, attempting a reconnect.
2026-04-01 12:41:58 [DEBUG] discord.client: Got a request to RESUME the websocket.
2026-04-01 12:41:58 [DEBUG] discord.client: Dispatching event disconnect
2026-04-01 12:41:59 [DEBUG] discord.gateway: Created websocket connected to wss://gateway-us-east1-d.discord.gg
2026-04-01 12:41:59 [DEBUG] discord.gateway: For Shard ID None: WebSocket Event: {'t': None, 's': None, 'op': 10, 'd': {'heartbeat_interval': 41250, '_trace': ['["gateway-prd-arm-us-east1-d-93d9",{"micros":0.0}]']}}
2026-04-01 12:41:59 [DEBUG] discord.gateway: Shard ID None has sent the RESUME payload.
2026-04-01 12:41:59 [DEBUG] discord.gateway: For Shard ID None: WebSocket Event: {'t': None, 's': None, 'op': 11, 'd': None}
2026-04-01 12:41:59 [DEBUG] discord.gateway: For Shard ID None: WebSocket Event: {'t': 'RESUMED', 's': 4, 'op': 0, 'd': {'_trace': ['["gateway-prd-arm-us-east1-d-93d9",{"micros":682,"calls":["id_created",{"micros":0,"calls":[]},"session_lookup_time",{"micros":298,"calls":[]},"session_lookup_finished",{"micros":10,"calls":[]},"sessions-prd-gcp-us-east1-d-14",{"micros":14}]}]']}}
2026-04-01 12:41:59 [DEBUG] discord.client: Dispatching event socket_event_type
2026-04-01 12:41:59 [INFO] discord.gateway: Shard ID None has successfully RESUMED session 6867632b91fcc409a826233b86c48e57.
2026-04-01 12:41:59 [DEBUG] discord.client: Dispatching event resumed
2026-04-01 12:42:00 [DEBUG] websockets.client: < TEXT '{"ver":11,"cmd":0,"seq":3,"opcode":132,"payload...:1},"userId":73874312}}' [111 bytes]
2026-04-01 12:42:00 [DEBUG] websockets.client: < TEXT '{"ver":11,"cmd":0,"seq":4,"opcode":130,"payload...,"mark":1775036520174}}' [135 bytes]
2026-04-01 12:42:02 [DEBUG] websockets.client: < TEXT '{"ver":11,"cmd":0,"seq":5,"opcode":129,"payload...889,"userId":73874312}}' [94 bytes]
2026-04-01 12:42:02 [INFO] aiogram.event: Update id=897338290 is handled. Duration 2 ms by bot id=8289166189
2026-04-01 12:42:02 [INFO] pymax.core: Sending message to chat_id=-72723141257889 notify=True
2026-04-01 12:42:02 [DEBUG] websockets.client: > TEXT '{"ver": 11, "cmd": 0, "seq": 101, "opcode": 64,...null}, "notify": true}}' [312 bytes]
2026-04-01 12:42:02 [DEBUG] websockets.client: < TEXT '{"ver":11,"cmd":1,"seq":101,"opcode":64,"payloa...,"mark":1775036522841}}' [285 bytes]
2026-04-01 12:42:03 [DEBUG] websockets.client: < TEXT '{"ver":11,"cmd":0,"seq":6,"opcode":130,"payload...,"mark":1775036523404}}' [135 bytes]
2026-04-01 12:42:07 [DEBUG] websockets.client: < TEXT '{"ver":11,"cmd":0,"seq":7,"opcode":129,"payload...889,"userId":73874312}}' [94 bytes]
2026-04-01 12:42:08 [DEBUG] websockets.client: < TEXT '{"ver":11,"cmd":0,"seq":8,"opcode":128,"payload...:"116328793560940264"}}' [310 bytes]
2026-04-01 12:42:08 [DEBUG] core.bus: Queued e06512e9-5692-4bef-bf73-71e9abde183f → telegram/-1003612718582
2026-04-01 12:42:08 [DEBUG] websockets.client: > TEXT '{"ver": 11, "cmd": 0, "seq": 102, "opcode": 128... "116328793926668364"}}' [123 bytes]
2026-04-01 12:42:08 [DEBUG] websockets.client: < TEXT '{"ver":11,"cmd":3,"seq":102,"opcode":128,"paylo...:"Неизвестный opcode"}}' [200 bytes]
2026-04-01 12:42:08 [DEBUG] websockets.client: < EOF
2026-04-01 12:42:08 [DEBUG] websockets.client: < EOF
2026-04-01 12:42:08 [DEBUG] websockets.client: > EOF
2026-04-01 12:42:08 [DEBUG] websockets.client: = connection is CLOSED
2026-04-01 12:42:08 [DEBUG] websockets.client: x closing TCP connection
2026-04-01 12:42:08 [INFO] pymax.core: Client start() cleaned up
2026-04-01 12:42:08 [INFO] pymax.core: Reconnect enabled — restarting client
2026-04-01 12:42:09 [INFO] core.bus: Delivered e06512e9-5692-4bef-bf73-71e9abde183f → telegram/-1003612718582
2026-04-01 12:42:09 [INFO] pymax.core: Connecting to WebSocket wss://ws-api.oneme.ru/websocket
2026-04-01 12:42:09 [DEBUG] websockets.client: = connection is CONNECTING
2026-04-01 12:42:14 [INFO] aiogram.event: Update id=897338291 is handled. Duration 2 ms by bot id=8289166189
2026-04-01 12:42:17 [DEBUG] websockets.client: > GET /websocket HTTP/1.1
2026-04-01 12:42:17 [DEBUG] websockets.client: > Host: ws-api.oneme.ru
2026-04-01 12:42:17 [DEBUG] websockets.client: > Origin: https://web.max.ru
2026-04-01 12:42:17 [DEBUG] websockets.client: > Upgrade: websocket
2026-04-01 12:42:17 [DEBUG] websockets.client: > Connection: Upgrade
2026-04-01 12:42:17 [DEBUG] websockets.client: > Sec-WebSocket-Key: yOf9b721grgB0U5SIei4Ag==
2026-04-01 12:42:17 [DEBUG] websockets.client: > Sec-WebSocket-Version: 13
2026-04-01 12:42:17 [DEBUG] websockets.client: > Sec-WebSocket-Extensions: permessage-deflate; client_max_window_bits
2026-04-01 12:42:17 [DEBUG] websockets.client: > User-Agent: Mozilla/5.0 (Windows NT 10.0; WOW64) AppleWebKit/537.36 (KHTML, like Gecko) Chrome/101.0.0.0 Safari/537.36
2026-04-01 12:42:18 [INFO] aiogram.event: Update id=897338292 is handled. Duration 2 ms by bot id=8289166189
2026-04-01 12:42:19 [ERROR] pymax.core: Client start iteration failed
Traceback (most recent call last):
  File "/Users/minotaur/Project/TIHA-Bridge/.venv/lib/python3.14/site-packages/websockets/asyncio/client.py", line 546, in __await_impl__
    await self.connection.handshake(
    ...<2 lines>...
    )
  File "/Users/minotaur/Project/TIHA-Bridge/.venv/lib/python3.14/site-packages/websockets/asyncio/client.py", line 105, in handshake
    await asyncio.wait(
    ...<2 lines>...
    )
  File "/opt/homebrew/Cellar/python@3.14/3.14.3_1/Frameworks/Python.framework/Versions/3.14/lib/python3.14/asyncio/tasks.py", line 432, in wait
    return await _wait(fs, timeout, return_when, loop)
           ^^^^^^^^^^^^^^^^^^^^^^^^^^^^^^^^^^^^^^^^^^^
  File "/opt/homebrew/Cellar/python@3.14/3.14.3_1/Frameworks/Python.framework/Versions/3.14/lib/python3.14/asyncio/tasks.py", line 521, in _wait
    await waiter
asyncio.exceptions.CancelledError

The above exception was the direct cause of the following exception:

Traceback (most recent call last):
  File "/Users/minotaur/Project/TIHA-Bridge/.venv/lib/python3.14/site-packages/websockets/asyncio/client.py", line 542, in __await_impl__
    async with asyncio_timeout(self.open_timeout):
               ~~~~~~~~~~~~~~~^^^^^^^^^^^^^^^^^^^
  File "/opt/homebrew/Cellar/python@3.14/3.14.3_1/Frameworks/Python.framework/Versions/3.14/lib/python3.14/asyncio/timeouts.py", line 114, in __aexit__
    raise TimeoutError from exc_val
TimeoutError

The above exception was the direct cause of the following exception:

Traceback (most recent call last):
  File "/Users/minotaur/Project/TIHA-Bridge/.venv/lib/python3.14/site-packages/pymax/core.py", line 295, in start
    await self.connect(self.user_agent)
  File "/Users/minotaur/Project/TIHA-Bridge/.venv/lib/python3.14/site-packages/pymax/mixins/websocket.py", line 48, in connect
    self._ws = await websockets.connect(
               ^^^^^^^^^^^^^^^^^^^^^^^^^
    ...<4 lines>...
    )
    ^
  File "/Users/minotaur/Project/TIHA-Bridge/.venv/lib/python3.14/site-packages/websockets/asyncio/client.py", line 581, in __await_impl__
    raise TimeoutError("timed out during opening handshake") from exc
TimeoutError: timed out during opening handshake
2026-04-01 12:42:19 [INFO] pymax.core: Client start() cleaned up
2026-04-01 12:42:19 [INFO] pymax.core: Reconnect enabled — restarting client
2026-04-01 12:42:19 [DEBUG] websockets.client: > EOF
2026-04-01 12:42:19 [DEBUG] websockets.client: < EOF
2026-04-01 12:42:19 [DEBUG] websockets.client: = connection is CLOSED
2026-04-01 12:42:20 [INFO] pymax.core: Connecting to WebSocket wss://ws-api.oneme.ru/websocket
2026-04-01 12:42:20 [DEBUG] websockets.client: = connection is CONNECTING
2026-04-01 12:42:20 [DEBUG] websockets.client: > GET /websocket HTTP/1.1
2026-04-01 12:42:20 [DEBUG] websockets.client: > Host: ws-api.oneme.ru
2026-04-01 12:42:20 [DEBUG] websockets.client: > Origin: https://web.max.ru
2026-04-01 12:42:20 [DEBUG] websockets.client: > Upgrade: websocket
2026-04-01 12:42:20 [DEBUG] websockets.client: > Connection: Upgrade
2026-04-01 12:42:20 [DEBUG] websockets.client: > Sec-WebSocket-Key: axROpJhbVRSr9/nTSAHfgQ==
2026-04-01 12:42:20 [DEBUG] websockets.client: > Sec-WebSocket-Version: 13
2026-04-01 12:42:20 [DEBUG] websockets.client: > Sec-WebSocket-Extensions: permessage-deflate; client_max_window_bits
2026-04-01 12:42:20 [DEBUG] websockets.client: > User-Agent: Mozilla/5.0 (Windows NT 10.0; WOW64) AppleWebKit/537.36 (KHTML, like Gecko) Chrome/101.0.0.0 Safari/537.36
2026-04-01 12:42:20 [DEBUG] websockets.client: < HTTP/1.1 101 Switching Protocols
2026-04-01 12:42:20 [DEBUG] websockets.client: < upgrade: websocket
2026-04-01 12:42:20 [DEBUG] websockets.client: < connection: upgrade
2026-04-01 12:42:20 [DEBUG] websockets.client: < sec-websocket-accept: afMQh3egGiTX8xChaJTF1Z0d2mc=
2026-04-01 12:42:20 [DEBUG] websockets.client: < sec-websocket-extensions: permessage-deflate
2026-04-01 12:42:20 [DEBUG] websockets.client: = connection is OPEN
2026-04-01 12:42:20 [INFO] pymax.core: WebSocket connected, starting handshake
2026-04-01 12:42:20 [DEBUG] websockets.client: > TEXT '{"ver": 11, "cmd": 0, "seq": 103, "opcode": 6, ..."buildNumber": 38859}}}' [493 bytes]
2026-04-01 12:42:20 [DEBUG] websockets.client: < TEXT '{"ver":11,"cmd":1,"seq":103,"opcode":6,"payload..."GE"],"location":"RU"}}' [155 bytes]
2026-04-01 12:42:20 [INFO] pymax.core: Handshake completed
2026-04-01 12:42:20 [INFO] pymax.core: Starting initial sync
2026-04-01 12:42:20 [DEBUG] websockets.client: > TEXT '{"ver": 11, "cmd": 0, "seq": 104, "opcode": 19,..."buildNumber": 38859}}}' [1276 bytes]
2026-04-01 12:42:20 [DEBUG] websockets.client: < TEXT '{"ver":11,"cmd":1,"seq":104,"opcode":19,"payloa...ZlHfV60CCLmVSTowEDyA"}}' [10530 bytes]
2026-04-01 12:42:20 [DEBUG] websockets.client: < TEXT '{"ver":11,"cmd":0,"seq":1,"opcode":292,"payload...6,"showTime":86400000}}' [111 bytes]
2026-04-01 12:42:20 [INFO] pymax.core: Sync completed: dialogs=45 chats=30 channels=0
2026-04-01 12:42:20 [INFO] adapters.max.adapter: Max adapter started, 75 chats registered
2026-04-01 12:42:20 [DEBUG] websockets.client: > TEXT '{"ver": 11, "cmd": 0, "seq": 105, "opcode": 1, ... {"interactive": true}}' [80 bytes]
2026-04-01 12:42:20 [DEBUG] websockets.client: > TEXT '{"ver": 11, "cmd": 0, "seq": 106, "opcode": 5, ...id": 1775036277684}}]}}' [265 bytes]
2026-04-01 12:42:20 [DEBUG] websockets.client: < TEXT '{"ver":11,"cmd":1,"seq":105,"opcode":1,"payload":null}' [54 bytes]
2026-04-01 12:42:20 [DEBUG] websockets.client: < TEXT '{"ver":11,"cmd":1,"seq":106,"opcode":5,"payload":null}' [54 bytes]
2026-04-01 12:42:20 [DEBUG] websockets.client: > TEXT '{"ver": 11, "cmd": 0, "seq": 107, "opcode": 5, ...id": 1775036277684}}]}}' [260 bytes]
2026-04-01 12:42:20 [DEBUG] websockets.client: < TEXT '{"ver":11,"cmd":1,"seq":107,"opcode":5,"payload":null}' [54 bytes]
2026-04-01 12:42:21 [INFO] pymax.core: Sending message to chat_id=-72723141257889 notify=True
2026-04-01 12:42:21 [DEBUG] websockets.client: > TEXT '{"ver": 11, "cmd": 0, "seq": 108, "opcode": 64,...null}, "notify": true}}' [295 bytes]
2026-04-01 12:42:21 [DEBUG] websockets.client: < TEXT '{"ver":11,"cmd":1,"seq":108,"opcode":64,"payloa...,"mark":1775036541178}}' [280 bytes]
2026-04-01 12:42:21 [INFO] pymax.core: Sending message to chat_id=-72723141257889 notify=True
2026-04-01 12:42:21 [DEBUG] websockets.client: > TEXT '{"ver": 11, "cmd": 0, "seq": 109, "opcode": 64,...null}, "notify": true}}' [228 bytes]
2026-04-01 12:42:21 [DEBUG] websockets.client: < TEXT '{"ver":11,"cmd":1,"seq":109,"opcode":64,"payloa...,"mark":1775036541518}}' [257 bytes]
2026-04-01 12:42:27 [DEBUG] websockets.client: < TEXT '{"ver":11,"cmd":0,"seq":2,"opcode":132,"payload...:1},"userId":73874312}}' [111 bytes]
2026-04-01 12:42:27 [DEBUG] websockets.client: < TEXT '{"ver":11,"cmd":0,"seq":3,"opcode":130,"payload...,"mark":1775036547728}}' [135 bytes]
2026-04-01 12:42:33 [DEBUG] websockets.client: > TEXT '{"ver": 11, "cmd": 0, "seq": 110, "opcode": 5, ...id": 1775036277684}}]}}' [260 bytes]
2026-04-01 12:42:33 [DEBUG] websockets.client: < TEXT '{"ver":11,"cmd":1,"seq":110,"opcode":5,"payload":null}' [54 bytes]
2026-04-01 12:42:36 [DEBUG] websockets.client: < TEXT '{"ver":11,"cmd":0,"seq":4,"opcode":129,"payload...889,"userId":73874312}}' [94 bytes]
2026-04-01 12:42:40 [DEBUG] websockets.client: < TEXT '{"ver":11,"cmd":0,"seq":5,"opcode":128,"payload...:"116328794784924136"}}' [288 bytes]
2026-04-01 12:42:40 [DEBUG] core.bus: Queued 1ad20afc-ec43-4c67-b6d0-1404c1cebb97 → telegram/-1003612718582
2026-04-01 12:42:40 [DEBUG] websockets.client: > TEXT '{"ver": 11, "cmd": 0, "seq": 111, "opcode": 128... "116328795993343256"}}' [123 bytes]
2026-04-01 12:42:40 [DEBUG] websockets.client: < TEXT '{"ver":11,"cmd":3,"seq":111,"opcode":128,"paylo...:"Неизвестный opcode"}}' [200 bytes]
2026-04-01 12:42:40 [DEBUG] websockets.client: < EOF
2026-04-01 12:42:40 [DEBUG] websockets.client: < EOF
2026-04-01 12:42:40 [DEBUG] websockets.client: > EOF
2026-04-01 12:42:40 [DEBUG] websockets.client: = connection is CLOSED
2026-04-01 12:42:40 [DEBUG] websockets.client: x closing TCP connection
2026-04-01 12:42:40 [INFO] pymax.core: Client start() cleaned up
2026-04-01 12:42:40 [INFO] pymax.core: Reconnect enabled — restarting client
2026-04-01 12:42:40 [DEBUG] discord.gateway: Keeping shard ID None websocket alive with sequence 4.
2026-04-01 12:42:40 [DEBUG] discord.gateway: For Shard ID None: WebSocket Event: {'t': None, 's': None, 'op': 11, 'd': None}
2026-04-01 12:42:40 [INFO] core.bus: Delivered 1ad20afc-ec43-4c67-b6d0-1404c1cebb97 → telegram/-1003612718582
2026-04-01 12:42:41 [INFO] pymax.core: Connecting to WebSocket wss://ws-api.oneme.ru/websocket
2026-04-01 12:42:41 [DEBUG] websockets.client: = connection is CONNECTING
2026-04-01 12:42:45 [DEBUG] websockets.client: > GET /websocket HTTP/1.1
2026-04-01 12:42:45 [DEBUG] websockets.client: > Host: ws-api.oneme.ru
2026-04-01 12:42:45 [DEBUG] websockets.client: > Origin: https://web.max.ru
2026-04-01 12:42:45 [DEBUG] websockets.client: > Upgrade: websocket
2026-04-01 12:42:45 [DEBUG] websockets.client: > Connection: Upgrade
2026-04-01 12:42:45 [DEBUG] websockets.client: > Sec-WebSocket-Key: sZTv2UU4BLVLBJrcE6ZEkw==
2026-04-01 12:42:45 [DEBUG] websockets.client: > Sec-WebSocket-Version: 13
2026-04-01 12:42:45 [DEBUG] websockets.client: > Sec-WebSocket-Extensions: permessage-deflate; client_max_window_bits
2026-04-01 12:42:45 [DEBUG] websockets.client: > User-Agent: Mozilla/5.0 (Windows NT 10.0; WOW64) AppleWebKit/537.36 (KHTML, like Gecko) Chrome/101.0.0.0 Safari/537.36
2026-04-01 12:42:45 [DEBUG] websockets.client: < HTTP/1.1 101 Switching Protocols
2026-04-01 12:42:45 [DEBUG] websockets.client: < upgrade: websocket
2026-04-01 12:42:45 [DEBUG] websockets.client: < connection: upgrade
2026-04-01 12:42:45 [DEBUG] websockets.client: < sec-websocket-accept: nYBCWpxVDAdOC23/ZDHFhhqgFI0=
2026-04-01 12:42:45 [DEBUG] websockets.client: < sec-websocket-extensions: permessage-deflate
2026-04-01 12:42:45 [DEBUG] websockets.client: = connection is OPEN
2026-04-01 12:42:45 [INFO] pymax.core: WebSocket connected, starting handshake
2026-04-01 12:42:45 [DEBUG] websockets.client: > TEXT '{"ver": 11, "cmd": 0, "seq": 112, "opcode": 6, ..."buildNumber": 38859}}}' [493 bytes]
2026-04-01 12:42:45 [DEBUG] websockets.client: < TEXT '{"ver":11,"cmd":1,"seq":112,"opcode":6,"payload..."GE"],"location":"RU"}}' [155 bytes]
2026-04-01 12:42:45 [INFO] pymax.core: Handshake completed
2026-04-01 12:42:45 [INFO] pymax.core: Starting initial sync
2026-04-01 12:42:45 [DEBUG] websockets.client: > TEXT '{"ver": 11, "cmd": 0, "seq": 113, "opcode": 19,..."buildNumber": 38859}}}' [1276 bytes]
2026-04-01 12:42:45 [DEBUG] websockets.client: < TEXT '{"ver":11,"cmd":1,"seq":113,"opcode":19,"payloa...WdJLh1EBxCNlmQt46nbM"}}' [10536 bytes]
2026-04-01 12:42:45 [DEBUG] websockets.client: < TEXT '{"ver":11,"cmd":0,"seq":1,"opcode":292,"payload...6,"showTime":86400000}}' [111 bytes]
2026-04-01 12:42:45 [INFO] pymax.core: Sync completed: dialogs=48 chats=32 channels=0
2026-04-01 12:42:45 [INFO] adapters.max.adapter: Max adapter started, 80 chats registered
2026-04-01 12:42:45 [DEBUG] websockets.client: > TEXT '{"ver": 11, "cmd": 0, "seq": 114, "opcode": 1, ... {"interactive": true}}' [80 bytes]
2026-04-01 12:42:45 [DEBUG] websockets.client: > TEXT '{"ver": 11, "cmd": 0, "seq": 115, "opcode": 5, ...id": 1775036277684}}]}}' [265 bytes]
2026-04-01 12:42:45 [DEBUG] websockets.client: < TEXT '{"ver":11,"cmd":1,"seq":114,"opcode":1,"payload":null}' [54 bytes]
2026-04-01 12:42:45 [DEBUG] websockets.client: < TEXT '{"ver":11,"cmd":1,"seq":115,"opcode":5,"payload":null}' [54 bytes]
2026-04-01 12:42:45 [DEBUG] websockets.client: > TEXT '{"ver": 11, "cmd": 0, "seq": 116, "opcode": 5, ...id": 1775036277684}}]}}' [260 bytes]
2026-04-01 12:42:45 [DEBUG] websockets.client: < TEXT '{"ver":11,"cmd":1,"seq":116,"opcode":5,"payload":null}' [54 bytes]
2026-04-01 12:42:48 [DEBUG] websockets.client: < TEXT '{"ver":11,"cmd":0,"seq":2,"opcode":132,"payload...68},"userId":73874312}}' [100 bytes]
2026-04-01 12:42:50 [DEBUG] websockets.client: < TEXT '{"ver":11,"cmd":0,"seq":3,"opcode":132,"payload...:1},"userId":73874312}}' [111 bytes]
2026-04-01 12:42:53 [DEBUG] websockets.client: < TEXT '{"ver":11,"cmd":0,"seq":4,"opcode":132,"payload...73},"userId":73874312}}' [100 bytes]
2026-04-01 12:43:05 [DEBUG] websockets.client: > PING 85 fc df 9b [binary, 4 bytes]
2026-04-01 12:43:05 [DEBUG] websockets.client: % sent keepalive ping
2026-04-01 12:43:05 [DEBUG] websockets.client: < PONG 85 fc df 9b [binary, 4 bytes]
2026-04-01 12:43:05 [DEBUG] websockets.client: % received keepalive pong
2026-04-01 12:43:15 [DEBUG] websockets.client: > TEXT '{"ver": 11, "cmd": 0, "seq": 117, "opcode": 1, ... {"interactive": true}}' [80 bytes]
2026-04-01 12:43:15 [DEBUG] websockets.client: < TEXT '{"ver":11,"cmd":1,"seq":117,"opcode":1,"payload":null}' [54 bytes]
2026-04-01 12:43:21 [DEBUG] discord.gateway: Keeping shard ID None websocket alive with sequence 4.
2026-04-01 12:43:21 [DEBUG] discord.gateway: For Shard ID None: WebSocket Event: {'t': None, 's': None, 'op': 11, 'd': None}
2026-04-01 12:43:25 [DEBUG] websockets.client: > PING f9 82 4e bf [binary, 4 bytes]
2026-04-01 12:43:25 [DEBUG] websockets.client: % sent keepalive ping
2026-04-01 12:43:25 [DEBUG] websockets.client: < PONG f9 82 4e bf [binary, 4 bytes]
2026-04-01 12:43:25 [DEBUG] websockets.client: % received keepalive pong
2026-04-01 12:43:45 [DEBUG] websockets.client: > PING 4b cf 44 3a [binary, 4 bytes]
2026-04-01 12:43:45 [DEBUG] websockets.client: % sent keepalive ping
2026-04-01 12:43:45 [DEBUG] websockets.client: < PONG 4b cf 44 3a [binary, 4 bytes]
2026-04-01 12:43:45 [DEBUG] websockets.client: % received keepalive pong
2026-04-01 12:43:45 [DEBUG] websockets.client: > TEXT '{"ver": 11, "cmd": 0, "seq": 118, "opcode": 1, ... {"interactive": true}}' [80 bytes]
2026-04-01 12:43:45 [DEBUG] websockets.client: < TEXT '{"ver":11,"cmd":1,"seq":118,"opcode":1,"payload":null}' [54 bytes]
2026-04-01 12:43:58 [DEBUG] discord.gateway: Received WSMessage(type=<WSMsgType.CLOSED: 257>, data=None, extra=None)
2026-04-01 12:43:58 [DEBUG] discord.gateway: Websocket closed with 1006, attempting a reconnect.
2026-04-01 12:43:58 [DEBUG] discord.client: Got a request to RESUME the websocket.
2026-04-01 12:43:58 [DEBUG] discord.client: Dispatching event disconnect
2026-04-01 12:43:59 [DEBUG] discord.gateway: Created websocket connected to wss://gateway-us-east1-d.discord.gg
2026-04-01 12:43:59 [DEBUG] discord.gateway: For Shard ID None: WebSocket Event: {'t': None, 's': None, 'op': 10, 'd': {'heartbeat_interval': 41250, '_trace': ['["gateway-prd-arm-us-east1-d-34q7",{"micros":0.0}]']}}
2026-04-01 12:43:59 [DEBUG] discord.gateway: Shard ID None has sent the RESUME payload.
2026-04-01 12:43:59 [DEBUG] discord.gateway: For Shard ID None: WebSocket Event: {'t': None, 's': None, 'op': 11, 'd': None}
2026-04-01 12:43:59 [DEBUG] discord.gateway: For Shard ID None: WebSocket Event: {'t': 'RESUMED', 's': 5, 'op': 0, 'd': {'_trace': ['["gateway-prd-arm-us-east1-d-34q7",{"micros":636,"calls":["id_created",{"micros":0,"calls":[]},"session_lookup_time",{"micros":276,"calls":[]},"session_lookup_finished",{"micros":10,"calls":[]},"sessions-prd-gcp-us-east1-d-14",{"micros":16}]}]']}}
2026-04-01 12:43:59 [DEBUG] discord.client: Dispatching event socket_event_type
2026-04-01 12:43:59 [INFO] discord.gateway: Shard ID None has successfully RESUMED session 6867632b91fcc409a826233b86c48e57.
2026-04-01 12:43:59 [DEBUG] discord.client: Dispatching event resumed
2026-04-01 12:44:05 [DEBUG] websockets.client: > PING e1 fb f1 78 [binary, 4 bytes]
2026-04-01 12:44:05 [DEBUG] websockets.client: % sent keepalive ping
2026-04-01 12:44:05 [DEBUG] websockets.client: < PONG e1 fb f1 78 [binary, 4 bytes]
2026-04-01 12:44:05 [DEBUG] websockets.client: % received keepalive pong
2026-04-01 12:44:15 [DEBUG] websockets.client: > TEXT '{"ver": 11, "cmd": 0, "seq": 119, "opcode": 1, ... {"interactive": true}}' [80 bytes]
2026-04-01 12:44:15 [DEBUG] websockets.client: < TEXT '{"ver":11,"cmd":1,"seq":119,"opcode":1,"payload":null}' [54 bytes]
2026-04-01 12:44:25 [DEBUG] websockets.client: > PING 4d 56 86 5c [binary, 4 bytes]
2026-04-01 12:44:25 [DEBUG] websockets.client: % sent keepalive ping
2026-04-01 12:44:25 [DEBUG] websockets.client: < PONG 4d 56 86 5c [binary, 4 bytes]
2026-04-01 12:44:25 [DEBUG] websockets.client: % received keepalive pong
2026-04-01 12:44:40 [DEBUG] discord.gateway: Keeping shard ID None websocket alive with sequence 5.
2026-04-01 12:44:40 [DEBUG] discord.gateway: For Shard ID None: WebSocket Event: {'t': None, 's': None, 'op': 11, 'd': None}
2026-04-01 12:44:45 [DEBUG] websockets.client: > PING bc bf 0d 66 [binary, 4 bytes]
2026-04-01 12:44:45 [DEBUG] websockets.client: % sent keepalive ping
2026-04-01 12:44:45 [DEBUG] websockets.client: < PONG bc bf 0d 66 [binary, 4 bytes]
2026-04-01 12:44:45 [DEBUG] websockets.client: % received keepalive pong
2026-04-01 12:44:45 [DEBUG] websockets.client: > TEXT '{"ver": 11, "cmd": 0, "seq": 120, "opcode": 1, ... {"interactive": true}}' [80 bytes]
2026-04-01 12:44:45 [DEBUG] websockets.client: < TEXT '{"ver":11,"cmd":1,"seq":120,"opcode":1,"payload":null}' [54 bytes]
2026-04-02 11:09:58 [WARNING] discord.client: PyNaCl is not installed, voice will NOT be supported
2026-04-02 11:09:58 [WARNING] discord.client: davey is not installed, voice will NOT be supported
2026-04-02 11:09:58 [DEBUG] discord.client: on_ready has successfully been registered as an event
2026-04-02 11:09:58 [DEBUG] discord.client: on_guild_channel_create has successfully been registered as an event
2026-04-02 11:09:58 [DEBUG] discord.client: on_message has successfully been registered as an event
2026-04-02 11:09:58 [INFO] core.bus: Adapter registered: max
2026-04-02 11:09:58 [INFO] core.bus: Adapter registered: telegram
2026-04-02 11:09:58 [INFO] core.bus: Adapter registered: discord
2026-04-02 11:09:58 [INFO] pymax.core: Client starting
2026-04-02 11:09:58 [INFO] pymax.core: Connecting to WebSocket wss://ws-api.oneme.ru/websocket
2026-04-02 11:09:58 [INFO] adapters.telegram.adapter: Telegram adapter started
2026-04-02 11:09:58 [INFO] adapters.discord.adapter: Discord adapter starting
2026-04-02 11:09:58 [INFO] core.bus: MessageBus worker started
2026-04-02 11:09:58 [INFO] aiogram.dispatcher: Start polling
2026-04-02 11:09:58 [INFO] discord.client: logging in using static token
2026-04-02 11:09:58 [DEBUG] websockets.client: = connection is CONNECTING
2026-04-02 11:09:58 [DEBUG] websockets.client: > GET /websocket HTTP/1.1
2026-04-02 11:09:58 [DEBUG] websockets.client: > Host: ws-api.oneme.ru
2026-04-02 11:09:58 [DEBUG] websockets.client: > Origin: https://web.max.ru
2026-04-02 11:09:58 [DEBUG] websockets.client: > Upgrade: websocket
2026-04-02 11:09:58 [DEBUG] websockets.client: > Connection: Upgrade
2026-04-02 11:09:58 [DEBUG] websockets.client: > Sec-WebSocket-Key: EGJQxGswgMMGrGLUEE5lKA==
2026-04-02 11:09:58 [DEBUG] websockets.client: > Sec-WebSocket-Version: 13
2026-04-02 11:09:58 [DEBUG] websockets.client: > Sec-WebSocket-Extensions: permessage-deflate; client_max_window_bits
2026-04-02 11:09:58 [DEBUG] websockets.client: > User-Agent: Mozilla/5.0 (Windows NT 6.3; Win64; x64) AppleWebKit/537.36 (KHTML, like Gecko) Chrome/124.0.0.0 Safari/537.36 Edg/124.0.0.0
2026-04-02 11:09:58 [DEBUG] websockets.client: < HTTP/1.1 101 Switching Protocols
2026-04-02 11:09:58 [DEBUG] websockets.client: < upgrade: websocket
2026-04-02 11:09:58 [DEBUG] websockets.client: < connection: upgrade
2026-04-02 11:09:58 [DEBUG] websockets.client: < sec-websocket-accept: 3jG6D6rp79CBXkhcC4HSnk6nh4I=
2026-04-02 11:09:58 [DEBUG] websockets.client: < sec-websocket-extensions: permessage-deflate
2026-04-02 11:09:58 [DEBUG] websockets.client: = connection is OPEN
2026-04-02 11:09:58 [INFO] pymax.core: WebSocket connected, starting handshake
2026-04-02 11:09:58 [DEBUG] websockets.client: > TEXT '{"ver": 11, "cmd": 0, "seq": 1, "opcode": 6, "p..."buildNumber": 38859}}}' [515 bytes]
2026-04-02 11:09:58 [DEBUG] websockets.client: < TEXT '{"ver":11,"cmd":1,"seq":1,"opcode":6,"payload":..."GE"],"location":"RU"}}' [153 bytes]
2026-04-02 11:09:58 [INFO] pymax.core: Handshake completed
2026-04-02 11:09:58 [INFO] pymax.core: Starting login flow
2026-04-02 11:09:58 [INFO] pymax.core: Requesting QR login data
2026-04-02 11:09:58 [DEBUG] websockets.client: > TEXT '{"ver": 11, "cmd": 0, "seq": 2, "opcode": 288, "payload": {}}' [61 bytes]
2026-04-02 11:09:58 [DEBUG] websockets.client: < TEXT '{"ver":11,"cmd":1,"seq":2,"opcode":288,"payload...iresAt":1775117518825}}' [231 bytes]
2026-04-02 11:09:58 [INFO] pymax.core: Starting QR login flow
2026-04-02 11:09:58 [INFO] pymax.core: Polling for QR login confirmation
2026-04-02 11:09:58 [DEBUG] websockets.client: > TEXT '{"ver": 11, "cmd": 0, "seq": 3, "opcode": 289, ...56-bba7-9e31e14e692f"}}' [110 bytes]
2026-04-02 11:09:58 [DEBUG] websockets.client: < TEXT '{"ver":11,"cmd":1,"seq":3,"opcode":289,"payload...resAt":1775117518825}}}' [88 bytes]
2026-04-02 11:09:58 [INFO] aiogram.dispatcher: Run polling for bot @max_tg_bridge_s_bot id=8289166189 - 'TIHA Bridge'
2026-04-02 11:09:58 [INFO] aiogram.event: Update id=897338312 is handled. Duration 1 ms by bot id=8289166189
2026-04-02 11:09:58 [INFO] aiogram.event: Update id=897338310 is handled. Duration 2 ms by bot id=8289166189
2026-04-02 11:09:58 [INFO] aiogram.event: Update id=897338311 is handled. Duration 2 ms by bot id=8289166189
2026-04-02 11:09:58 [INFO] pymax.core: Sending message to chat_id=-72723141257889 notify=True
2026-04-02 11:09:58 [DEBUG] websockets.client: > TEXT '{"ver": 11, "cmd": 0, "seq": 4, "opcode": 64, "...null}, "notify": true}}' [286 bytes]
2026-04-02 11:09:58 [INFO] pymax.core: Sending message to chat_id=-72723141257889 notify=True
2026-04-02 11:09:58 [DEBUG] websockets.client: > TEXT '{"ver": 11, "cmd": 0, "seq": 5, "opcode": 64, "...null}, "notify": true}}' [286 bytes]
2026-04-02 11:09:58 [INFO] pymax.core: Sending message to chat_id=-72723141257889 notify=True
2026-04-02 11:09:58 [DEBUG] websockets.client: > TEXT '{"ver": 11, "cmd": 0, "seq": 6, "opcode": 64, "...null}, "notify": true}}' [286 bytes]
2026-04-02 11:09:58 [DEBUG] websockets.client: < TEXT '{"ver":11,"cmd":3,"seq":4,"opcode":64,"payload"...мое состояние сессии"}}' [252 bytes]
2026-04-02 11:09:58 [DEBUG] websockets.client: < EOF
2026-04-02 11:09:58 [DEBUG] websockets.client: < EOF
2026-04-02 11:09:58 [DEBUG] websockets.client: > EOF
2026-04-02 11:09:58 [DEBUG] websockets.client: = connection is CLOSED
2026-04-02 11:09:58 [DEBUG] websockets.client: x closing TCP connection
2026-04-02 11:09:58 [ERROR] adapters.max.adapter: Max send failed
Traceback (most recent call last):
  File "/Users/minotaur/Project/TIHA-Bridge/adapters/max/adapter.py", line 215, in send
    result = await self._client.send_message(
             ^^^^^^^^^^^^^^^^^^^^^^^^^^^^^^^^
        text=msg.text, chat_id=chat_id, notify=True,
        ^^^^^^^^^^^^^^^^^^^^^^^^^^^^^^^^^^^^^^^^^^^^
    )
    ^
  File "/Users/minotaur/Project/TIHA-Bridge/.venv/lib/python3.14/site-packages/pymax/mixins/message.py", line 422, in send_message
    MixinsUtils.handle_error(data)
    ~~~~~~~~~~~~~~~~~~~~~~~~^^^^^^
  File "/Users/minotaur/Project/TIHA-Bridge/.venv/lib/python3.14/site-packages/pymax/utils.py", line 27, in handle_error
    raise Error(
    ...<4 lines>...
    )
pymax.exceptions.Error: PyMax Error: Недопустимое состояние сессии Must be ONLINE session (Недопустимое состояние сессии) [proto.state]
2026-04-02 11:09:58 [INFO] pymax.core: WebSocket connection closed with error: 1006, ; exiting recv loop
2026-04-02 11:09:58 [ERROR] pymax.core: Send and wait failed (opcode=Opcode.MSG_SEND, seq=5)
Traceback (most recent call last):
  File "/Users/minotaur/Project/TIHA-Bridge/.venv/lib/python3.14/site-packages/pymax/mixins/websocket.py", line 130, in _send_and_wait
    data = await asyncio.wait_for(fut, timeout=timeout)
           ^^^^^^^^^^^^^^^^^^^^^^^^^^^^^^^^^^^^^^^^^^^^
  File "/opt/homebrew/Cellar/python@3.14/3.14.3_1/Frameworks/Python.framework/Versions/3.14/lib/python3.14/asyncio/tasks.py", line 488, in wait_for
    return await fut
           ^^^^^^^^^
pymax.exceptions.WebSocketNotConnectedError: WebSocket is not connected
2026-04-02 11:09:58 [ERROR] adapters.max.adapter: Max send failed
Traceback (most recent call last):
  File "/Users/minotaur/Project/TIHA-Bridge/.venv/lib/python3.14/site-packages/pymax/mixins/websocket.py", line 130, in _send_and_wait
    data = await asyncio.wait_for(fut, timeout=timeout)
           ^^^^^^^^^^^^^^^^^^^^^^^^^^^^^^^^^^^^^^^^^^^^
  File "/opt/homebrew/Cellar/python@3.14/3.14.3_1/Frameworks/Python.framework/Versions/3.14/lib/python3.14/asyncio/tasks.py", line 488, in wait_for
    return await fut
           ^^^^^^^^^
pymax.exceptions.WebSocketNotConnectedError: WebSocket is not connected

During handling of the above exception, another exception occurred:

Traceback (most recent call last):
  File "/Users/minotaur/Project/TIHA-Bridge/adapters/max/adapter.py", line 215, in send
    result = await self._client.send_message(
             ^^^^^^^^^^^^^^^^^^^^^^^^^^^^^^^^
        text=msg.text, chat_id=chat_id, notify=True,
        ^^^^^^^^^^^^^^^^^^^^^^^^^^^^^^^^^^^^^^^^^^^^
    )
    ^
  File "/Users/minotaur/Project/TIHA-Bridge/.venv/lib/python3.14/site-packages/pymax/mixins/message.py", line 419, in send_message
    data = await self._send_and_wait(opcode=Opcode.MSG_SEND, payload=payload)
           ^^^^^^^^^^^^^^^^^^^^^^^^^^^^^^^^^^^^^^^^^^^^^^^^^^^^^^^^^^^^^^^^^^
  File "/Users/minotaur/Project/TIHA-Bridge/.venv/lib/python3.14/site-packages/pymax/mixins/websocket.py", line 142, in _send_and_wait
    raise RuntimeError("Send and wait failed")
RuntimeError: Send and wait failed
2026-04-02 11:09:58 [ERROR] pymax.core: Send and wait failed (opcode=Opcode.MSG_SEND, seq=6)
Traceback (most recent call last):
  File "/Users/minotaur/Project/TIHA-Bridge/.venv/lib/python3.14/site-packages/pymax/mixins/websocket.py", line 130, in _send_and_wait
    data = await asyncio.wait_for(fut, timeout=timeout)
           ^^^^^^^^^^^^^^^^^^^^^^^^^^^^^^^^^^^^^^^^^^^^
  File "/opt/homebrew/Cellar/python@3.14/3.14.3_1/Frameworks/Python.framework/Versions/3.14/lib/python3.14/asyncio/tasks.py", line 488, in wait_for
    return await fut
           ^^^^^^^^^
pymax.exceptions.WebSocketNotConnectedError: WebSocket is not connected
2026-04-02 11:09:58 [ERROR] adapters.max.adapter: Max send failed
Traceback (most recent call last):
  File "/Users/minotaur/Project/TIHA-Bridge/.venv/lib/python3.14/site-packages/pymax/mixins/websocket.py", line 130, in _send_and_wait
    data = await asyncio.wait_for(fut, timeout=timeout)
           ^^^^^^^^^^^^^^^^^^^^^^^^^^^^^^^^^^^^^^^^^^^^
  File "/opt/homebrew/Cellar/python@3.14/3.14.3_1/Frameworks/Python.framework/Versions/3.14/lib/python3.14/asyncio/tasks.py", line 488, in wait_for
    return await fut
           ^^^^^^^^^
pymax.exceptions.WebSocketNotConnectedError: WebSocket is not connected

During handling of the above exception, another exception occurred:

Traceback (most recent call last):
  File "/Users/minotaur/Project/TIHA-Bridge/adapters/max/adapter.py", line 215, in send
    result = await self._client.send_message(
             ^^^^^^^^^^^^^^^^^^^^^^^^^^^^^^^^
        text=msg.text, chat_id=chat_id, notify=True,
        ^^^^^^^^^^^^^^^^^^^^^^^^^^^^^^^^^^^^^^^^^^^^
    )
    ^
  File "/Users/minotaur/Project/TIHA-Bridge/.venv/lib/python3.14/site-packages/pymax/mixins/message.py", line 419, in send_message
    data = await self._send_and_wait(opcode=Opcode.MSG_SEND, payload=payload)
           ^^^^^^^^^^^^^^^^^^^^^^^^^^^^^^^^^^^^^^^^^^^^^^^^^^^^^^^^^^^^^^^^^^
  File "/Users/minotaur/Project/TIHA-Bridge/.venv/lib/python3.14/site-packages/pymax/mixins/websocket.py", line 142, in _send_and_wait
    raise RuntimeError("Send and wait failed")
RuntimeError: Send and wait failed
2026-04-02 11:09:58 [DEBUG] discord.http: GET https://discord.com/api/v10/users/@me with None has returned 200
2026-04-02 11:09:58 [DEBUG] discord.http: GET /users/@me has found its initial rate limit bucket hash (78bb8553d9352a5a2f89f9def401287a).
2026-04-02 11:09:58 [DEBUG] discord.http: GET https://discord.com/api/v10/users/@me has received {'id': '1488466672359575694', 'username': 'BRIDGE', 'avatar': 'a4537a16a2592def5eb7697a07e0ee9c', 'discriminator': '8720', 'public_flags': 0, 'flags': 0, 'bot': True, 'banner': None, 'accent_color': None, 'global_name': None, 'avatar_decoration_data': None, 'collectibles': None, 'display_name_styles': None, 'banner_color': None, 'clan': None, 'primary_guild': None, 'mfa_enabled': True, 'locale': 'en-US', 'premium_type': 0, 'email': None, 'verified': True, 'bio': ''}
2026-04-02 11:09:59 [DEBUG] discord.http: GET https://discord.com/api/v10/oauth2/applications/@me with None has returned 200
2026-04-02 11:09:59 [DEBUG] discord.http: GET /oauth2/applications/@me has found its initial rate limit bucket hash (d28a133af187e91d71d96a223467ce49).
2026-04-02 11:09:59 [DEBUG] discord.http: GET https://discord.com/api/v10/oauth2/applications/@me has received {'id': '1488466672359575694', 'name': 'BRIDGE', 'icon': 'a4537a16a2592def5eb7697a07e0ee9c', 'description': 'Max-Telegram-Discord bridge bot', 'type': None, 'bot': {'id': '1488466672359575694', 'username': 'BRIDGE', 'avatar': 'a4537a16a2592def5eb7697a07e0ee9c', 'discriminator': '8720', 'public_flags': 0, 'flags': 0, 'bot': True, 'banner': None, 'accent_color': None, 'global_name': None, 'avatar_decoration_data': None, 'collectibles': None, 'display_name_styles': None, 'banner_color': None, 'clan': None, 'primary_guild': None}, 'summary': '', 'is_monetized': False, 'is_verified': False, 'is_discoverable': False, 'bot_public': True, 'bot_require_code_grant': False, 'install_params': {'scopes': ['applications.commands'], 'permissions': '0'}, 'integration_types_config': {'0': {'oauth2_install_params': {'scopes': ['applications.commands'], 'permissions': '0'}}, '1': {'oauth2_install_params': {'scopes': ['applications.commands'], 'permissions': '0'}}}, 'verify_key': '158f8e4aa5be97a1cc30d6168df83779d3ee7febaa334a4561149f21703df18f', 'flags': 11042816, 'hook': True, 'storefront_available': False, 'redirect_uris': [], 'interactions_endpoint_url': None, 'role_connections_verification_url': None, 'owner': {'id': '941848879672987658', 'username': 'm1notaur_studio', 'avatar': '053c9507b6bc715a7c95cf8f95b63eab', 'discriminator': '0', 'public_flags': 128, 'flags': 128, 'banner': None, 'accent_color': 0, 'global_name': 'M1notaur_', 'avatar_decoration_data': {'asset': 'a_4539f720c2c576feca9de41b8dc413e8', 'sku_id': '1341506443882266624', 'expires_at': None}, 'collectibles': {'nameplate': {'sku_id': '1465519580016410746', 'asset': 'nameplates/blossoming_branch/1465519580016410746/', 'label': 'Swaying cherry blossom branch with petals blowing and gentle watercolor washes.', 'palette': 'bubble_gum'}}, 'display_name_styles': None, 'banner_color': '#000000', 'clan': None, 'primary_guild': None}, 'approximate_guild_count': 1, 'approximate_user_install_count': 0, 'approximate_user_authorization_count': 0, 'interactions_event_types': [], 'interactions_version': 1, 'explicit_content_filter': 0, 'rpc_application_state': 0, 'store_application_state': 1, 'verification_state': 1, 'integration_public': True, 'integration_require_code_grant': False, 'discoverability_state': 1, 'discovery_eligibility_flags': 2532, 'monetization_state': 1, 'verification_eligibility_flags': 123804, 'monetization_eligibility_flags': 247524, 'bot_approximate_guild_count': 1, 'team': None, 'internal_guild_restriction': 2, 'approved_consoles': [], 'pricing_localization_strategy': 'localized_price_sets'}
2026-04-02 11:09:59 [DEBUG] discord.gateway: Created websocket connected to wss://gateway.discord.gg/
2026-04-02 11:09:59 [DEBUG] discord.gateway: For Shard ID None: WebSocket Event: {'t': None, 's': None, 'op': 10, 'd': {'heartbeat_interval': 41250, '_trace': ['["gateway-prd-arm-us-east1-d-412b",{"micros":0.0}]']}}
2026-04-02 11:09:59 [DEBUG] discord.gateway: Shard ID None has sent the IDENTIFY payload.
2026-04-02 11:09:59 [DEBUG] discord.gateway: For Shard ID None: WebSocket Event: {'t': None, 's': None, 'op': 11, 'd': None}
2026-04-02 11:10:00 [DEBUG] discord.gateway: For Shard ID None: WebSocket Event: {'t': 'READY', 's': 1, 'op': 0, 'd': {'v': 10, 'user_settings': {}, 'user': {'verified': True, 'username': 'BRIDGE', 'primary_guild': None, 'mfa_enabled': True, 'id': '1488466672359575694', 'global_name': None, 'flags': 0, 'email': None, 'discriminator': '8720', 'clan': None, 'bot': True, 'avatar': 'a4537a16a2592def5eb7697a07e0ee9c'}, 'session_type': 'normal', 'session_id': '8cf56f42825ba047e919e167bdc30f63', 'resume_gateway_url': 'wss://gateway-us-east1-d.discord.gg', 'relationships': [], 'private_channels': [], 'presences': [], 'guilds': [{'unavailable': True, 'id': '1488467858446094416'}], 'guild_join_requests': [], 'geo_ordered_rtc_regions': ['finland', 'helsinki', 'warsaw', 'stockholm', 'bucharest'], 'game_relationships': [], 'auth': {}, 'application': {'id': '1488466672359575694', 'flags_new': '11042816', 'flags': 11042816}, '_trace': ['["gateway-prd-arm-us-east1-d-412b",{"micros":176185,"calls":["id_created",{"micros":1863,"calls":[]},"session_lookup_time",{"micros":10328,"calls":[]},"session_lookup_finished",{"micros":11,"calls":[]},"sessions-prd-gcp-us-east1-d-20",{"micros":163481,"calls":["start_session",{"micros":158793,"calls":["prd-rpc-74569b8dd4-2nmlp",{"micros":96441,"calls":["get_user",{"micros":26311},"get_guilds",{"micros":23714},"send_scheduled_deletion_message",{"micros":10},"guild_join_requests",{"micros":12228},"authorized_ip_coro",{"micros":9},"pending_payments",{"micros":5527},"apex_experiments",{"micros":47588},"sessions_experiments",{"micros":7},"played_application_ids",{"micros":4},"linked_users",{"micros":3},"ad_personalization_toggles_disabled",{"micros":3},"regional_feature_config",{"micros":3}]}]},"starting_guild_connect",{"micros":33,"calls":[]},"presence_started",{"micros":271,"calls":[]},"guilds_started",{"micros":66,"calls":[]},"lobbies_started",{"micros":1,"calls":[]},"guilds_connect",{"micros":2,"calls":[]},"presence_connect",{"micros":4267,"calls":[]},"connect_finished",{"micros":4284,"calls":[]},"build_ready",{"micros":17,"calls":[]},"clean_ready",{"micros":3,"calls":[]},"optimize_ready",{"micros":12,"calls":[]},"split_ready",{"micros":0,"calls":[]}]}]}]']}}
2026-04-02 11:10:00 [DEBUG] discord.client: Dispatching event socket_event_type
2026-04-02 11:10:00 [INFO] discord.gateway: Shard ID None has connected to Gateway (Session ID: 8cf56f42825ba047e919e167bdc30f63).
2026-04-02 11:10:00 [DEBUG] discord.client: Dispatching event connect
2026-04-02 11:10:00 [DEBUG] discord.gateway: For Shard ID None: WebSocket Event: {'t': 'GUILD_CREATE', 's': 2, 'op': 0, 'd': {'rules_channel_id': None, 'members': [{'user': {'username': 'BRIDGE', 'public_flags': 0, 'primary_guild': None, 'id': '1488466672359575694', 'global_name': None, 'display_name_styles': None, 'display_name': None, 'discriminator': '8720', 'collectibles': None, 'bot': True, 'avatar_decoration_data': None, 'avatar': 'a4537a16a2592def5eb7697a07e0ee9c'}, 'roles': ['1488475283815403665'], 'premium_since': None, 'pending': False, 'nick': None, 'mute': False, 'joined_at': '2026-03-31T09:49:22.258000+00:00', 'flags': 0, 'deaf': False, 'communication_disabled_until': None, 'banner': None, 'avatar': None}], 'application_id': None, 'moderator_reporting': None, 'lazy': True, 'profile': None, 'stage_instances': [], 'application_command_counts': {}, 'premium_subscription_count': 0, 'premium_features': None, 'id': '1488467858446094416', 'roles': [{'version': 1774948791946, 'unicode_emoji': None, 'tags': {}, 'position': 0, 'permissions': '2248473465835073', 'name': '@everyone', 'mentionable': False, 'managed': False, 'id': '1488467858446094416', 'icon': None, 'hoist': False, 'flags': 0, 'colors': {'tertiary_color': None, 'secondary_color': None, 'primary_color': 0}, 'color': 0}, {'version': 1774950562243, 'unicode_emoji': None, 'tags': {'bot_id': '1488466672359575694'}, 'position': 1, 'permissions': '2147585024', 'name': 'BRIDGE', 'mentionable': False, 'managed': True, 'id': '1488475283815403665', 'icon': None, 'hoist': False, 'flags': 0, 'colors': {'tertiary_color': None, 'secondary_color': None, 'primary_color': 0}, 'color': 0}], 'max_stage_video_channel_users': 50, 'member_count': 3, 'region': 'deprecated', 'name': 'TIHA-Bridge', 'preferred_locale': 'en-US', 'presences': [], 'stickers': [], 'threads': [], 'emojis': [], 'public_updates_channel_id': None, 'description': None, 'joined_at': '2026-03-31T09:49:22.258000+00:00', 'vanity_url_code': None, 'system_channel_flags': 0, 'nsfw': False, 'game_application_ids': None, 'voice_states': [], 'verification_level': 0, 'explicit_content_filter': 0, 'banner': None, 'splash': None, 'large': False, 'premium_tier': 0, 'max_members': 25000000, 'incidents_data': None, 'inventory_settings': None, 'afk_timeout': 300, 'premium_progress_bar_enabled_user_updated_at': None, 'icon': None, 'embedded_activities': [], 'nsfw_level': 0, 'mfa_level': 0, 'unavailable': False, 'activity_instances': [], 'owner_configured_content_level': 0, 'discovery_splash': None, 'features': [], 'default_message_notifications': 0, 'owner_id': '941848879672987658', 'version': 1774948838405, 'soundboard_sounds': [], 'premium_progress_bar_enabled': False, 'guild_scheduled_events': [], 'channels': [{'version': 1774948791949, 'type': 4, 'position': 0, 'permission_overwrites': [], 'name': 'Текстовые каналы', 'id': '1488467858446094417', 'flags': 0}, {'version': 1774948791961, 'type': 4, 'position': 0, 'permission_overwrites': [], 'name': 'Голосовые каналы', 'id': '1488467858903138394', 'flags': 0}, {'version': 1774948791972, 'type': 0, 'topic': None, 'rate_limit_per_user': 0, 'position': 0, 'permission_overwrites': [], 'parent_id': '1488467858446094417', 'name': 'основной', 'last_message_id': '1488807942944985160', 'id': '1488467858903138395', 'icon_emoji': {'name': '👋', 'id': None}, 'flags': 0}, {'version': 1774948791986, 'user_limit': 0, 'type': 2, 'rtc_region': None, 'rate_limit_per_user': 0, 'position': 0, 'permission_overwrites': [], 'parent_id': '1488467858903138394', 'name': 'Основной', 'last_message_id': None, 'id': '1488467858903138397', 'icon_emoji': {'name': '🎙', 'id': None}, 'flags': 0, 'bitrate': 64000}], 'afk_channel_id': None, 'hub_type': None, 'home_header': None, 'latest_onboarding_question_id': None, 'system_channel_id': '1488467858903138395', 'max_video_channel_users': 25, 'safety_alerts_channel_id': None}}
2026-04-02 11:10:00 [DEBUG] discord.client: Dispatching event socket_event_type
2026-04-02 11:10:00 [DEBUG] discord.client: Dispatching event guild_available
2026-04-02 11:10:02 [DEBUG] discord.client: Dispatching event ready
2026-04-02 11:10:02 [DEBUG] discord.http: PUT https://discord.com/api/v10/applications/1488466672359575694/commands with [{"name":"routes","description":"\u041f\u043e\u043a\u0430\u0437\u0430\u0442\u044c \u043c\u0430\u0440\u0448\u0440\u0443\u0442\u044b","type":1,"options":[],"nsfw":false,"dm_permission":true,"default_member_permissions":null,"contexts":null,"integration_types":null}] has returned 200
2026-04-02 11:10:02 [DEBUG] discord.http: PUT /applications/{application_id}/commands has found its initial rate limit bucket hash (3e32a240d3716487d7d8f6dae6c54f6b).
2026-04-02 11:10:02 [DEBUG] discord.http: PUT https://discord.com/api/v10/applications/1488466672359575694/commands has received [{'id': '1488470695997608007', 'application_id': '1488466672359575694', 'version': '1488470695997608008', 'default_member_permissions': None, 'type': 1, 'name': 'routes', 'name_localizations': None, 'description': 'Показать маршруты', 'description_localizations': None, 'dm_permission': True, 'contexts': None, 'integration_types': [0, 1], 'nsfw': False}]
2026-04-02 11:10:02 [INFO] adapters.discord.adapter: Discord adapter ready: BRIDGE#8720
2026-04-02 11:10:03 [CRITICAL] pymax.core: WebSocket not connected when access attempted
2026-04-02 11:10:03 [ERROR] pymax.core: Client start iteration failed
Traceback (most recent call last):
  File "/Users/minotaur/Project/TIHA-Bridge/.venv/lib/python3.14/site-packages/pymax/core.py", line 306, in start
    await self._login()
  File "/Users/minotaur/Project/TIHA-Bridge/.venv/lib/python3.14/site-packages/pymax/mixins/auth.py", line 194, in _login
    login_resp = await self._login_by_qr()
                 ^^^^^^^^^^^^^^^^^^^^^^^^^
  File "/Users/minotaur/Project/TIHA-Bridge/.venv/lib/python3.14/site-packages/pymax/mixins/auth.py", line 313, in _login_by_qr
    raise exc
  File "/Users/minotaur/Project/TIHA-Bridge/.venv/lib/python3.14/site-packages/pymax/mixins/auth.py", line 229, in _poll_qr_login
    data = await self._send_and_wait(
           ^^^^^^^^^^^^^^^^^^^^^^^^^^
    ...<2 lines>...
    )
    ^
  File "/Users/minotaur/Project/TIHA-Bridge/.venv/lib/python3.14/site-packages/pymax/mixins/websocket.py", line 110, in _send_and_wait
    ws = self.ws
         ^^^^^^^
  File "/Users/minotaur/Project/TIHA-Bridge/.venv/lib/python3.14/site-packages/pymax/mixins/websocket.py", line 27, in ws
    raise WebSocketNotConnectedError
pymax.exceptions.WebSocketNotConnectedError: WebSocket is not connected
2026-04-02 11:10:03 [INFO] pymax.core: Client start() cleaned up
2026-04-02 11:10:03 [INFO] pymax.core: Reconnect enabled — restarting client
2026-04-02 11:10:04 [INFO] pymax.core: Connecting to WebSocket wss://ws-api.oneme.ru/websocket
2026-04-02 11:10:04 [DEBUG] websockets.client: = connection is CONNECTING
2026-04-02 11:10:04 [DEBUG] websockets.client: > GET /websocket HTTP/1.1
2026-04-02 11:10:04 [DEBUG] websockets.client: > Host: ws-api.oneme.ru
2026-04-02 11:10:04 [DEBUG] websockets.client: > Origin: https://web.max.ru
2026-04-02 11:10:04 [DEBUG] websockets.client: > Upgrade: websocket
2026-04-02 11:10:04 [DEBUG] websockets.client: > Connection: Upgrade
2026-04-02 11:10:04 [DEBUG] websockets.client: > Sec-WebSocket-Key: 4v42GNTUCqMoak7kGTU+QA==
2026-04-02 11:10:04 [DEBUG] websockets.client: > Sec-WebSocket-Version: 13
2026-04-02 11:10:04 [DEBUG] websockets.client: > Sec-WebSocket-Extensions: permessage-deflate; client_max_window_bits
2026-04-02 11:10:04 [DEBUG] websockets.client: > User-Agent: Mozilla/5.0 (Windows NT 6.3; Win64; x64) AppleWebKit/537.36 (KHTML, like Gecko) Chrome/124.0.0.0 Safari/537.36 Edg/124.0.0.0
2026-04-02 11:10:05 [DEBUG] websockets.client: < HTTP/1.1 101 Switching Protocols
2026-04-02 11:10:05 [DEBUG] websockets.client: < upgrade: websocket
2026-04-02 11:10:05 [DEBUG] websockets.client: < connection: upgrade
2026-04-02 11:10:05 [DEBUG] websockets.client: < sec-websocket-accept: e2BKeCmcwEsq2bYh03G/mf6AAmE=
2026-04-02 11:10:05 [DEBUG] websockets.client: < sec-websocket-extensions: permessage-deflate
2026-04-02 11:10:05 [DEBUG] websockets.client: = connection is OPEN
2026-04-02 11:10:05 [INFO] pymax.core: WebSocket connected, starting handshake
2026-04-02 11:10:05 [DEBUG] websockets.client: > TEXT '{"ver": 11, "cmd": 0, "seq": 7, "opcode": 6, "p..."buildNumber": 38859}}}' [515 bytes]
2026-04-02 11:10:05 [DEBUG] websockets.client: < TEXT '{"ver":11,"cmd":1,"seq":7,"opcode":6,"payload":..."GE"],"location":"RU"}}' [153 bytes]
2026-04-02 11:10:05 [INFO] pymax.core: Handshake completed
2026-04-02 11:10:05 [INFO] pymax.core: Starting login flow
2026-04-02 11:10:05 [INFO] pymax.core: Requesting QR login data
2026-04-02 11:10:05 [DEBUG] websockets.client: > TEXT '{"ver": 11, "cmd": 0, "seq": 8, "opcode": 288, "payload": {}}' [61 bytes]
2026-04-02 11:10:05 [DEBUG] websockets.client: < TEXT '{"ver":11,"cmd":1,"seq":8,"opcode":288,"payload...iresAt":1775117518825}}' [231 bytes]
2026-04-02 11:10:05 [INFO] pymax.core: Starting QR login flow
2026-04-02 11:10:05 [INFO] pymax.core: Polling for QR login confirmation
2026-04-02 11:10:05 [DEBUG] websockets.client: > TEXT '{"ver": 11, "cmd": 0, "seq": 9, "opcode": 289, ...56-bba7-9e31e14e692f"}}' [110 bytes]
2026-04-02 11:10:05 [DEBUG] websockets.client: < TEXT '{"ver":11,"cmd":1,"seq":9,"opcode":289,"payload...resAt":1775117518825}}}' [88 bytes]
2026-04-02 11:10:09 [ERROR] core.bus: Bus worker error
Traceback (most recent call last):
  File "/Users/minotaur/Project/TIHA-Bridge/core/bus.py", line 40, in run
    ready = self._queue.pop_ready()
  File "/Users/minotaur/Project/TIHA-Bridge/db/queue.py", line 35, in pop_ready
        rows = con.execute(
               ~~~~~~~~~~~^
        """SELECT * FROM message_queue
        ^^^^^^^^^^^^^^^^^^^^^^^^^^^^^^
    ...<3 lines>...
        (now,),
        ^^^^^^^
    ).fetchall()
    ^
sqlite3.OperationalError: no such table: message_queue
2026-04-02 11:10:09 [ERROR] core.bus: Bus worker error
Traceback (most recent call last):
  File "/Users/minotaur/Project/TIHA-Bridge/core/bus.py", line 40, in run
    ready = self._queue.pop_ready()
  File "/Users/minotaur/Project/TIHA-Bridge/db/queue.py", line 35, in pop_ready
        rows = con.execute(
               ~~~~~~~~~~~^
        """SELECT * FROM message_queue
        ^^^^^^^^^^^^^^^^^^^^^^^^^^^^^^
    ...<3 lines>...
        (now,),
        ^^^^^^^
    ).fetchall()
    ^
sqlite3.OperationalError: no such table: message_queue
2026-04-02 11:10:10 [DEBUG] websockets.client: > TEXT '{"ver": 11, "cmd": 0, "seq": 10, "opcode": 289,...56-bba7-9e31e14e692f"}}' [111 bytes]
2026-04-02 11:10:10 [ERROR] core.bus: Bus worker error
Traceback (most recent call last):
  File "/Users/minotaur/Project/TIHA-Bridge/core/bus.py", line 40, in run
    ready = self._queue.pop_ready()
  File "/Users/minotaur/Project/TIHA-Bridge/db/queue.py", line 35, in pop_ready
        rows = con.execute(
               ~~~~~~~~~~~^
        """SELECT * FROM message_queue
        ^^^^^^^^^^^^^^^^^^^^^^^^^^^^^^
    ...<3 lines>...
        (now,),
        ^^^^^^^
    ).fetchall()
    ^
sqlite3.OperationalError: no such table: message_queue
2026-04-02 11:10:10 [DEBUG] websockets.client: < TEXT '{"ver":11,"cmd":1,"seq":10,"opcode":289,"payloa...resAt":1775117518825}}}' [89 bytes]
2026-04-02 11:10:10 [ERROR] core.bus: Bus worker error
Traceback (most recent call last):
  File "/Users/minotaur/Project/TIHA-Bridge/core/bus.py", line 40, in run
    ready = self._queue.pop_ready()
  File "/Users/minotaur/Project/TIHA-Bridge/db/queue.py", line 35, in pop_ready
        rows = con.execute(
               ~~~~~~~~~~~^
        """SELECT * FROM message_queue
        ^^^^^^^^^^^^^^^^^^^^^^^^^^^^^^
    ...<3 lines>...
        (now,),
        ^^^^^^^
    ).fetchall()
    ^
sqlite3.OperationalError: no such table: message_queue
2026-04-02 11:10:11 [ERROR] core.bus: Bus worker error
Traceback (most recent call last):
  File "/Users/minotaur/Project/TIHA-Bridge/core/bus.py", line 40, in run
    ready = self._queue.pop_ready()
  File "/Users/minotaur/Project/TIHA-Bridge/db/queue.py", line 35, in pop_ready
        rows = con.execute(
               ~~~~~~~~~~~^
        """SELECT * FROM message_queue
        ^^^^^^^^^^^^^^^^^^^^^^^^^^^^^^
    ...<3 lines>...
        (now,),
        ^^^^^^^
    ).fetchall()
    ^
sqlite3.OperationalError: no such table: message_queue
2026-04-02 11:10:11 [ERROR] core.bus: Bus worker error
Traceback (most recent call last):
  File "/Users/minotaur/Project/TIHA-Bridge/core/bus.py", line 40, in run
    ready = self._queue.pop_ready()
  File "/Users/minotaur/Project/TIHA-Bridge/db/queue.py", line 35, in pop_ready
        rows = con.execute(
               ~~~~~~~~~~~^
        """SELECT * FROM message_queue
        ^^^^^^^^^^^^^^^^^^^^^^^^^^^^^^
    ...<3 lines>...
        (now,),
        ^^^^^^^
    ).fetchall()
    ^
sqlite3.OperationalError: no such table: message_queue
2026-04-02 11:10:12 [ERROR] core.bus: Bus worker error
Traceback (most recent call last):
  File "/Users/minotaur/Project/TIHA-Bridge/core/bus.py", line 40, in run
    ready = self._queue.pop_ready()
  File "/Users/minotaur/Project/TIHA-Bridge/db/queue.py", line 35, in pop_ready
        rows = con.execute(
               ~~~~~~~~~~~^
        """SELECT * FROM message_queue
        ^^^^^^^^^^^^^^^^^^^^^^^^^^^^^^
    ...<3 lines>...
        (now,),
        ^^^^^^^
    ).fetchall()
    ^
sqlite3.OperationalError: no such table: message_queue
2026-04-02 11:10:12 [ERROR] core.bus: Bus worker error
Traceback (most recent call last):
  File "/Users/minotaur/Project/TIHA-Bridge/core/bus.py", line 40, in run
    ready = self._queue.pop_ready()
  File "/Users/minotaur/Project/TIHA-Bridge/db/queue.py", line 35, in pop_ready
        rows = con.execute(
               ~~~~~~~~~~~^
        """SELECT * FROM message_queue
        ^^^^^^^^^^^^^^^^^^^^^^^^^^^^^^
    ...<3 lines>...
        (now,),
        ^^^^^^^
    ).fetchall()
    ^
sqlite3.OperationalError: no such table: message_queue
2026-04-02 11:10:13 [ERROR] core.bus: Bus worker error
Traceback (most recent call last):
  File "/Users/minotaur/Project/TIHA-Bridge/core/bus.py", line 40, in run
    ready = self._queue.pop_ready()
  File "/Users/minotaur/Project/TIHA-Bridge/db/queue.py", line 35, in pop_ready
        rows = con.execute(
               ~~~~~~~~~~~^
        """SELECT * FROM message_queue
        ^^^^^^^^^^^^^^^^^^^^^^^^^^^^^^
    ...<3 lines>...
        (now,),
        ^^^^^^^
    ).fetchall()
    ^
sqlite3.OperationalError: no such table: message_queue
2026-04-02 11:10:13 [ERROR] core.bus: Bus worker error
Traceback (most recent call last):
  File "/Users/minotaur/Project/TIHA-Bridge/core/bus.py", line 40, in run
    ready = self._queue.pop_ready()
  File "/Users/minotaur/Project/TIHA-Bridge/db/queue.py", line 35, in pop_ready
        rows = con.execute(
               ~~~~~~~~~~~^
        """SELECT * FROM message_queue
        ^^^^^^^^^^^^^^^^^^^^^^^^^^^^^^
    ...<3 lines>...
        (now,),
        ^^^^^^^
    ).fetchall()
    ^
sqlite3.OperationalError: no such table: message_queue
2026-04-02 11:10:14 [ERROR] core.bus: Bus worker error
Traceback (most recent call last):
  File "/Users/minotaur/Project/TIHA-Bridge/core/bus.py", line 40, in run
    ready = self._queue.pop_ready()
  File "/Users/minotaur/Project/TIHA-Bridge/db/queue.py", line 35, in pop_ready
        rows = con.execute(
               ~~~~~~~~~~~^
        """SELECT * FROM message_queue
        ^^^^^^^^^^^^^^^^^^^^^^^^^^^^^^
    ...<3 lines>...
        (now,),
        ^^^^^^^
    ).fetchall()
    ^
sqlite3.OperationalError: no such table: message_queue
2026-04-02 11:10:14 [ERROR] core.bus: Bus worker error
Traceback (most recent call last):
  File "/Users/minotaur/Project/TIHA-Bridge/core/bus.py", line 40, in run
    ready = self._queue.pop_ready()
  File "/Users/minotaur/Project/TIHA-Bridge/db/queue.py", line 35, in pop_ready
        rows = con.execute(
               ~~~~~~~~~~~^
        """SELECT * FROM message_queue
        ^^^^^^^^^^^^^^^^^^^^^^^^^^^^^^
    ...<3 lines>...
        (now,),
        ^^^^^^^
    ).fetchall()
    ^
sqlite3.OperationalError: no such table: message_queue
2026-04-02 11:10:15 [ERROR] core.bus: Bus worker error
Traceback (most recent call last):
  File "/Users/minotaur/Project/TIHA-Bridge/core/bus.py", line 40, in run
    ready = self._queue.pop_ready()
  File "/Users/minotaur/Project/TIHA-Bridge/db/queue.py", line 35, in pop_ready
        rows = con.execute(
               ~~~~~~~~~~~^
        """SELECT * FROM message_queue
        ^^^^^^^^^^^^^^^^^^^^^^^^^^^^^^
    ...<3 lines>...
        (now,),
        ^^^^^^^
    ).fetchall()
    ^
sqlite3.OperationalError: no such table: message_queue
2026-04-02 11:10:15 [DEBUG] websockets.client: > TEXT '{"ver": 11, "cmd": 0, "seq": 11, "opcode": 289,...56-bba7-9e31e14e692f"}}' [111 bytes]
2026-04-02 11:10:15 [DEBUG] websockets.client: < TEXT '{"ver":11,"cmd":1,"seq":11,"opcode":289,"payloa...resAt":1775117518825}}}' [89 bytes]
2026-04-02 11:10:15 [ERROR] core.bus: Bus worker error
Traceback (most recent call last):
  File "/Users/minotaur/Project/TIHA-Bridge/core/bus.py", line 40, in run
    ready = self._queue.pop_ready()
  File "/Users/minotaur/Project/TIHA-Bridge/db/queue.py", line 35, in pop_ready
        rows = con.execute(
               ~~~~~~~~~~~^
        """SELECT * FROM message_queue
        ^^^^^^^^^^^^^^^^^^^^^^^^^^^^^^
    ...<3 lines>...
        (now,),
        ^^^^^^^
    ).fetchall()
    ^
sqlite3.OperationalError: no such table: message_queue
2026-04-02 11:10:16 [ERROR] core.bus: Bus worker error
Traceback (most recent call last):
  File "/Users/minotaur/Project/TIHA-Bridge/core/bus.py", line 40, in run
    ready = self._queue.pop_ready()
  File "/Users/minotaur/Project/TIHA-Bridge/db/queue.py", line 35, in pop_ready
        rows = con.execute(
               ~~~~~~~~~~~^
        """SELECT * FROM message_queue
        ^^^^^^^^^^^^^^^^^^^^^^^^^^^^^^
    ...<3 lines>...
        (now,),
        ^^^^^^^
    ).fetchall()
    ^
sqlite3.OperationalError: no such table: message_queue
2026-04-02 11:10:16 [ERROR] core.bus: Bus worker error
Traceback (most recent call last):
  File "/Users/minotaur/Project/TIHA-Bridge/core/bus.py", line 40, in run
    ready = self._queue.pop_ready()
  File "/Users/minotaur/Project/TIHA-Bridge/db/queue.py", line 35, in pop_ready
        rows = con.execute(
               ~~~~~~~~~~~^
        """SELECT * FROM message_queue
        ^^^^^^^^^^^^^^^^^^^^^^^^^^^^^^
    ...<3 lines>...
        (now,),
        ^^^^^^^
    ).fetchall()
    ^
sqlite3.OperationalError: no such table: message_queue
2026-04-02 11:10:17 [ERROR] core.bus: Bus worker error
Traceback (most recent call last):
  File "/Users/minotaur/Project/TIHA-Bridge/core/bus.py", line 40, in run
    ready = self._queue.pop_ready()
  File "/Users/minotaur/Project/TIHA-Bridge/db/queue.py", line 35, in pop_ready
        rows = con.execute(
               ~~~~~~~~~~~^
        """SELECT * FROM message_queue
        ^^^^^^^^^^^^^^^^^^^^^^^^^^^^^^
    ...<3 lines>...
        (now,),
        ^^^^^^^
    ).fetchall()
    ^
sqlite3.OperationalError: no such table: message_queue
2026-04-02 11:10:17 [ERROR] core.bus: Bus worker error
Traceback (most recent call last):
  File "/Users/minotaur/Project/TIHA-Bridge/core/bus.py", line 40, in run
    ready = self._queue.pop_ready()
  File "/Users/minotaur/Project/TIHA-Bridge/db/queue.py", line 35, in pop_ready
        rows = con.execute(
               ~~~~~~~~~~~^
        """SELECT * FROM message_queue
        ^^^^^^^^^^^^^^^^^^^^^^^^^^^^^^
    ...<3 lines>...
        (now,),
        ^^^^^^^
    ).fetchall()
    ^
sqlite3.OperationalError: no such table: message_queue
2026-04-02 11:10:18 [ERROR] core.bus: Bus worker error
Traceback (most recent call last):
  File "/Users/minotaur/Project/TIHA-Bridge/core/bus.py", line 40, in run
    ready = self._queue.pop_ready()
  File "/Users/minotaur/Project/TIHA-Bridge/db/queue.py", line 35, in pop_ready
        rows = con.execute(
               ~~~~~~~~~~~^
        """SELECT * FROM message_queue
        ^^^^^^^^^^^^^^^^^^^^^^^^^^^^^^
    ...<3 lines>...
        (now,),
        ^^^^^^^
    ).fetchall()
    ^
sqlite3.OperationalError: no such table: message_queue
2026-04-02 11:10:18 [ERROR] core.bus: Bus worker error
Traceback (most recent call last):
  File "/Users/minotaur/Project/TIHA-Bridge/core/bus.py", line 40, in run
    ready = self._queue.pop_ready()
  File "/Users/minotaur/Project/TIHA-Bridge/db/queue.py", line 35, in pop_ready
        rows = con.execute(
               ~~~~~~~~~~~^
        """SELECT * FROM message_queue
        ^^^^^^^^^^^^^^^^^^^^^^^^^^^^^^
    ...<3 lines>...
        (now,),
        ^^^^^^^
    ).fetchall()
    ^
sqlite3.OperationalError: no such table: message_queue
2026-04-02 11:10:19 [ERROR] core.bus: Bus worker error
Traceback (most recent call last):
  File "/Users/minotaur/Project/TIHA-Bridge/core/bus.py", line 40, in run
    ready = self._queue.pop_ready()
  File "/Users/minotaur/Project/TIHA-Bridge/db/queue.py", line 35, in pop_ready
        rows = con.execute(
               ~~~~~~~~~~~^
        """SELECT * FROM message_queue
        ^^^^^^^^^^^^^^^^^^^^^^^^^^^^^^
    ...<3 lines>...
        (now,),
        ^^^^^^^
    ).fetchall()
    ^
sqlite3.OperationalError: no such table: message_queue
2026-04-02 11:10:19 [ERROR] core.bus: Bus worker error
Traceback (most recent call last):
  File "/Users/minotaur/Project/TIHA-Bridge/core/bus.py", line 40, in run
    ready = self._queue.pop_ready()
  File "/Users/minotaur/Project/TIHA-Bridge/db/queue.py", line 35, in pop_ready
        rows = con.execute(
               ~~~~~~~~~~~^
        """SELECT * FROM message_queue
        ^^^^^^^^^^^^^^^^^^^^^^^^^^^^^^
    ...<3 lines>...
        (now,),
        ^^^^^^^
    ).fetchall()
    ^
sqlite3.OperationalError: no such table: message_queue
2026-04-02 11:10:20 [DEBUG] websockets.client: > TEXT '{"ver": 11, "cmd": 0, "seq": 12, "opcode": 289,...56-bba7-9e31e14e692f"}}' [111 bytes]
2026-04-02 11:10:20 [ERROR] core.bus: Bus worker error
Traceback (most recent call last):
  File "/Users/minotaur/Project/TIHA-Bridge/core/bus.py", line 40, in run
    ready = self._queue.pop_ready()
  File "/Users/minotaur/Project/TIHA-Bridge/db/queue.py", line 35, in pop_ready
        rows = con.execute(
               ~~~~~~~~~~~^
        """SELECT * FROM message_queue
        ^^^^^^^^^^^^^^^^^^^^^^^^^^^^^^
    ...<3 lines>...
        (now,),
        ^^^^^^^
    ).fetchall()
    ^
sqlite3.OperationalError: no such table: message_queue
2026-04-02 11:10:20 [DEBUG] websockets.client: < TEXT '{"ver":11,"cmd":1,"seq":12,"opcode":289,"payloa...resAt":1775117518825}}}' [89 bytes]
2026-04-02 11:10:20 [ERROR] core.bus: Bus worker error
Traceback (most recent call last):
  File "/Users/minotaur/Project/TIHA-Bridge/core/bus.py", line 40, in run
    ready = self._queue.pop_ready()
  File "/Users/minotaur/Project/TIHA-Bridge/db/queue.py", line 35, in pop_ready
        rows = con.execute(
               ~~~~~~~~~~~^
        """SELECT * FROM message_queue
        ^^^^^^^^^^^^^^^^^^^^^^^^^^^^^^
    ...<3 lines>...
        (now,),
        ^^^^^^^
    ).fetchall()
    ^
sqlite3.OperationalError: no such table: message_queue
2026-04-02 11:10:21 [ERROR] core.bus: Bus worker error
Traceback (most recent call last):
  File "/Users/minotaur/Project/TIHA-Bridge/core/bus.py", line 40, in run
    ready = self._queue.pop_ready()
  File "/Users/minotaur/Project/TIHA-Bridge/db/queue.py", line 35, in pop_ready
        rows = con.execute(
               ~~~~~~~~~~~^
        """SELECT * FROM message_queue
        ^^^^^^^^^^^^^^^^^^^^^^^^^^^^^^
    ...<3 lines>...
        (now,),
        ^^^^^^^
    ).fetchall()
    ^
sqlite3.OperationalError: no such table: message_queue
2026-04-02 11:10:21 [ERROR] core.bus: Bus worker error
Traceback (most recent call last):
  File "/Users/minotaur/Project/TIHA-Bridge/core/bus.py", line 40, in run
    ready = self._queue.pop_ready()
  File "/Users/minotaur/Project/TIHA-Bridge/db/queue.py", line 35, in pop_ready
        rows = con.execute(
               ~~~~~~~~~~~^
        """SELECT * FROM message_queue
        ^^^^^^^^^^^^^^^^^^^^^^^^^^^^^^
    ...<3 lines>...
        (now,),
        ^^^^^^^
    ).fetchall()
    ^
sqlite3.OperationalError: no such table: message_queue
2026-04-02 11:10:22 [ERROR] core.bus: Bus worker error
Traceback (most recent call last):
  File "/Users/minotaur/Project/TIHA-Bridge/core/bus.py", line 40, in run
    ready = self._queue.pop_ready()
  File "/Users/minotaur/Project/TIHA-Bridge/db/queue.py", line 35, in pop_ready
        rows = con.execute(
               ~~~~~~~~~~~^
        """SELECT * FROM message_queue
        ^^^^^^^^^^^^^^^^^^^^^^^^^^^^^^
    ...<3 lines>...
        (now,),
        ^^^^^^^
    ).fetchall()
    ^
sqlite3.OperationalError: no such table: message_queue
2026-04-02 11:10:24 [WARNING] discord.client: PyNaCl is not installed, voice will NOT be supported
2026-04-02 11:10:24 [WARNING] discord.client: davey is not installed, voice will NOT be supported
2026-04-02 11:10:24 [DEBUG] discord.client: on_ready has successfully been registered as an event
2026-04-02 11:10:24 [DEBUG] discord.client: on_guild_channel_create has successfully been registered as an event
2026-04-02 11:10:24 [DEBUG] discord.client: on_message has successfully been registered as an event
2026-04-02 11:10:24 [INFO] core.bus: Adapter registered: max
2026-04-02 11:10:24 [INFO] core.bus: Adapter registered: telegram
2026-04-02 11:10:24 [INFO] core.bus: Adapter registered: discord
2026-04-02 11:10:24 [INFO] pymax.core: Client starting
2026-04-02 11:10:24 [INFO] pymax.core: Connecting to WebSocket wss://ws-api.oneme.ru/websocket
2026-04-02 11:10:24 [INFO] adapters.telegram.adapter: Telegram adapter started
2026-04-02 11:10:24 [INFO] adapters.discord.adapter: Discord adapter starting
2026-04-02 11:10:24 [INFO] core.bus: MessageBus worker started
2026-04-02 11:10:24 [INFO] aiogram.dispatcher: Start polling
2026-04-02 11:10:24 [INFO] discord.client: logging in using static token
2026-04-02 11:10:24 [DEBUG] websockets.client: = connection is CONNECTING
2026-04-02 11:10:24 [DEBUG] websockets.client: > GET /websocket HTTP/1.1
2026-04-02 11:10:24 [DEBUG] websockets.client: > Host: ws-api.oneme.ru
2026-04-02 11:10:24 [DEBUG] websockets.client: > Origin: https://web.max.ru
2026-04-02 11:10:24 [DEBUG] websockets.client: > Upgrade: websocket
2026-04-02 11:10:24 [DEBUG] websockets.client: > Connection: Upgrade
2026-04-02 11:10:24 [DEBUG] websockets.client: > Sec-WebSocket-Key: I25RWIbFSih4PpayO+9Fuw==
2026-04-02 11:10:24 [DEBUG] websockets.client: > Sec-WebSocket-Version: 13
2026-04-02 11:10:24 [DEBUG] websockets.client: > Sec-WebSocket-Extensions: permessage-deflate; client_max_window_bits
2026-04-02 11:10:24 [DEBUG] websockets.client: > User-Agent: Mozilla/5.0 (iPhone; CPU iPhone OS 16_7_13 like Mac OS X) AppleWebKit/605.1.15 (KHTML, like Gecko) EdgiOS/131.0.2903.86 Version/16.0 Mobile/15E148 Safari/604.1
2026-04-02 11:10:24 [DEBUG] websockets.client: < HTTP/1.1 101 Switching Protocols
2026-04-02 11:10:24 [DEBUG] websockets.client: < upgrade: websocket
2026-04-02 11:10:24 [DEBUG] websockets.client: < connection: upgrade
2026-04-02 11:10:24 [DEBUG] websockets.client: < sec-websocket-accept: BkfAHqZPnn0jsJtyXhSJqK3T7m0=
2026-04-02 11:10:24 [DEBUG] websockets.client: < sec-websocket-extensions: permessage-deflate
2026-04-02 11:10:24 [DEBUG] websockets.client: = connection is OPEN
2026-04-02 11:10:24 [INFO] pymax.core: WebSocket connected, starting handshake
2026-04-02 11:10:24 [DEBUG] websockets.client: > TEXT '{"ver": 11, "cmd": 0, "seq": 1, "opcode": 6, "p..."buildNumber": 38859}}}' [548 bytes]
2026-04-02 11:10:24 [DEBUG] websockets.client: < TEXT '{"ver":11,"cmd":1,"seq":1,"opcode":6,"payload":..."GE"],"location":"RU"}}' [153 bytes]
2026-04-02 11:10:24 [INFO] pymax.core: Handshake completed
2026-04-02 11:10:24 [INFO] pymax.core: Starting login flow
2026-04-02 11:10:24 [INFO] pymax.core: Requesting QR login data
2026-04-02 11:10:24 [DEBUG] websockets.client: > TEXT '{"ver": 11, "cmd": 0, "seq": 2, "opcode": 288, "payload": {}}' [61 bytes]
2026-04-02 11:10:24 [DEBUG] websockets.client: < TEXT '{"ver":11,"cmd":1,"seq":2,"opcode":288,"payload...iresAt":1775117518825}}' [230 bytes]
2026-04-02 11:10:24 [INFO] pymax.core: Starting QR login flow
2026-04-02 11:10:24 [INFO] pymax.core: Polling for QR login confirmation
2026-04-02 11:10:24 [DEBUG] websockets.client: > TEXT '{"ver": 11, "cmd": 0, "seq": 3, "opcode": 289, ...56-bba7-9e31e14e692f"}}' [110 bytes]
2026-04-02 11:10:24 [DEBUG] websockets.client: < TEXT '{"ver":11,"cmd":1,"seq":3,"opcode":289,"payload...resAt":1775117518825}}}' [88 bytes]
2026-04-02 11:10:25 [DEBUG] discord.http: GET https://discord.com/api/v10/users/@me with None has returned 200
2026-04-02 11:10:25 [DEBUG] discord.http: GET /users/@me has found its initial rate limit bucket hash (78bb8553d9352a5a2f89f9def401287a).
2026-04-02 11:10:25 [DEBUG] discord.http: GET https://discord.com/api/v10/users/@me has received {'id': '1488466672359575694', 'username': 'BRIDGE', 'avatar': 'a4537a16a2592def5eb7697a07e0ee9c', 'discriminator': '8720', 'public_flags': 0, 'flags': 0, 'bot': True, 'banner': None, 'accent_color': None, 'global_name': None, 'avatar_decoration_data': None, 'collectibles': None, 'display_name_styles': None, 'banner_color': None, 'clan': None, 'primary_guild': None, 'mfa_enabled': True, 'locale': 'en-US', 'premium_type': 0, 'email': None, 'verified': True, 'bio': ''}
2026-04-02 11:10:25 [INFO] aiogram.dispatcher: Run polling for bot @max_tg_bridge_s_bot id=8289166189 - 'TIHA Bridge'
2026-04-02 11:10:25 [DEBUG] discord.http: GET https://discord.com/api/v10/oauth2/applications/@me with None has returned 200
2026-04-02 11:10:25 [DEBUG] discord.http: GET /oauth2/applications/@me has found its initial rate limit bucket hash (d28a133af187e91d71d96a223467ce49).
2026-04-02 11:10:25 [DEBUG] discord.http: GET https://discord.com/api/v10/oauth2/applications/@me has received {'id': '1488466672359575694', 'name': 'BRIDGE', 'icon': 'a4537a16a2592def5eb7697a07e0ee9c', 'description': 'Max-Telegram-Discord bridge bot', 'type': None, 'bot': {'id': '1488466672359575694', 'username': 'BRIDGE', 'avatar': 'a4537a16a2592def5eb7697a07e0ee9c', 'discriminator': '8720', 'public_flags': 0, 'flags': 0, 'bot': True, 'banner': None, 'accent_color': None, 'global_name': None, 'avatar_decoration_data': None, 'collectibles': None, 'display_name_styles': None, 'banner_color': None, 'clan': None, 'primary_guild': None}, 'summary': '', 'is_monetized': False, 'is_verified': False, 'is_discoverable': False, 'bot_public': True, 'bot_require_code_grant': False, 'install_params': {'scopes': ['applications.commands'], 'permissions': '0'}, 'integration_types_config': {'0': {'oauth2_install_params': {'scopes': ['applications.commands'], 'permissions': '0'}}, '1': {'oauth2_install_params': {'scopes': ['applications.commands'], 'permissions': '0'}}}, 'verify_key': '158f8e4aa5be97a1cc30d6168df83779d3ee7febaa334a4561149f21703df18f', 'flags': 11042816, 'hook': True, 'storefront_available': False, 'redirect_uris': [], 'interactions_endpoint_url': None, 'role_connections_verification_url': None, 'owner': {'id': '941848879672987658', 'username': 'm1notaur_studio', 'avatar': '053c9507b6bc715a7c95cf8f95b63eab', 'discriminator': '0', 'public_flags': 128, 'flags': 128, 'banner': None, 'accent_color': 0, 'global_name': 'M1notaur_', 'avatar_decoration_data': {'asset': 'a_4539f720c2c576feca9de41b8dc413e8', 'sku_id': '1341506443882266624', 'expires_at': None}, 'collectibles': {'nameplate': {'sku_id': '1465519580016410746', 'asset': 'nameplates/blossoming_branch/1465519580016410746/', 'label': 'Swaying cherry blossom branch with petals blowing and gentle watercolor washes.', 'palette': 'bubble_gum'}}, 'display_name_styles': None, 'banner_color': '#000000', 'clan': None, 'primary_guild': None}, 'approximate_guild_count': 1, 'approximate_user_install_count': 0, 'approximate_user_authorization_count': 0, 'interactions_event_types': [], 'interactions_version': 1, 'explicit_content_filter': 0, 'rpc_application_state': 0, 'store_application_state': 1, 'verification_state': 1, 'integration_public': True, 'integration_require_code_grant': False, 'discoverability_state': 1, 'discovery_eligibility_flags': 2532, 'monetization_state': 1, 'verification_eligibility_flags': 123804, 'monetization_eligibility_flags': 247524, 'bot_approximate_guild_count': 1, 'team': None, 'internal_guild_restriction': 2, 'approved_consoles': [], 'pricing_localization_strategy': 'localized_price_sets'}
2026-04-02 11:10:25 [DEBUG] discord.gateway: Created websocket connected to wss://gateway.discord.gg/
2026-04-02 11:10:25 [DEBUG] discord.gateway: For Shard ID None: WebSocket Event: {'t': None, 's': None, 'op': 10, 'd': {'heartbeat_interval': 41250, '_trace': ['["gateway-prd-arm-us-east1-d-f9qd",{"micros":0.0}]']}}
2026-04-02 11:10:25 [DEBUG] discord.gateway: Shard ID None has sent the IDENTIFY payload.
2026-04-02 11:10:25 [DEBUG] discord.gateway: For Shard ID None: WebSocket Event: {'t': None, 's': None, 'op': 11, 'd': None}
2026-04-02 11:10:26 [DEBUG] discord.gateway: For Shard ID None: WebSocket Event: {'t': 'READY', 's': 1, 'op': 0, 'd': {'v': 10, 'user_settings': {}, 'user': {'verified': True, 'username': 'BRIDGE', 'primary_guild': None, 'mfa_enabled': True, 'id': '1488466672359575694', 'global_name': None, 'flags': 0, 'email': None, 'discriminator': '8720', 'clan': None, 'bot': True, 'avatar': 'a4537a16a2592def5eb7697a07e0ee9c'}, 'session_type': 'normal', 'session_id': '423b6573801fd9b8e9e984e9714f95af', 'resume_gateway_url': 'wss://gateway-us-east1-d.discord.gg', 'relationships': [], 'private_channels': [], 'presences': [], 'guilds': [{'unavailable': True, 'id': '1488467858446094416'}], 'guild_join_requests': [], 'geo_ordered_rtc_regions': ['finland', 'helsinki', 'warsaw', 'stockholm', 'bucharest'], 'game_relationships': [], 'auth': {}, 'application': {'id': '1488466672359575694', 'flags_new': '11042816', 'flags': 11042816}, '_trace': ['["gateway-prd-arm-us-east1-d-f9qd",{"micros":370445,"calls":["id_created",{"micros":819,"calls":[]},"session_lookup_time",{"micros":284,"calls":[]},"session_lookup_finished",{"micros":10,"calls":[]},"sessions-prd-gcp-us-east1-d-44",{"micros":368868,"calls":["start_session",{"micros":275667,"calls":["prd-rpc-74569b8dd4-4gqx9",{"micros":143182,"calls":["get_user",{"micros":74028},"get_guilds",{"micros":2986},"send_scheduled_deletion_message",{"micros":12},"guild_join_requests",{"micros":640},"authorized_ip_coro",{"micros":1834},"pending_payments",{"micros":1507},"apex_experiments",{"micros":110381},"sessions_experiments",{"micros":7},"played_application_ids",{"micros":4},"linked_users",{"micros":4},"ad_personalization_toggles_disabled",{"micros":4},"regional_feature_config",{"micros":4}]}]},"starting_guild_connect",{"micros":44,"calls":[]},"presence_started",{"micros":38770,"calls":[]},"guilds_started",{"micros":70,"calls":[]},"lobbies_started",{"micros":1,"calls":[]},"guilds_connect",{"micros":2,"calls":[]},"presence_connect",{"micros":54254,"calls":[]},"connect_finished",{"micros":54274,"calls":[]},"build_ready",{"micros":16,"calls":[]},"clean_ready",{"micros":23,"calls":[]},"optimize_ready",{"micros":1,"calls":[]},"split_ready",{"micros":1,"calls":[]}]}]}]']}}
2026-04-02 11:10:26 [DEBUG] discord.client: Dispatching event socket_event_type
2026-04-02 11:10:26 [INFO] discord.gateway: Shard ID None has connected to Gateway (Session ID: 423b6573801fd9b8e9e984e9714f95af).
2026-04-02 11:10:26 [DEBUG] discord.client: Dispatching event connect
2026-04-02 11:10:26 [DEBUG] discord.gateway: For Shard ID None: WebSocket Event: {'t': 'GUILD_CREATE', 's': 2, 'op': 0, 'd': {'members': [{'user': {'username': 'BRIDGE', 'public_flags': 0, 'primary_guild': None, 'id': '1488466672359575694', 'global_name': None, 'display_name_styles': None, 'display_name': None, 'discriminator': '8720', 'collectibles': None, 'bot': True, 'avatar_decoration_data': None, 'avatar': 'a4537a16a2592def5eb7697a07e0ee9c'}, 'roles': ['1488475283815403665'], 'premium_since': None, 'pending': False, 'nick': None, 'mute': False, 'joined_at': '2026-03-31T09:49:22.258000+00:00', 'flags': 0, 'deaf': False, 'communication_disabled_until': None, 'banner': None, 'avatar': None}], 'verification_level': 0, 'explicit_content_filter': 0, 'nsfw_level': 0, 'premium_subscription_count': 0, 'incidents_data': None, 'roles': [{'version': 1774948791946, 'unicode_emoji': None, 'tags': {}, 'position': 0, 'permissions': '2248473465835073', 'name': '@everyone', 'mentionable': False, 'managed': False, 'id': '1488467858446094416', 'icon': None, 'hoist': False, 'flags': 0, 'colors': {'tertiary_color': None, 'secondary_color': None, 'primary_color': 0}, 'color': 0}, {'version': 1774950562243, 'unicode_emoji': None, 'tags': {'bot_id': '1488466672359575694'}, 'position': 1, 'permissions': '2147585024', 'name': 'BRIDGE', 'mentionable': False, 'managed': True, 'id': '1488475283815403665', 'icon': None, 'hoist': False, 'flags': 0, 'colors': {'tertiary_color': None, 'secondary_color': None, 'primary_color': 0}, 'color': 0}], 'premium_features': None, 'lazy': True, 'profile': None, 'owner_configured_content_level': 0, 'home_header': None, 'application_command_counts': {}, 'stage_instances': [], 'id': '1488467858446094416', 'mfa_level': 0, 'moderator_reporting': None, 'name': 'TIHA-Bridge', 'preferred_locale': 'en-US', 'default_message_notifications': 0, 'latest_onboarding_question_id': None, 'large': False, 'nsfw': False, 'afk_timeout': 300, 'unavailable': False, 'max_members': 25000000, 'threads': [], 'system_channel_flags': 0, 'max_stage_video_channel_users': 50, 'description': None, 'soundboard_sounds': [], 'discovery_splash': None, 'guild_scheduled_events': [], 'max_video_channel_users': 25, 'icon': None, 'game_application_ids': None, 'premium_progress_bar_enabled': False, 'joined_at': '2026-03-31T09:49:22.258000+00:00', 'vanity_url_code': None, 'voice_states': [], 'channels': [{'version': 1774948791949, 'type': 4, 'position': 0, 'permission_overwrites': [], 'name': 'Текстовые каналы', 'id': '1488467858446094417', 'flags': 0}, {'version': 1774948791961, 'type': 4, 'position': 0, 'permission_overwrites': [], 'name': 'Голосовые каналы', 'id': '1488467858903138394', 'flags': 0}, {'version': 1774948791972, 'type': 0, 'topic': None, 'rate_limit_per_user': 0, 'position': 0, 'permission_overwrites': [], 'parent_id': '1488467858446094417', 'name': 'основной', 'last_message_id': '1488807942944985160', 'id': '1488467858903138395', 'icon_emoji': {'name': '👋', 'id': None}, 'flags': 0}, {'version': 1774948791986, 'user_limit': 0, 'type': 2, 'rtc_region': None, 'rate_limit_per_user': 0, 'position': 0, 'permission_overwrites': [], 'parent_id': '1488467858903138394', 'name': 'Основной', 'last_message_id': None, 'id': '1488467858903138397', 'icon_emoji': {'name': '🎙', 'id': None}, 'flags': 0, 'bitrate': 64000}], 'public_updates_channel_id': None, 'system_channel_id': '1488467858903138395', 'owner_id': '941848879672987658', 'features': [], 'premium_progress_bar_enabled_user_updated_at': None, 'inventory_settings': None, 'activity_instances': [], 'splash': None, 'region': 'deprecated', 'emojis': [], 'application_id': None, 'hub_type': None, 'premium_tier': 0, 'rules_channel_id': None, 'version': 1774948838405, 'embedded_activities': [], 'stickers': [], 'banner': None, 'presences': [], 'safety_alerts_channel_id': None, 'afk_channel_id': None, 'member_count': 3}}
2026-04-02 11:10:26 [DEBUG] discord.client: Dispatching event socket_event_type
2026-04-02 11:10:26 [DEBUG] discord.client: Dispatching event guild_available
2026-04-02 11:10:28 [DEBUG] discord.client: Dispatching event ready
2026-04-02 11:10:28 [DEBUG] discord.http: PUT https://discord.com/api/v10/applications/1488466672359575694/commands with [{"name":"routes","description":"\u041f\u043e\u043a\u0430\u0437\u0430\u0442\u044c \u043c\u0430\u0440\u0448\u0440\u0443\u0442\u044b","type":1,"options":[],"nsfw":false,"dm_permission":true,"default_member_permissions":null,"contexts":null,"integration_types":null}] has returned 200
2026-04-02 11:10:28 [DEBUG] discord.http: PUT /applications/{application_id}/commands has found its initial rate limit bucket hash (3e32a240d3716487d7d8f6dae6c54f6b).
2026-04-02 11:10:28 [DEBUG] discord.http: A rate limit bucket (3e32a240d3716487d7d8f6dae6c54f6b) has been exhausted. Pre-emptively rate limiting...
2026-04-02 11:10:28 [DEBUG] discord.http: PUT https://discord.com/api/v10/applications/1488466672359575694/commands has received [{'id': '1488470695997608007', 'application_id': '1488466672359575694', 'version': '1488470695997608008', 'default_member_permissions': None, 'type': 1, 'name': 'routes', 'name_localizations': None, 'description': 'Показать маршруты', 'description_localizations': None, 'dm_permission': True, 'contexts': None, 'integration_types': [0, 1], 'nsfw': False}]
2026-04-02 11:10:29 [DEBUG] websockets.client: > TEXT '{"ver": 11, "cmd": 0, "seq": 4, "opcode": 289, ...56-bba7-9e31e14e692f"}}' [110 bytes]
2026-04-02 11:10:29 [DEBUG] websockets.client: < TEXT '{"ver":11,"cmd":1,"seq":4,"opcode":289,"payload...resAt":1775117518825}}}' [88 bytes]
2026-04-02 11:10:34 [DEBUG] websockets.client: > TEXT '{"ver": 11, "cmd": 0, "seq": 5, "opcode": 289, ...56-bba7-9e31e14e692f"}}' [110 bytes]
2026-04-02 11:10:34 [DEBUG] websockets.client: < TEXT '{"ver":11,"cmd":1,"seq":5,"opcode":289,"payload...resAt":1775117518825}}}' [88 bytes]
2026-04-02 11:10:39 [DEBUG] websockets.client: > TEXT '{"ver": 11, "cmd": 0, "seq": 6, "opcode": 289, ...56-bba7-9e31e14e692f"}}' [110 bytes]
2026-04-02 11:10:40 [DEBUG] websockets.client: < TEXT '{"ver":11,"cmd":1,"seq":6,"opcode":289,"payload...resAt":1775117518825}}}' [110 bytes]
2026-04-02 11:10:40 [INFO] pymax.core: QR login confirmed
2026-04-02 11:10:40 [INFO] pymax.core: QR login successful
2026-04-02 11:10:40 [INFO] pymax.core: Getting QR login data
2026-04-02 11:10:40 [DEBUG] websockets.client: > TEXT '{"ver": 11, "cmd": 0, "seq": 7, "opcode": 291, ...56-bba7-9e31e14e692f"}}' [110 bytes]
2026-04-02 11:10:40 [DEBUG] websockets.client: < TEXT '{"ver":11,"cmd":1,"seq":7,"opcode":291,"payload...8212,"id":229703329}}}}' [1042 bytes]
2026-04-02 11:10:40 [INFO] pymax.core: Login successful, token saved to database
2026-04-02 11:10:40 [INFO] pymax.core: Starting initial sync
2026-04-02 11:10:40 [DEBUG] websockets.client: > TEXT '{"ver": 11, "cmd": 0, "seq": 8, "opcode": 19, "..."buildNumber": 38859}}}' [1331 bytes]
2026-04-02 11:10:40 [DEBUG] websockets.client: < TEXT '{"ver":11,"cmd":1,"seq":8,"opcode":19,"payload"...YWtNX5JTLXWzucoW0q7w"}}' [10575 bytes]
2026-04-02 11:10:40 [DEBUG] websockets.client: < TEXT '{"ver":11,"cmd":0,"seq":1,"opcode":292,"payload...6,"showTime":86400000}}' [111 bytes]
2026-04-02 11:10:40 [INFO] pymax.core: Sync completed: dialogs=3 chats=2 channels=0
2026-04-02 11:10:40 [INFO] adapters.max.adapter: Max adapter started, 5 chats registered
2026-04-02 11:10:40 [DEBUG] websockets.client: > TEXT '{"ver": 11, "cmd": 0, "seq": 9, "opcode": 1, "p... {"interactive": true}}' [78 bytes]
2026-04-02 11:10:40 [DEBUG] websockets.client: > TEXT '{"ver": 11, "cmd": 0, "seq": 10, "opcode": 5, "...id": 1775117424642}}]}}' [263 bytes]
2026-04-02 11:10:40 [DEBUG] websockets.client: < TEXT '{"ver":11,"cmd":1,"seq":9,"opcode":1,"payload":null}' [52 bytes]
2026-04-02 11:10:40 [DEBUG] websockets.client: < TEXT '{"ver":11,"cmd":1,"seq":10,"opcode":5,"payload":null}' [53 bytes]
2026-04-02 11:10:40 [DEBUG] websockets.client: > TEXT '{"ver": 11, "cmd": 0, "seq": 11, "opcode": 5, "...id": 1775117424642}}]}}' [258 bytes]
2026-04-02 11:10:40 [DEBUG] websockets.client: < TEXT '{"ver":11,"cmd":1,"seq":11,"opcode":5,"payload":null}' [53 bytes]
2026-04-02 11:10:40 [DEBUG] websockets.client: < TEXT '{"ver":11,"cmd":0,"seq":2,"opcode":128,"payload...:"116305693444037535"}}' [833 bytes]
2026-04-02 11:10:40 [DEBUG] core.bus: No routes for max/230208250 — dropping
2026-04-02 11:10:40 [DEBUG] websockets.client: > TEXT '{"ver": 11, "cmd": 0, "seq": 12, "opcode": 128,... "116334096594332154"}}' [116 bytes]
2026-04-02 11:10:40 [DEBUG] websockets.client: < TEXT '{"ver":11,"cmd":3,"seq":12,"opcode":128,"payloa...:"Неизвестный opcode"}}' [199 bytes]
2026-04-02 11:10:40 [DEBUG] websockets.client: < EOF
2026-04-02 11:10:40 [DEBUG] websockets.client: < EOF
2026-04-02 11:10:40 [DEBUG] websockets.client: > EOF
2026-04-02 11:10:40 [DEBUG] websockets.client: = connection is CLOSED
2026-04-02 11:10:40 [DEBUG] websockets.client: x closing TCP connection
2026-04-02 11:10:40 [INFO] pymax.core: Client start() cleaned up
2026-04-02 11:10:40 [INFO] pymax.core: Reconnect enabled — restarting client
2026-04-02 11:10:41 [INFO] pymax.core: Connecting to WebSocket wss://ws-api.oneme.ru/websocket
2026-04-02 11:10:41 [DEBUG] websockets.client: = connection is CONNECTING
2026-04-02 11:10:41 [DEBUG] websockets.client: > GET /websocket HTTP/1.1
2026-04-02 11:10:41 [DEBUG] websockets.client: > Host: ws-api.oneme.ru
2026-04-02 11:10:41 [DEBUG] websockets.client: > Origin: https://web.max.ru
2026-04-02 11:10:41 [DEBUG] websockets.client: > Upgrade: websocket
2026-04-02 11:10:41 [DEBUG] websockets.client: > Connection: Upgrade
2026-04-02 11:10:41 [DEBUG] websockets.client: > Sec-WebSocket-Key: 1kJkrbX8M5ZcmTYDNYLC4w==
2026-04-02 11:10:41 [DEBUG] websockets.client: > Sec-WebSocket-Version: 13
2026-04-02 11:10:41 [DEBUG] websockets.client: > Sec-WebSocket-Extensions: permessage-deflate; client_max_window_bits
2026-04-02 11:10:41 [DEBUG] websockets.client: > User-Agent: Mozilla/5.0 (iPhone; CPU iPhone OS 16_7_13 like Mac OS X) AppleWebKit/605.1.15 (KHTML, like Gecko) EdgiOS/131.0.2903.86 Version/16.0 Mobile/15E148 Safari/604.1
2026-04-02 11:10:41 [DEBUG] websockets.client: < HTTP/1.1 101 Switching Protocols
2026-04-02 11:10:41 [DEBUG] websockets.client: < upgrade: websocket
2026-04-02 11:10:41 [DEBUG] websockets.client: < connection: upgrade
2026-04-02 11:10:41 [DEBUG] websockets.client: < sec-websocket-accept: SvByL2vHCQNw7Nu5Fmb+z8vumXs=
2026-04-02 11:10:41 [DEBUG] websockets.client: < sec-websocket-extensions: permessage-deflate
2026-04-02 11:10:41 [DEBUG] websockets.client: = connection is OPEN
2026-04-02 11:10:41 [INFO] pymax.core: WebSocket connected, starting handshake
2026-04-02 11:10:41 [DEBUG] websockets.client: > TEXT '{"ver": 11, "cmd": 0, "seq": 13, "opcode": 6, "..."buildNumber": 38859}}}' [549 bytes]
2026-04-02 11:10:41 [DEBUG] websockets.client: < TEXT '{"ver":11,"cmd":1,"seq":13,"opcode":6,"payload"..."GE"],"location":"RU"}}' [154 bytes]
2026-04-02 11:10:41 [INFO] pymax.core: Handshake completed
2026-04-02 11:10:41 [INFO] pymax.core: Starting initial sync
2026-04-02 11:10:41 [DEBUG] websockets.client: > TEXT '{"ver": 11, "cmd": 0, "seq": 14, "opcode": 19, ..."buildNumber": 38859}}}' [1332 bytes]
2026-04-02 11:10:41 [DEBUG] websockets.client: < TEXT '{"ver":11,"cmd":1,"seq":14,"opcode":19,"payload...GTgnMxtyQd39tT9rv7oA"}}' [10593 bytes]
2026-04-02 11:10:41 [DEBUG] websockets.client: < TEXT '{"ver":11,"cmd":0,"seq":1,"opcode":292,"payload...6,"showTime":86400000}}' [111 bytes]
2026-04-02 11:10:41 [INFO] pymax.core: Sync completed: dialogs=6 chats=4 channels=0
2026-04-02 11:10:41 [INFO] adapters.max.adapter: Max adapter started, 10 chats registered
2026-04-02 11:10:41 [DEBUG] websockets.client: > TEXT '{"ver": 11, "cmd": 0, "seq": 15, "opcode": 1, "... {"interactive": true}}' [79 bytes]
2026-04-02 11:10:41 [DEBUG] websockets.client: > TEXT '{"ver": 11, "cmd": 0, "seq": 16, "opcode": 5, "...id": 1775117424642}}]}}' [263 bytes]
2026-04-02 11:10:41 [DEBUG] websockets.client: < TEXT '{"ver":11,"cmd":1,"seq":15,"opcode":1,"payload":null}' [53 bytes]
2026-04-02 11:10:41 [DEBUG] websockets.client: < TEXT '{"ver":11,"cmd":1,"seq":16,"opcode":5,"payload":null}' [53 bytes]
2026-04-02 11:10:41 [DEBUG] websockets.client: > TEXT '{"ver": 11, "cmd": 0, "seq": 17, "opcode": 5, "...id": 1775117424642}}]}}' [258 bytes]
2026-04-02 11:10:41 [DEBUG] websockets.client: < TEXT '{"ver":11,"cmd":1,"seq":17,"opcode":5,"payload":null}' [53 bytes]
2026-04-02 11:10:43 [DEBUG] websockets.client: < TEXT '{"ver":11,"cmd":0,"seq":2,"opcode":130,"payload...,"mark":1775117442978}}' [141 bytes]
2026-04-02 11:10:43 [INFO] pymax.core: Fetching users count=1
2026-04-02 11:10:43 [DEBUG] websockets.client: > TEXT '{"ver": 11, "cmd": 0, "seq": 18, "opcode": 32, ...contactIds": [543835]}}' [83 bytes]
2026-04-02 11:10:43 [DEBUG] websockets.client: < TEXT '{"ver":11,"cmd":1,"seq":18,"opcode":32,"payload...WB1deLcHq0eIThDLAI"}]}}' [562 bytes]
2026-04-02 11:10:43 [DEBUG] adapters.max.adapter: Cached user name: 543835 → MAX
2026-04-02 11:11:01 [DEBUG] websockets.client: > PING 00 72 48 b5 [binary, 4 bytes]
2026-04-02 11:11:01 [DEBUG] websockets.client: % sent keepalive ping
2026-04-02 11:11:01 [DEBUG] websockets.client: < PONG 00 72 48 b5 [binary, 4 bytes]
2026-04-02 11:11:01 [DEBUG] websockets.client: % received keepalive pong
2026-04-02 11:11:02 [INFO] adapters.discord.adapter: Discord adapter ready: BRIDGE#8720
2026-04-02 11:11:07 [DEBUG] discord.gateway: Keeping shard ID None websocket alive with sequence 2.
2026-04-02 11:11:07 [DEBUG] discord.gateway: For Shard ID None: WebSocket Event: {'t': None, 's': None, 'op': 11, 'd': None}
2026-04-02 11:11:11 [DEBUG] websockets.client: > TEXT '{"ver": 11, "cmd": 0, "seq": 19, "opcode": 1, "... {"interactive": true}}' [79 bytes]
2026-04-02 11:11:12 [DEBUG] websockets.client: < TEXT '{"ver":11,"cmd":1,"seq":19,"opcode":1,"payload":null}' [53 bytes]
2026-04-02 11:11:14 [INFO] aiogram.event: Update id=897338313 is handled. Duration 482 ms by bot id=8289166189
2026-04-02 11:11:16 [INFO] aiogram.event: Update id=897338314 is handled. Duration 369 ms by bot id=8289166189
2026-04-02 11:11:17 [INFO] aiogram.event: Update id=897338315 is handled. Duration 348 ms by bot id=8289166189
2026-04-02 11:11:20 [INFO] aiogram.event: Update id=897338316 is handled. Duration 3 ms by bot id=8289166189
2026-04-02 11:11:20 [INFO] pymax.core: Sending message to chat_id=-72723141257889 notify=True
2026-04-02 11:11:20 [DEBUG] websockets.client: > TEXT '{"ver": 11, "cmd": 0, "seq": 20, "opcode": 64, ...null}, "notify": true}}' [250 bytes]
2026-04-02 11:11:20 [DEBUG] websockets.client: < TEXT '{"ver":11,"cmd":1,"seq":20,"opcode":64,"payload...,"mark":1775117480750}}' [263 bytes]
2026-04-02 11:11:21 [DEBUG] websockets.client: > PING 95 06 b8 e0 [binary, 4 bytes]
2026-04-02 11:11:21 [DEBUG] websockets.client: % sent keepalive ping
2026-04-02 11:11:21 [DEBUG] websockets.client: < PONG 95 06 b8 e0 [binary, 4 bytes]
2026-04-02 11:11:21 [DEBUG] websockets.client: % received keepalive pong
2026-04-02 11:11:25 [INFO] aiogram.event: Update id=897338317 is handled. Duration 2 ms by bot id=8289166189
2026-04-02 11:11:25 [INFO] pymax.core: Sending message to chat_id=-72723141257889 notify=True
2026-04-02 11:11:25 [DEBUG] websockets.client: > TEXT '{"ver": 11, "cmd": 0, "seq": 21, "opcode": 64, ...null}, "notify": true}}' [269 bytes]
2026-04-02 11:11:25 [DEBUG] websockets.client: < TEXT '{"ver":11,"cmd":1,"seq":21,"opcode":64,"payload...,"mark":1775117485197}}' [270 bytes]
2026-04-02 11:11:41 [DEBUG] websockets.client: > PING 47 c7 06 05 [binary, 4 bytes]
2026-04-02 11:11:41 [DEBUG] websockets.client: % sent keepalive ping
2026-04-02 11:11:41 [DEBUG] websockets.client: < PONG 47 c7 06 05 [binary, 4 bytes]
2026-04-02 11:11:41 [DEBUG] websockets.client: % received keepalive pong
2026-04-02 11:11:42 [DEBUG] websockets.client: > TEXT '{"ver": 11, "cmd": 0, "seq": 22, "opcode": 1, "... {"interactive": true}}' [79 bytes]
2026-04-02 11:11:42 [DEBUG] websockets.client: < TEXT '{"ver":11,"cmd":1,"seq":22,"opcode":1,"payload":null}' [53 bytes]
2026-04-02 11:11:48 [DEBUG] discord.gateway: Keeping shard ID None websocket alive with sequence 2.
2026-04-02 11:11:48 [DEBUG] discord.gateway: For Shard ID None: WebSocket Event: {'t': None, 's': None, 'op': 11, 'd': None}
2026-04-02 11:12:01 [DEBUG] websockets.client: > PING c1 12 02 08 [binary, 4 bytes]
2026-04-02 11:12:01 [DEBUG] websockets.client: % sent keepalive ping
2026-04-02 11:12:01 [DEBUG] websockets.client: < PONG c1 12 02 08 [binary, 4 bytes]
2026-04-02 11:12:01 [DEBUG] websockets.client: % received keepalive pong
2026-04-02 11:12:12 [DEBUG] websockets.client: > TEXT '{"ver": 11, "cmd": 0, "seq": 23, "opcode": 1, "... {"interactive": true}}' [79 bytes]
2026-04-02 11:12:12 [DEBUG] websockets.client: < TEXT '{"ver":11,"cmd":1,"seq":23,"opcode":1,"payload":null}' [53 bytes]
2026-04-02 11:12:21 [DEBUG] websockets.client: > PING 'QK2$' [text, 4 bytes]
2026-04-02 11:12:21 [DEBUG] websockets.client: % sent keepalive ping
2026-04-02 11:12:21 [DEBUG] websockets.client: < PONG 'QK2$' [text, 4 bytes]
2026-04-02 11:12:21 [DEBUG] websockets.client: % received keepalive pong
2026-04-02 11:12:25 [DEBUG] discord.gateway: Received WSMessage(type=<WSMsgType.CLOSED: 257>, data=None, extra=None)
2026-04-02 11:12:25 [DEBUG] discord.gateway: Websocket closed with 1006, attempting a reconnect.
2026-04-02 11:12:25 [DEBUG] discord.client: Got a request to RESUME the websocket.
2026-04-02 11:12:25 [DEBUG] discord.client: Dispatching event disconnect
2026-04-02 11:12:25 [DEBUG] discord.gateway: Created websocket connected to wss://gateway-us-east1-d.discord.gg
2026-04-02 11:12:25 [DEBUG] discord.gateway: For Shard ID None: WebSocket Event: {'t': None, 's': None, 'op': 10, 'd': {'heartbeat_interval': 41250, '_trace': ['["gateway-prd-arm-us-east1-d-bvvm",{"micros":0.0}]']}}
2026-04-02 11:12:25 [DEBUG] discord.gateway: Shard ID None has sent the RESUME payload.
2026-04-02 11:12:26 [DEBUG] discord.gateway: For Shard ID None: WebSocket Event: {'t': None, 's': None, 'op': 11, 'd': None}
2026-04-02 11:12:26 [DEBUG] discord.gateway: For Shard ID None: WebSocket Event: {'t': 'RESUMED', 's': 3, 'op': 0, 'd': {'_trace': ['["gateway-prd-arm-us-east1-d-bvvm",{"micros":613,"calls":["id_created",{"micros":0,"calls":[]},"session_lookup_time",{"micros":242,"calls":[]},"session_lookup_finished",{"micros":9,"calls":[]},"sessions-prd-gcp-us-east1-d-44",{"micros":17}]}]']}}
2026-04-02 11:12:26 [DEBUG] discord.client: Dispatching event socket_event_type
2026-04-02 11:12:26 [INFO] discord.gateway: Shard ID None has successfully RESUMED session 423b6573801fd9b8e9e984e9714f95af.
2026-04-02 11:12:26 [DEBUG] discord.client: Dispatching event resumed
2026-04-02 11:12:41 [DEBUG] websockets.client: > PING fa 29 76 51 [binary, 4 bytes]
2026-04-02 11:12:41 [DEBUG] websockets.client: % sent keepalive ping
2026-04-02 11:12:41 [DEBUG] websockets.client: < PONG fa 29 76 51 [binary, 4 bytes]
2026-04-02 11:12:41 [DEBUG] websockets.client: % received keepalive pong
2026-04-02 11:12:42 [DEBUG] websockets.client: > TEXT '{"ver": 11, "cmd": 0, "seq": 24, "opcode": 1, "... {"interactive": true}}' [79 bytes]
2026-04-02 11:12:42 [DEBUG] websockets.client: < TEXT '{"ver":11,"cmd":1,"seq":24,"opcode":1,"payload":null}' [53 bytes]
2026-04-02 11:13:01 [DEBUG] websockets.client: > PING 8a 5f fe 18 [binary, 4 bytes]
2026-04-02 11:13:01 [DEBUG] websockets.client: % sent keepalive ping
2026-04-02 11:13:01 [DEBUG] websockets.client: < PONG 8a 5f fe 18 [binary, 4 bytes]
2026-04-02 11:13:01 [DEBUG] websockets.client: % received keepalive pong
2026-04-02 11:13:07 [DEBUG] discord.gateway: Keeping shard ID None websocket alive with sequence 3.
2026-04-02 11:13:07 [DEBUG] discord.gateway: For Shard ID None: WebSocket Event: {'t': None, 's': None, 'op': 11, 'd': None}
2026-04-02 11:13:12 [DEBUG] websockets.client: > TEXT '{"ver": 11, "cmd": 0, "seq": 25, "opcode": 1, "... {"interactive": true}}' [79 bytes]
2026-04-02 11:13:12 [DEBUG] websockets.client: < TEXT '{"ver":11,"cmd":1,"seq":25,"opcode":1,"payload":null}' [53 bytes]
2026-04-02 11:13:21 [DEBUG] websockets.client: > PING 9b 2f b2 96 [binary, 4 bytes]
2026-04-02 11:13:21 [DEBUG] websockets.client: % sent keepalive ping
2026-04-02 11:13:21 [DEBUG] websockets.client: < PONG 9b 2f b2 96 [binary, 4 bytes]
2026-04-02 11:13:21 [DEBUG] websockets.client: % received keepalive pong
2026-04-02 11:13:41 [DEBUG] websockets.client: > PING fe 7c fe 82 [binary, 4 bytes]
2026-04-02 11:13:41 [DEBUG] websockets.client: % sent keepalive ping
2026-04-02 11:13:41 [DEBUG] websockets.client: < PONG fe 7c fe 82 [binary, 4 bytes]
2026-04-02 11:13:41 [DEBUG] websockets.client: % received keepalive pong
2026-04-02 11:13:42 [DEBUG] websockets.client: > TEXT '{"ver": 11, "cmd": 0, "seq": 26, "opcode": 1, "... {"interactive": true}}' [79 bytes]
2026-04-02 11:13:42 [DEBUG] websockets.client: < TEXT '{"ver":11,"cmd":1,"seq":26,"opcode":1,"payload":null}' [53 bytes]
2026-04-02 11:13:48 [DEBUG] discord.gateway: Keeping shard ID None websocket alive with sequence 3.
2026-04-02 11:13:48 [DEBUG] discord.gateway: For Shard ID None: WebSocket Event: {'t': None, 's': None, 'op': 11, 'd': None}
2026-04-03 13:04:18 [WARNING] discord.client: PyNaCl is not installed, voice will NOT be supported
2026-04-03 13:04:18 [WARNING] discord.client: davey is not installed, voice will NOT be supported
2026-04-03 13:04:18 [DEBUG] discord.client: on_ready has successfully been registered as an event
2026-04-03 13:04:18 [DEBUG] discord.client: on_guild_channel_create has successfully been registered as an event
2026-04-03 13:04:18 [DEBUG] discord.client: on_message has successfully been registered as an event
2026-04-03 13:04:18 [INFO] core.bus: Adapter registered: max
2026-04-03 13:04:18 [INFO] core.bus: Adapter registered: telegram
2026-04-03 13:04:18 [INFO] core.bus: Adapter registered: discord
2026-04-03 13:04:18 [INFO] core.bus: MessageBus worker started
2026-04-03 13:04:18 [INFO] pymax.core: Client starting
2026-04-03 13:04:18 [INFO] pymax.core: Connecting to WebSocket wss://ws-api.oneme.ru/websocket
2026-04-03 13:04:18 [INFO] adapters.telegram.adapter: Telegram adapter started
2026-04-03 13:04:18 [INFO] adapters.discord.adapter: Discord adapter starting
2026-04-03 13:04:18 [INFO] aiogram.dispatcher: Start polling
2026-04-03 13:04:18 [INFO] discord.client: logging in using static token
2026-04-03 13:04:18 [DEBUG] websockets.client: = connection is CONNECTING
2026-04-03 13:04:18 [DEBUG] websockets.client: > GET /websocket HTTP/1.1
2026-04-03 13:04:18 [DEBUG] websockets.client: > Host: ws-api.oneme.ru
2026-04-03 13:04:18 [DEBUG] websockets.client: > Origin: https://web.max.ru
2026-04-03 13:04:18 [DEBUG] websockets.client: > Upgrade: websocket
2026-04-03 13:04:18 [DEBUG] websockets.client: > Connection: Upgrade
2026-04-03 13:04:18 [DEBUG] websockets.client: > Sec-WebSocket-Key: NNfmfPt95q7gPnVKMG/mzQ==
2026-04-03 13:04:18 [DEBUG] websockets.client: > Sec-WebSocket-Version: 13
2026-04-03 13:04:18 [DEBUG] websockets.client: > Sec-WebSocket-Extensions: permessage-deflate; client_max_window_bits
2026-04-03 13:04:18 [DEBUG] websockets.client: > User-Agent: Mozilla/5.0 (Macintosh; Intel Mac OS X 10_11_1) AppleWebKit/537.36 (KHTML, like Gecko) Chrome/125.0.0.0 Safari/537.36 Edg/125.0.0.0
2026-04-03 13:04:19 [DEBUG] websockets.client: < HTTP/1.1 101 Switching Protocols
2026-04-03 13:04:19 [DEBUG] websockets.client: < upgrade: websocket
2026-04-03 13:04:19 [DEBUG] websockets.client: < connection: upgrade
2026-04-03 13:04:19 [DEBUG] websockets.client: < sec-websocket-accept: 37/T1/dd/aLUoVEGaujgUWU27x4=
2026-04-03 13:04:19 [DEBUG] websockets.client: < sec-websocket-extensions: permessage-deflate
2026-04-03 13:04:19 [DEBUG] websockets.client: = connection is OPEN
2026-04-03 13:04:19 [INFO] pymax.core: WebSocket connected, starting handshake
2026-04-03 13:04:19 [DEBUG] websockets.client: > TEXT '{"ver": 11, "cmd": 0, "seq": 1, "opcode": 6, "p..."buildNumber": 38859}}}' [522 bytes]
2026-04-03 13:04:19 [DEBUG] websockets.client: < TEXT '{"ver":11,"cmd":1,"seq":1,"opcode":6,"payload":..."GE"],"location":"RU"}}' [153 bytes]
2026-04-03 13:04:19 [INFO] pymax.core: Handshake completed
2026-04-03 13:04:19 [INFO] pymax.core: Starting initial sync
2026-04-03 13:04:19 [DEBUG] websockets.client: > TEXT '{"ver": 11, "cmd": 0, "seq": 2, "opcode": 19, "..."buildNumber": 38859}}}' [1305 bytes]
2026-04-03 13:04:19 [DEBUG] websockets.client: < TEXT '{"ver":11,"cmd":1,"seq":2,"opcode":19,"payload"...hjWEiyLo8R6W_ncpoXKY"}}' [10567 bytes]
2026-04-03 13:04:19 [DEBUG] websockets.client: < TEXT '{"ver":11,"cmd":0,"seq":1,"opcode":292,"payload...6,"showTime":86400000}}' [111 bytes]
2026-04-03 13:04:19 [INFO] pymax.core: Sync completed: dialogs=3 chats=2 channels=0
2026-04-03 13:04:19 [INFO] adapters.max.adapter: Max adapter started, 5 chats registered
2026-04-03 13:04:19 [DEBUG] websockets.client: > TEXT '{"ver": 11, "cmd": 0, "seq": 3, "opcode": 1, "p... {"interactive": true}}' [78 bytes]
2026-04-03 13:04:19 [DEBUG] websockets.client: > TEXT '{"ver": 11, "cmd": 0, "seq": 4, "opcode": 5, "p...id": 1775210658871}}]}}' [262 bytes]
2026-04-03 13:04:19 [DEBUG] websockets.client: < TEXT '{"ver":11,"cmd":1,"seq":3,"opcode":1,"payload":null}' [52 bytes]
2026-04-03 13:04:19 [DEBUG] websockets.client: < TEXT '{"ver":11,"cmd":1,"seq":4,"opcode":5,"payload":null}' [52 bytes]
2026-04-03 13:04:19 [DEBUG] websockets.client: > TEXT '{"ver": 11, "cmd": 0, "seq": 5, "opcode": 5, "p...id": 1775210658871}}]}}' [257 bytes]
2026-04-03 13:04:19 [DEBUG] websockets.client: < TEXT '{"ver":11,"cmd":1,"seq":5,"opcode":5,"payload":null}' [52 bytes]
2026-04-03 13:04:19 [INFO] aiogram.dispatcher: Run polling for bot @max_tg_bridge_s_bot id=8289166189 - 'TIHA Bridge'
2026-04-03 13:04:19 [DEBUG] discord.http: GET https://discord.com/api/v10/users/@me with None has returned 200
2026-04-03 13:04:19 [DEBUG] discord.http: GET /users/@me has found its initial rate limit bucket hash (78bb8553d9352a5a2f89f9def401287a).
2026-04-03 13:04:19 [DEBUG] discord.http: GET https://discord.com/api/v10/users/@me has received {'id': '1488466672359575694', 'username': 'BRIDGE', 'avatar': 'a4537a16a2592def5eb7697a07e0ee9c', 'discriminator': '8720', 'public_flags': 0, 'flags': 0, 'bot': True, 'banner': None, 'accent_color': None, 'global_name': None, 'avatar_decoration_data': None, 'collectibles': None, 'display_name_styles': None, 'banner_color': None, 'clan': None, 'primary_guild': None, 'mfa_enabled': True, 'locale': 'en-US', 'premium_type': 0, 'email': None, 'verified': True, 'bio': ''}
2026-04-03 13:04:19 [DEBUG] discord.http: GET https://discord.com/api/v10/oauth2/applications/@me with None has returned 200
2026-04-03 13:04:19 [DEBUG] discord.http: GET /oauth2/applications/@me has found its initial rate limit bucket hash (d28a133af187e91d71d96a223467ce49).
2026-04-03 13:04:19 [DEBUG] discord.http: GET https://discord.com/api/v10/oauth2/applications/@me has received {'id': '1488466672359575694', 'name': 'BRIDGE', 'icon': 'a4537a16a2592def5eb7697a07e0ee9c', 'description': 'Max-Telegram-Discord bridge bot', 'type': None, 'bot': {'id': '1488466672359575694', 'username': 'BRIDGE', 'avatar': 'a4537a16a2592def5eb7697a07e0ee9c', 'discriminator': '8720', 'public_flags': 0, 'flags': 0, 'bot': True, 'banner': None, 'accent_color': None, 'global_name': None, 'avatar_decoration_data': None, 'collectibles': None, 'display_name_styles': None, 'banner_color': None, 'clan': None, 'primary_guild': None}, 'summary': '', 'is_monetized': False, 'is_verified': False, 'is_discoverable': False, 'bot_public': True, 'bot_require_code_grant': False, 'install_params': {'scopes': ['applications.commands'], 'permissions': '0'}, 'integration_types_config': {'0': {'oauth2_install_params': {'scopes': ['applications.commands'], 'permissions': '0'}}, '1': {'oauth2_install_params': {'scopes': ['applications.commands'], 'permissions': '0'}}}, 'verify_key': '158f8e4aa5be97a1cc30d6168df83779d3ee7febaa334a4561149f21703df18f', 'flags': 11042816, 'hook': True, 'storefront_available': False, 'redirect_uris': [], 'interactions_endpoint_url': None, 'role_connections_verification_url': None, 'owner': {'id': '941848879672987658', 'username': 'm1notaur_studio', 'avatar': '053c9507b6bc715a7c95cf8f95b63eab', 'discriminator': '0', 'public_flags': 128, 'flags': 128, 'banner': None, 'accent_color': 0, 'global_name': 'M1notaur_', 'avatar_decoration_data': {'asset': 'a_4539f720c2c576feca9de41b8dc413e8', 'sku_id': '1341506443882266624', 'expires_at': None}, 'collectibles': {'nameplate': {'sku_id': '1465519580016410746', 'asset': 'nameplates/blossoming_branch/1465519580016410746/', 'label': 'Swaying cherry blossom branch with petals blowing and gentle watercolor washes.', 'palette': 'bubble_gum'}}, 'display_name_styles': None, 'banner_color': '#000000', 'clan': None, 'primary_guild': None}, 'approximate_guild_count': 1, 'approximate_user_install_count': 0, 'approximate_user_authorization_count': 0, 'interactions_event_types': [], 'interactions_version': 1, 'explicit_content_filter': 0, 'rpc_application_state': 0, 'store_application_state': 1, 'verification_state': 1, 'integration_public': True, 'integration_require_code_grant': False, 'discoverability_state': 1, 'discovery_eligibility_flags': 2532, 'monetization_state': 1, 'verification_eligibility_flags': 123804, 'monetization_eligibility_flags': 247524, 'bot_approximate_guild_count': 1, 'team': None, 'internal_guild_restriction': 2, 'approved_consoles': [], 'pricing_localization_strategy': 'localized_price_sets'}
2026-04-03 13:04:20 [DEBUG] discord.gateway: Created websocket connected to wss://gateway.discord.gg/
2026-04-03 13:04:20 [DEBUG] discord.gateway: For Shard ID None: WebSocket Event: {'t': None, 's': None, 'op': 10, 'd': {'heartbeat_interval': 41250, '_trace': ['["gateway-prd-arm-us-east1-c-6991",{"micros":0.0}]']}}
2026-04-03 13:04:20 [DEBUG] discord.gateway: Shard ID None has sent the IDENTIFY payload.
2026-04-03 13:04:20 [DEBUG] discord.gateway: For Shard ID None: WebSocket Event: {'t': None, 's': None, 'op': 11, 'd': None}
2026-04-03 13:04:20 [DEBUG] discord.gateway: For Shard ID None: WebSocket Event: {'t': 'READY', 's': 1, 'op': 0, 'd': {'v': 10, 'user_settings': {}, 'user': {'verified': True, 'username': 'BRIDGE', 'primary_guild': None, 'mfa_enabled': True, 'id': '1488466672359575694', 'global_name': None, 'flags': 0, 'email': None, 'discriminator': '8720', 'clan': None, 'bot': True, 'avatar': 'a4537a16a2592def5eb7697a07e0ee9c'}, 'session_type': 'normal', 'session_id': '6d43fc19714887b06126935a5a71c072', 'resume_gateway_url': 'wss://gateway-us-east1-c.discord.gg', 'relationships': [], 'private_channels': [], 'presences': [], 'guilds': [{'unavailable': True, 'id': '1488467858446094416'}], 'guild_join_requests': [], 'geo_ordered_rtc_regions': ['finland', 'helsinki', 'warsaw', 'stockholm', 'bucharest'], 'game_relationships': [], 'auth': {}, 'application': {'id': '1488466672359575694', 'flags_new': '11042816', 'flags': 11042816}, '_trace': ['["gateway-prd-arm-us-east1-c-6991",{"micros":314137,"calls":["id_created",{"micros":1302,"calls":[]},"session_lookup_time",{"micros":260,"calls":[]},"session_lookup_finished",{"micros":13,"calls":[]},"sessions-prd-gcp-us-east1-c-104",{"micros":312261,"calls":["start_session",{"micros":289437,"calls":["prd-rpc-664d567fd9-gpzx5",{"micros":113399,"calls":["get_user",{"micros":7190},"get_guilds",{"micros":4061},"send_scheduled_deletion_message",{"micros":14},"guild_join_requests",{"micros":14462},"authorized_ip_coro",{"micros":13},"pending_payments",{"micros":1854},"apex_experiments",{"micros":157621},"sessions_experiments",{"micros":9},"played_application_ids",{"micros":5},"linked_users",{"micros":13},"ad_personalization_toggles_disabled",{"micros":4},"regional_feature_config",{"micros":4}]}]},"starting_guild_connect",{"micros":34,"calls":[]},"presence_started",{"micros":378,"calls":[]},"guilds_started",{"micros":63,"calls":[]},"lobbies_started",{"micros":1,"calls":[]},"guilds_connect",{"micros":1,"calls":[]},"presence_connect",{"micros":22302,"calls":[]},"connect_finished",{"micros":22317,"calls":[]},"build_ready",{"micros":13,"calls":[]},"clean_ready",{"micros":2,"calls":[]},"optimize_ready",{"micros":14,"calls":[]},"split_ready",{"micros":0,"calls":[]}]}]}]']}}
2026-04-03 13:04:20 [DEBUG] discord.client: Dispatching event socket_event_type
2026-04-03 13:04:20 [INFO] discord.gateway: Shard ID None has connected to Gateway (Session ID: 6d43fc19714887b06126935a5a71c072).
2026-04-03 13:04:20 [DEBUG] discord.client: Dispatching event connect
2026-04-03 13:04:20 [DEBUG] discord.gateway: For Shard ID None: WebSocket Event: {'t': 'GUILD_CREATE', 's': 2, 'op': 0, 'd': {'afk_timeout': 300, 'splash': None, 'default_message_notifications': 0, 'large': False, 'explicit_content_filter': 0, 'premium_progress_bar_enabled': False, 'max_video_channel_users': 25, 'incidents_data': None, 'profile': None, 'unavailable': False, 'stage_instances': [], 'verification_level': 0, 'soundboard_sounds': [], 'hub_type': None, 'emojis': [], 'features': [], 'id': '1488467858446094416', 'vanity_url_code': None, 'max_stage_video_channel_users': 50, 'name': 'TIHA-Bridge', 'system_channel_flags': 0, 'afk_channel_id': None, 'embedded_activities': [], 'nsfw': False, 'stickers': [], 'lazy': True, 'premium_features': None, 'region': 'deprecated', 'member_count': 3, 'home_header': None, 'threads': [], 'moderator_reporting': None, 'discovery_splash': None, 'inventory_settings': None, 'premium_progress_bar_enabled_user_updated_at': None, 'description': None, 'roles': [{'version': 1774948791946, 'unicode_emoji': None, 'tags': {}, 'position': 0, 'permissions': '2248473465835073', 'name': '@everyone', 'mentionable': False, 'managed': False, 'id': '1488467858446094416', 'icon': None, 'hoist': False, 'flags': 0, 'colors': {'tertiary_color': None, 'secondary_color': None, 'primary_color': 0}, 'color': 0}, {'version': 1774950562243, 'unicode_emoji': None, 'tags': {'bot_id': '1488466672359575694'}, 'position': 1, 'permissions': '2147585024', 'name': 'BRIDGE', 'mentionable': False, 'managed': True, 'id': '1488475283815403665', 'icon': None, 'hoist': False, 'flags': 0, 'colors': {'tertiary_color': None, 'secondary_color': None, 'primary_color': 0}, 'color': 0}], 'application_command_counts': {}, 'premium_tier': 0, 'members': [{'user': {'username': 'BRIDGE', 'public_flags': 0, 'primary_guild': None, 'id': '1488466672359575694', 'global_name': None, 'display_name_styles': None, 'display_name': None, 'discriminator': '8720', 'collectibles': None, 'bot': True, 'avatar_decoration_data': None, 'avatar': 'a4537a16a2592def5eb7697a07e0ee9c'}, 'roles': ['1488475283815403665'], 'premium_since': None, 'pending': False, 'nick': None, 'mute': False, 'joined_at': '2026-03-31T09:49:22.258000+00:00', 'flags': 0, 'deaf': False, 'communication_disabled_until': None, 'banner': None, 'avatar': None}], 'nsfw_level': 0, 'joined_at': '2026-03-31T09:49:22.258000+00:00', 'premium_subscription_count': 0, 'preferred_locale': 'en-US', 'safety_alerts_channel_id': None, 'system_channel_id': '1488467858903138395', 'voice_states': [], 'application_id': None, 'guild_scheduled_events': [], 'game_application_ids': None, 'public_updates_channel_id': None, 'activity_instances': [], 'mfa_level': 0, 'owner_id': '941848879672987658', 'max_members': 25000000, 'latest_onboarding_question_id': None, 'rules_channel_id': None, 'icon': None, 'version': 1774948838405, 'presences': [], 'banner': None, 'owner_configured_content_level': 0, 'channels': [{'version': 1774948791949, 'type': 4, 'position': 0, 'permission_overwrites': [], 'name': 'Текстовые каналы', 'id': '1488467858446094417', 'flags': 0}, {'version': 1774948791961, 'type': 4, 'position': 0, 'permission_overwrites': [], 'name': 'Голосовые каналы', 'id': '1488467858903138394', 'flags': 0}, {'version': 1774948791972, 'type': 0, 'topic': None, 'rate_limit_per_user': 0, 'position': 0, 'permission_overwrites': [], 'parent_id': '1488467858446094417', 'name': 'основной', 'last_message_id': '1488807942944985160', 'id': '1488467858903138395', 'icon_emoji': {'name': '👋', 'id': None}, 'flags': 0}, {'version': 1774948791986, 'user_limit': 0, 'type': 2, 'rtc_region': None, 'rate_limit_per_user': 0, 'position': 0, 'permission_overwrites': [], 'parent_id': '1488467858903138394', 'name': 'Основной', 'last_message_id': None, 'id': '1488467858903138397', 'icon_emoji': {'name': '🎙', 'id': None}, 'flags': 0, 'bitrate': 64000}]}}
2026-04-03 13:04:20 [DEBUG] discord.client: Dispatching event socket_event_type
2026-04-03 13:04:20 [DEBUG] discord.client: Dispatching event guild_available
2026-04-03 13:04:40 [WARNING] discord.client: PyNaCl is not installed, voice will NOT be supported
2026-04-03 13:04:40 [WARNING] discord.client: davey is not installed, voice will NOT be supported
2026-04-03 13:04:40 [DEBUG] discord.client: on_ready has successfully been registered as an event
2026-04-03 13:04:40 [DEBUG] discord.client: on_guild_channel_create has successfully been registered as an event
2026-04-03 13:04:40 [DEBUG] discord.client: on_message has successfully been registered as an event
2026-04-03 13:04:40 [INFO] core.bus: Adapter registered: max
2026-04-03 13:04:40 [INFO] core.bus: Adapter registered: telegram
2026-04-03 13:04:40 [INFO] core.bus: Adapter registered: discord
2026-04-03 13:04:40 [INFO] core.bus: MessageBus worker started
2026-04-03 13:04:40 [INFO] pymax.core: Client starting
2026-04-03 13:04:40 [INFO] pymax.core: Connecting to WebSocket wss://ws-api.oneme.ru/websocket
2026-04-03 13:04:40 [INFO] adapters.telegram.adapter: Telegram adapter started
2026-04-03 13:04:40 [INFO] adapters.discord.adapter: Discord adapter starting
2026-04-03 13:04:40 [INFO] aiogram.dispatcher: Start polling
2026-04-03 13:04:40 [INFO] discord.client: logging in using static token
2026-04-03 13:04:40 [DEBUG] websockets.client: = connection is CONNECTING
2026-04-03 13:04:40 [DEBUG] websockets.client: > GET /websocket HTTP/1.1
2026-04-03 13:04:40 [DEBUG] websockets.client: > Host: ws-api.oneme.ru
2026-04-03 13:04:40 [DEBUG] websockets.client: > Origin: https://web.max.ru
2026-04-03 13:04:40 [DEBUG] websockets.client: > Upgrade: websocket
2026-04-03 13:04:40 [DEBUG] websockets.client: > Connection: Upgrade
2026-04-03 13:04:40 [DEBUG] websockets.client: > Sec-WebSocket-Key: 1N956AxN+h/HDKGYphjisw==
2026-04-03 13:04:40 [DEBUG] websockets.client: > Sec-WebSocket-Version: 13
2026-04-03 13:04:40 [DEBUG] websockets.client: > Sec-WebSocket-Extensions: permessage-deflate; client_max_window_bits
2026-04-03 13:04:40 [DEBUG] websockets.client: > User-Agent: Mozilla/5.0 (iPhone; CPU iPhone OS 16_6 like Mac OS X) AppleWebKit/605.1.15 (KHTML, like Gecko) CriOS/137.0.7151.234 Mobile/15E148 Safari/604.1
2026-04-03 13:04:40 [DEBUG] websockets.client: < HTTP/1.1 101 Switching Protocols
2026-04-03 13:04:40 [DEBUG] websockets.client: < upgrade: websocket
2026-04-03 13:04:40 [DEBUG] websockets.client: < connection: upgrade
2026-04-03 13:04:40 [DEBUG] websockets.client: < sec-websocket-accept: VJuyWnzt5GPYZh+YZ16wLsm38mM=
2026-04-03 13:04:40 [DEBUG] websockets.client: < sec-websocket-extensions: permessage-deflate
2026-04-03 13:04:40 [DEBUG] websockets.client: = connection is OPEN
2026-04-03 13:04:40 [INFO] pymax.core: WebSocket connected, starting handshake
2026-04-03 13:04:40 [DEBUG] websockets.client: > TEXT '{"ver": 11, "cmd": 0, "seq": 1, "opcode": 6, "p..."buildNumber": 38859}}}' [531 bytes]
2026-04-03 13:04:40 [DEBUG] websockets.client: < TEXT '{"ver":11,"cmd":1,"seq":1,"opcode":6,"payload":..."GE"],"location":"RU"}}' [153 bytes]
2026-04-03 13:04:40 [INFO] pymax.core: Handshake completed
2026-04-03 13:04:40 [INFO] pymax.core: Starting initial sync
2026-04-03 13:04:40 [DEBUG] websockets.client: > TEXT '{"ver": 11, "cmd": 0, "seq": 2, "opcode": 19, "..."buildNumber": 38859}}}' [1314 bytes]
2026-04-03 13:04:40 [DEBUG] websockets.client: < TEXT '{"ver":11,"cmd":1,"seq":2,"opcode":19,"payload"...Fc6h8X_xX7jC6kF7bMHc"}}' [10567 bytes]
2026-04-03 13:04:40 [DEBUG] websockets.client: < TEXT '{"ver":11,"cmd":0,"seq":1,"opcode":292,"payload...6,"showTime":86400000}}' [111 bytes]
2026-04-03 13:04:40 [INFO] pymax.core: Sync completed: dialogs=3 chats=2 channels=0
2026-04-03 13:04:40 [INFO] adapters.max.adapter: Max adapter started, 5 chats registered
2026-04-03 13:04:40 [DEBUG] websockets.client: > TEXT '{"ver": 11, "cmd": 0, "seq": 3, "opcode": 1, "p... {"interactive": true}}' [78 bytes]
2026-04-03 13:04:40 [DEBUG] websockets.client: > TEXT '{"ver": 11, "cmd": 0, "seq": 4, "opcode": 5, "p...id": 1775210680439}}]}}' [262 bytes]
2026-04-03 13:04:40 [INFO] aiogram.dispatcher: Run polling for bot @max_tg_bridge_s_bot id=8289166189 - 'TIHA Bridge'
2026-04-03 13:04:40 [DEBUG] websockets.client: < TEXT '{"ver":11,"cmd":1,"seq":3,"opcode":1,"payload":null}' [52 bytes]
2026-04-03 13:04:40 [DEBUG] websockets.client: < TEXT '{"ver":11,"cmd":1,"seq":4,"opcode":5,"payload":null}' [52 bytes]
2026-04-03 13:04:40 [DEBUG] websockets.client: > TEXT '{"ver": 11, "cmd": 0, "seq": 5, "opcode": 5, "p...id": 1775210680439}}]}}' [257 bytes]
2026-04-03 13:04:40 [DEBUG] websockets.client: < TEXT '{"ver":11,"cmd":1,"seq":5,"opcode":5,"payload":null}' [52 bytes]
2026-04-03 13:04:40 [DEBUG] discord.http: GET https://discord.com/api/v10/users/@me with None has returned 200
2026-04-03 13:04:40 [DEBUG] discord.http: GET /users/@me has found its initial rate limit bucket hash (78bb8553d9352a5a2f89f9def401287a).
2026-04-03 13:04:40 [DEBUG] discord.http: GET https://discord.com/api/v10/users/@me has received {'id': '1488466672359575694', 'username': 'BRIDGE', 'avatar': 'a4537a16a2592def5eb7697a07e0ee9c', 'discriminator': '8720', 'public_flags': 0, 'flags': 0, 'bot': True, 'banner': None, 'accent_color': None, 'global_name': None, 'avatar_decoration_data': None, 'collectibles': None, 'display_name_styles': None, 'banner_color': None, 'clan': None, 'primary_guild': None, 'mfa_enabled': True, 'locale': 'en-US', 'premium_type': 0, 'email': None, 'verified': True, 'bio': ''}
2026-04-03 13:04:41 [DEBUG] discord.http: GET https://discord.com/api/v10/oauth2/applications/@me with None has returned 200
2026-04-03 13:04:41 [DEBUG] discord.http: GET /oauth2/applications/@me has found its initial rate limit bucket hash (d28a133af187e91d71d96a223467ce49).
2026-04-03 13:04:41 [DEBUG] discord.http: GET https://discord.com/api/v10/oauth2/applications/@me has received {'id': '1488466672359575694', 'name': 'BRIDGE', 'icon': 'a4537a16a2592def5eb7697a07e0ee9c', 'description': 'Max-Telegram-Discord bridge bot', 'type': None, 'bot': {'id': '1488466672359575694', 'username': 'BRIDGE', 'avatar': 'a4537a16a2592def5eb7697a07e0ee9c', 'discriminator': '8720', 'public_flags': 0, 'flags': 0, 'bot': True, 'banner': None, 'accent_color': None, 'global_name': None, 'avatar_decoration_data': None, 'collectibles': None, 'display_name_styles': None, 'banner_color': None, 'clan': None, 'primary_guild': None}, 'summary': '', 'is_monetized': False, 'is_verified': False, 'is_discoverable': False, 'bot_public': True, 'bot_require_code_grant': False, 'install_params': {'scopes': ['applications.commands'], 'permissions': '0'}, 'integration_types_config': {'0': {'oauth2_install_params': {'scopes': ['applications.commands'], 'permissions': '0'}}, '1': {'oauth2_install_params': {'scopes': ['applications.commands'], 'permissions': '0'}}}, 'verify_key': '158f8e4aa5be97a1cc30d6168df83779d3ee7febaa334a4561149f21703df18f', 'flags': 11042816, 'hook': True, 'storefront_available': False, 'redirect_uris': [], 'interactions_endpoint_url': None, 'role_connections_verification_url': None, 'owner': {'id': '941848879672987658', 'username': 'm1notaur_studio', 'avatar': '053c9507b6bc715a7c95cf8f95b63eab', 'discriminator': '0', 'public_flags': 128, 'flags': 128, 'banner': None, 'accent_color': 0, 'global_name': 'M1notaur_', 'avatar_decoration_data': {'asset': 'a_4539f720c2c576feca9de41b8dc413e8', 'sku_id': '1341506443882266624', 'expires_at': None}, 'collectibles': {'nameplate': {'sku_id': '1465519580016410746', 'asset': 'nameplates/blossoming_branch/1465519580016410746/', 'label': 'Swaying cherry blossom branch with petals blowing and gentle watercolor washes.', 'palette': 'bubble_gum'}}, 'display_name_styles': None, 'banner_color': '#000000', 'clan': None, 'primary_guild': None}, 'approximate_guild_count': 1, 'approximate_user_install_count': 0, 'approximate_user_authorization_count': 0, 'interactions_event_types': [], 'interactions_version': 1, 'explicit_content_filter': 0, 'rpc_application_state': 0, 'store_application_state': 1, 'verification_state': 1, 'integration_public': True, 'integration_require_code_grant': False, 'discoverability_state': 1, 'discovery_eligibility_flags': 2532, 'monetization_state': 1, 'verification_eligibility_flags': 123804, 'monetization_eligibility_flags': 247524, 'bot_approximate_guild_count': 1, 'team': None, 'internal_guild_restriction': 2, 'approved_consoles': [], 'pricing_localization_strategy': 'localized_price_sets'}
2026-04-03 13:04:41 [DEBUG] discord.gateway: Created websocket connected to wss://gateway.discord.gg/
2026-04-03 13:04:41 [DEBUG] discord.gateway: For Shard ID None: WebSocket Event: {'t': None, 's': None, 'op': 10, 'd': {'heartbeat_interval': 41250, '_trace': ['["gateway-prd-arm-us-east1-b-3cvm",{"micros":0.0}]']}}
2026-04-03 13:04:41 [DEBUG] discord.gateway: Shard ID None has sent the IDENTIFY payload.
2026-04-03 13:04:41 [DEBUG] discord.gateway: For Shard ID None: WebSocket Event: {'t': None, 's': None, 'op': 11, 'd': None}
2026-04-03 13:04:42 [DEBUG] discord.gateway: For Shard ID None: WebSocket Event: {'t': 'READY', 's': 1, 'op': 0, 'd': {'v': 10, 'user_settings': {}, 'user': {'verified': True, 'username': 'BRIDGE', 'primary_guild': None, 'mfa_enabled': True, 'id': '1488466672359575694', 'global_name': None, 'flags': 0, 'email': None, 'discriminator': '8720', 'clan': None, 'bot': True, 'avatar': 'a4537a16a2592def5eb7697a07e0ee9c'}, 'session_type': 'normal', 'session_id': '7e97c289fdde820faf256fb635a5d07a', 'resume_gateway_url': 'wss://gateway-us-east1-b.discord.gg', 'relationships': [], 'private_channels': [], 'presences': [], 'guilds': [{'unavailable': True, 'id': '1488467858446094416'}], 'guild_join_requests': [], 'geo_ordered_rtc_regions': ['finland', 'helsinki', 'warsaw', 'stockholm', 'bucharest'], 'game_relationships': [], 'auth': {}, 'application': {'id': '1488466672359575694', 'flags_new': '11042816', 'flags': 11042816}, '_trace': ['["gateway-prd-arm-us-east1-b-3cvm",{"micros":609745,"calls":["id_created",{"micros":2167,"calls":[]},"session_lookup_time",{"micros":298,"calls":[]},"session_lookup_finished",{"micros":12,"calls":[]},"sessions-prd-gcp-us-east1-b-93",{"micros":605833,"calls":["start_session",{"micros":519717,"calls":["prd-rpc-664d567fd9-9mfdb",{"micros":138751,"calls":["get_user",{"micros":42613},"get_guilds",{"micros":5664},"send_scheduled_deletion_message",{"micros":19},"guild_join_requests",{"micros":3},"authorized_ip_coro",{"micros":13},"pending_payments",{"micros":8538},"apex_experiments",{"micros":362721},"sessions_experiments",{"micros":5},"played_application_ids",{"micros":4},"linked_users",{"micros":3},"ad_personalization_toggles_disabled",{"micros":3},"regional_feature_config",{"micros":3}]}]},"starting_guild_connect",{"micros":35,"calls":[]},"presence_started",{"micros":337,"calls":[]},"guilds_started",{"micros":68,"calls":[]},"lobbies_started",{"micros":1,"calls":[]},"guilds_connect",{"micros":1,"calls":[]},"presence_connect",{"micros":85621,"calls":[]},"connect_finished",{"micros":85643,"calls":[]},"build_ready",{"micros":14,"calls":[]},"clean_ready",{"micros":16,"calls":[]},"optimize_ready",{"micros":0,"calls":[]},"split_ready",{"micros":1,"calls":[]}]}]}]']}}
2026-04-03 13:04:42 [DEBUG] discord.client: Dispatching event socket_event_type
2026-04-03 13:04:42 [INFO] discord.gateway: Shard ID None has connected to Gateway (Session ID: 7e97c289fdde820faf256fb635a5d07a).
2026-04-03 13:04:42 [DEBUG] discord.client: Dispatching event connect
2026-04-03 13:04:42 [DEBUG] discord.gateway: For Shard ID None: WebSocket Event: {'t': 'GUILD_CREATE', 's': 2, 'op': 0, 'd': {'premium_tier': 0, 'max_video_channel_users': 25, 'members': [{'user': {'username': 'BRIDGE', 'public_flags': 0, 'primary_guild': None, 'id': '1488466672359575694', 'global_name': None, 'display_name_styles': None, 'display_name': None, 'discriminator': '8720', 'collectibles': None, 'bot': True, 'avatar_decoration_data': None, 'avatar': 'a4537a16a2592def5eb7697a07e0ee9c'}, 'roles': ['1488475283815403665'], 'premium_since': None, 'pending': False, 'nick': None, 'mute': False, 'joined_at': '2026-03-31T09:49:22.258000+00:00', 'flags': 0, 'deaf': False, 'communication_disabled_until': None, 'banner': None, 'avatar': None}], 'inventory_settings': None, 'hub_type': None, 'profile': None, 'embedded_activities': [], 'owner_id': '941848879672987658', 'discovery_splash': None, 'joined_at': '2026-03-31T09:49:22.258000+00:00', 'explicit_content_filter': 0, 'splash': None, 'moderator_reporting': None, 'features': [], 'activity_instances': [], 'id': '1488467858446094416', 'unavailable': False, 'region': 'deprecated', 'roles': [{'version': 1774948791946, 'unicode_emoji': None, 'tags': {}, 'position': 0, 'permissions': '2248473465835073', 'name': '@everyone', 'mentionable': False, 'managed': False, 'id': '1488467858446094416', 'icon': None, 'hoist': False, 'flags': 0, 'colors': {'tertiary_color': None, 'secondary_color': None, 'primary_color': 0}, 'color': 0}, {'version': 1774950562243, 'unicode_emoji': None, 'tags': {'bot_id': '1488466672359575694'}, 'position': 1, 'permissions': '2147585024', 'name': 'BRIDGE', 'mentionable': False, 'managed': True, 'id': '1488475283815403665', 'icon': None, 'hoist': False, 'flags': 0, 'colors': {'tertiary_color': None, 'secondary_color': None, 'primary_color': 0}, 'color': 0}], 'channels': [{'version': 1774948791949, 'type': 4, 'position': 0, 'permission_overwrites': [], 'name': 'Текстовые каналы', 'id': '1488467858446094417', 'flags': 0}, {'version': 1774948791961, 'type': 4, 'position': 0, 'permission_overwrites': [], 'name': 'Голосовые каналы', 'id': '1488467858903138394', 'flags': 0}, {'version': 1774948791972, 'type': 0, 'topic': None, 'rate_limit_per_user': 0, 'position': 0, 'permission_overwrites': [], 'parent_id': '1488467858446094417', 'name': 'основной', 'last_message_id': '1488807942944985160', 'id': '1488467858903138395', 'icon_emoji': {'name': '👋', 'id': None}, 'flags': 0}, {'version': 1774948791986, 'user_limit': 0, 'type': 2, 'rtc_region': None, 'rate_limit_per_user': 0, 'position': 0, 'permission_overwrites': [], 'parent_id': '1488467858903138394', 'name': 'Основной', 'last_message_id': None, 'id': '1488467858903138397', 'icon_emoji': {'name': '🎙', 'id': None}, 'flags': 0, 'bitrate': 64000}], 'system_channel_flags': 0, 'name': 'TIHA-Bridge', 'nsfw_level': 0, 'afk_timeout': 300, 'application_command_counts': {}, 'preferred_locale': 'en-US', 'system_channel_id': '1488467858903138395', 'safety_alerts_channel_id': None, 'threads': [], 'stickers': [], 'afk_channel_id': None, 'premium_progress_bar_enabled': False, 'nsfw': False, 'large': False, 'rules_channel_id': None, 'premium_progress_bar_enabled_user_updated_at': None, 'description': None, 'lazy': True, 'public_updates_channel_id': None, 'guild_scheduled_events': [], 'latest_onboarding_question_id': None, 'member_count': 3, 'presences': [], 'soundboard_sounds': [], 'owner_configured_content_level': 0, 'default_message_notifications': 0, 'vanity_url_code': None, 'max_stage_video_channel_users': 50, 'home_header': None, 'banner': None, 'game_application_ids': None, 'voice_states': [], 'icon': None, 'mfa_level': 0, 'verification_level': 0, 'version': 1774948838405, 'premium_features': None, 'application_id': None, 'premium_subscription_count': 0, 'incidents_data': None, 'stage_instances': [], 'max_members': 25000000, 'emojis': []}}
2026-04-03 13:04:42 [DEBUG] discord.client: Dispatching event socket_event_type
2026-04-03 13:04:42 [DEBUG] discord.client: Dispatching event guild_available
2026-04-03 13:04:44 [DEBUG] discord.client: Dispatching event ready
2026-04-03 13:04:44 [DEBUG] discord.http: PUT https://discord.com/api/v10/applications/1488466672359575694/commands with [{"name":"routes","description":"\u041f\u043e\u043a\u0430\u0437\u0430\u0442\u044c \u043c\u0430\u0440\u0448\u0440\u0443\u0442\u044b","type":1,"options":[],"nsfw":false,"dm_permission":true,"default_member_permissions":null,"contexts":null,"integration_types":null}] has returned 200
2026-04-03 13:04:44 [DEBUG] discord.http: PUT /applications/{application_id}/commands has found its initial rate limit bucket hash (3e32a240d3716487d7d8f6dae6c54f6b).
2026-04-03 13:04:44 [DEBUG] discord.http: PUT https://discord.com/api/v10/applications/1488466672359575694/commands has received [{'id': '1488470695997608007', 'application_id': '1488466672359575694', 'version': '1488470695997608008', 'default_member_permissions': None, 'type': 1, 'name': 'routes', 'name_localizations': None, 'description': 'Показать маршруты', 'description_localizations': None, 'dm_permission': True, 'contexts': None, 'integration_types': [0, 1], 'nsfw': False}]
2026-04-03 13:04:44 [INFO] adapters.discord.adapter: Discord adapter ready: BRIDGE#8720
2026-04-03 13:15:33 [WARNING] discord.client: PyNaCl is not installed, voice will NOT be supported
2026-04-03 13:15:33 [WARNING] discord.client: davey is not installed, voice will NOT be supported
2026-04-03 13:15:33 [DEBUG] discord.client: on_ready has successfully been registered as an event
2026-04-03 13:15:33 [DEBUG] discord.client: on_guild_channel_create has successfully been registered as an event
2026-04-03 13:15:33 [DEBUG] discord.client: on_message has successfully been registered as an event
2026-04-03 13:15:33 [INFO] core.bus: Adapter registered: max
2026-04-03 13:15:33 [INFO] core.bus: Adapter registered: telegram
2026-04-03 13:15:33 [INFO] core.bus: Adapter registered: discord
2026-04-03 13:15:33 [INFO] core.bus: MessageBus worker started
2026-04-03 13:15:33 [INFO] pymax.core: Client starting
2026-04-03 13:15:33 [INFO] pymax.core: Connecting to WebSocket wss://ws-api.oneme.ru/websocket
2026-04-03 13:15:33 [INFO] adapters.telegram.adapter: Telegram adapter started
2026-04-03 13:15:33 [INFO] adapters.discord.adapter: Discord adapter starting
2026-04-03 13:15:33 [INFO] aiogram.dispatcher: Start polling
2026-04-03 13:15:33 [INFO] discord.client: logging in using static token
2026-04-03 13:15:33 [DEBUG] websockets.client: = connection is CONNECTING
2026-04-03 13:15:43 [ERROR] pymax.core: Client start iteration failed
Traceback (most recent call last):
  File "/Users/minotaur/Project/TIHA-Bridge/.venv/lib/python3.14/site-packages/websockets/asyncio/client.py", line 544, in __await_impl__
    self.connection = await self.create_connection()
                      ^^^^^^^^^^^^^^^^^^^^^^^^^^^^^^
  File "/Users/minotaur/Project/TIHA-Bridge/.venv/lib/python3.14/site-packages/websockets/asyncio/client.py", line 470, in create_connection
    _, connection = await loop.create_connection(factory, **kwargs)
                    ^^^^^^^^^^^^^^^^^^^^^^^^^^^^^^^^^^^^^^^^^^^^^^^
  File "/opt/homebrew/Cellar/python@3.14/3.14.3_1/Frameworks/Python.framework/Versions/3.14/lib/python3.14/asyncio/base_events.py", line 1198, in create_connection
    transport, protocol = await self._create_connection_transport(
                          ^^^^^^^^^^^^^^^^^^^^^^^^^^^^^^^^^^^^^^^^
    ...<2 lines>...
        ssl_shutdown_timeout=ssl_shutdown_timeout)
        ^^^^^^^^^^^^^^^^^^^^^^^^^^^^^^^^^^^^^^^^^^
  File "/opt/homebrew/Cellar/python@3.14/3.14.3_1/Frameworks/Python.framework/Versions/3.14/lib/python3.14/asyncio/base_events.py", line 1231, in _create_connection_transport
    await waiter
asyncio.exceptions.CancelledError

The above exception was the direct cause of the following exception:

Traceback (most recent call last):
  File "/Users/minotaur/Project/TIHA-Bridge/.venv/lib/python3.14/site-packages/websockets/asyncio/client.py", line 542, in __await_impl__
    async with asyncio_timeout(self.open_timeout):
               ~~~~~~~~~~~~~~~^^^^^^^^^^^^^^^^^^^
  File "/opt/homebrew/Cellar/python@3.14/3.14.3_1/Frameworks/Python.framework/Versions/3.14/lib/python3.14/asyncio/timeouts.py", line 114, in __aexit__
    raise TimeoutError from exc_val
TimeoutError

The above exception was the direct cause of the following exception:

Traceback (most recent call last):
  File "/Users/minotaur/Project/TIHA-Bridge/.venv/lib/python3.14/site-packages/pymax/core.py", line 295, in start
    await self.connect(self.user_agent)
  File "/Users/minotaur/Project/TIHA-Bridge/.venv/lib/python3.14/site-packages/pymax/mixins/websocket.py", line 48, in connect
    self._ws = await websockets.connect(
               ^^^^^^^^^^^^^^^^^^^^^^^^^
    ...<4 lines>...
    )
    ^
  File "/Users/minotaur/Project/TIHA-Bridge/.venv/lib/python3.14/site-packages/websockets/asyncio/client.py", line 581, in __await_impl__
    raise TimeoutError("timed out during opening handshake") from exc
TimeoutError: timed out during opening handshake
2026-04-03 13:15:43 [INFO] pymax.core: Client start() cleaned up
2026-04-03 13:15:43 [INFO] pymax.core: Reconnect enabled — restarting client
2026-04-03 13:15:44 [INFO] pymax.core: Connecting to WebSocket wss://ws-api.oneme.ru/websocket
2026-04-03 13:15:44 [DEBUG] websockets.client: = connection is CONNECTING
2026-04-03 13:15:54 [ERROR] pymax.core: Client start iteration failed
Traceback (most recent call last):
  File "/Users/minotaur/Project/TIHA-Bridge/.venv/lib/python3.14/site-packages/websockets/asyncio/client.py", line 544, in __await_impl__
    self.connection = await self.create_connection()
                      ^^^^^^^^^^^^^^^^^^^^^^^^^^^^^^
  File "/Users/minotaur/Project/TIHA-Bridge/.venv/lib/python3.14/site-packages/websockets/asyncio/client.py", line 470, in create_connection
    _, connection = await loop.create_connection(factory, **kwargs)
                    ^^^^^^^^^^^^^^^^^^^^^^^^^^^^^^^^^^^^^^^^^^^^^^^
  File "/opt/homebrew/Cellar/python@3.14/3.14.3_1/Frameworks/Python.framework/Versions/3.14/lib/python3.14/asyncio/base_events.py", line 1198, in create_connection
    transport, protocol = await self._create_connection_transport(
                          ^^^^^^^^^^^^^^^^^^^^^^^^^^^^^^^^^^^^^^^^
    ...<2 lines>...
        ssl_shutdown_timeout=ssl_shutdown_timeout)
        ^^^^^^^^^^^^^^^^^^^^^^^^^^^^^^^^^^^^^^^^^^
  File "/opt/homebrew/Cellar/python@3.14/3.14.3_1/Frameworks/Python.framework/Versions/3.14/lib/python3.14/asyncio/base_events.py", line 1231, in _create_connection_transport
    await waiter
asyncio.exceptions.CancelledError

The above exception was the direct cause of the following exception:

Traceback (most recent call last):
  File "/Users/minotaur/Project/TIHA-Bridge/.venv/lib/python3.14/site-packages/websockets/asyncio/client.py", line 542, in __await_impl__
    async with asyncio_timeout(self.open_timeout):
               ~~~~~~~~~~~~~~~^^^^^^^^^^^^^^^^^^^
  File "/opt/homebrew/Cellar/python@3.14/3.14.3_1/Frameworks/Python.framework/Versions/3.14/lib/python3.14/asyncio/timeouts.py", line 114, in __aexit__
    raise TimeoutError from exc_val
TimeoutError

The above exception was the direct cause of the following exception:

Traceback (most recent call last):
  File "/Users/minotaur/Project/TIHA-Bridge/.venv/lib/python3.14/site-packages/pymax/core.py", line 295, in start
    await self.connect(self.user_agent)
  File "/Users/minotaur/Project/TIHA-Bridge/.venv/lib/python3.14/site-packages/pymax/mixins/websocket.py", line 48, in connect
    self._ws = await websockets.connect(
               ^^^^^^^^^^^^^^^^^^^^^^^^^
    ...<4 lines>...
    )
    ^
  File "/Users/minotaur/Project/TIHA-Bridge/.venv/lib/python3.14/site-packages/websockets/asyncio/client.py", line 581, in __await_impl__
    raise TimeoutError("timed out during opening handshake") from exc
TimeoutError: timed out during opening handshake
2026-04-03 13:15:54 [INFO] pymax.core: Client start() cleaned up
2026-04-03 13:15:54 [INFO] pymax.core: Reconnect enabled — restarting client
2026-04-03 13:15:55 [INFO] pymax.core: Connecting to WebSocket wss://ws-api.oneme.ru/websocket
2026-04-03 13:15:55 [DEBUG] websockets.client: = connection is CONNECTING
2026-04-03 13:16:05 [ERROR] pymax.core: Client start iteration failed
Traceback (most recent call last):
  File "/Users/minotaur/Project/TIHA-Bridge/.venv/lib/python3.14/site-packages/websockets/asyncio/client.py", line 544, in __await_impl__
    self.connection = await self.create_connection()
                      ^^^^^^^^^^^^^^^^^^^^^^^^^^^^^^
  File "/Users/minotaur/Project/TIHA-Bridge/.venv/lib/python3.14/site-packages/websockets/asyncio/client.py", line 470, in create_connection
    _, connection = await loop.create_connection(factory, **kwargs)
                    ^^^^^^^^^^^^^^^^^^^^^^^^^^^^^^^^^^^^^^^^^^^^^^^
  File "/opt/homebrew/Cellar/python@3.14/3.14.3_1/Frameworks/Python.framework/Versions/3.14/lib/python3.14/asyncio/base_events.py", line 1198, in create_connection
    transport, protocol = await self._create_connection_transport(
                          ^^^^^^^^^^^^^^^^^^^^^^^^^^^^^^^^^^^^^^^^
    ...<2 lines>...
        ssl_shutdown_timeout=ssl_shutdown_timeout)
        ^^^^^^^^^^^^^^^^^^^^^^^^^^^^^^^^^^^^^^^^^^
  File "/opt/homebrew/Cellar/python@3.14/3.14.3_1/Frameworks/Python.framework/Versions/3.14/lib/python3.14/asyncio/base_events.py", line 1231, in _create_connection_transport
    await waiter
asyncio.exceptions.CancelledError

The above exception was the direct cause of the following exception:

Traceback (most recent call last):
  File "/Users/minotaur/Project/TIHA-Bridge/.venv/lib/python3.14/site-packages/websockets/asyncio/client.py", line 542, in __await_impl__
    async with asyncio_timeout(self.open_timeout):
               ~~~~~~~~~~~~~~~^^^^^^^^^^^^^^^^^^^
  File "/opt/homebrew/Cellar/python@3.14/3.14.3_1/Frameworks/Python.framework/Versions/3.14/lib/python3.14/asyncio/timeouts.py", line 114, in __aexit__
    raise TimeoutError from exc_val
TimeoutError

The above exception was the direct cause of the following exception:

Traceback (most recent call last):
  File "/Users/minotaur/Project/TIHA-Bridge/.venv/lib/python3.14/site-packages/pymax/core.py", line 295, in start
    await self.connect(self.user_agent)
  File "/Users/minotaur/Project/TIHA-Bridge/.venv/lib/python3.14/site-packages/pymax/mixins/websocket.py", line 48, in connect
    self._ws = await websockets.connect(
               ^^^^^^^^^^^^^^^^^^^^^^^^^
    ...<4 lines>...
    )
    ^
  File "/Users/minotaur/Project/TIHA-Bridge/.venv/lib/python3.14/site-packages/websockets/asyncio/client.py", line 581, in __await_impl__
    raise TimeoutError("timed out during opening handshake") from exc
TimeoutError: timed out during opening handshake
2026-04-03 13:16:05 [INFO] pymax.core: Client start() cleaned up
2026-04-03 13:16:05 [INFO] pymax.core: Reconnect enabled — restarting client
2026-04-03 13:16:06 [INFO] pymax.core: Connecting to WebSocket wss://ws-api.oneme.ru/websocket
2026-04-03 13:16:06 [DEBUG] websockets.client: = connection is CONNECTING
2026-04-03 13:16:16 [ERROR] pymax.core: Client start iteration failed
Traceback (most recent call last):
  File "/Users/minotaur/Project/TIHA-Bridge/.venv/lib/python3.14/site-packages/websockets/asyncio/client.py", line 544, in __await_impl__
    self.connection = await self.create_connection()
                      ^^^^^^^^^^^^^^^^^^^^^^^^^^^^^^
  File "/Users/minotaur/Project/TIHA-Bridge/.venv/lib/python3.14/site-packages/websockets/asyncio/client.py", line 470, in create_connection
    _, connection = await loop.create_connection(factory, **kwargs)
                    ^^^^^^^^^^^^^^^^^^^^^^^^^^^^^^^^^^^^^^^^^^^^^^^
  File "/opt/homebrew/Cellar/python@3.14/3.14.3_1/Frameworks/Python.framework/Versions/3.14/lib/python3.14/asyncio/base_events.py", line 1198, in create_connection
    transport, protocol = await self._create_connection_transport(
                          ^^^^^^^^^^^^^^^^^^^^^^^^^^^^^^^^^^^^^^^^
    ...<2 lines>...
        ssl_shutdown_timeout=ssl_shutdown_timeout)
        ^^^^^^^^^^^^^^^^^^^^^^^^^^^^^^^^^^^^^^^^^^
  File "/opt/homebrew/Cellar/python@3.14/3.14.3_1/Frameworks/Python.framework/Versions/3.14/lib/python3.14/asyncio/base_events.py", line 1231, in _create_connection_transport
    await waiter
asyncio.exceptions.CancelledError

The above exception was the direct cause of the following exception:

Traceback (most recent call last):
  File "/Users/minotaur/Project/TIHA-Bridge/.venv/lib/python3.14/site-packages/websockets/asyncio/client.py", line 542, in __await_impl__
    async with asyncio_timeout(self.open_timeout):
               ~~~~~~~~~~~~~~~^^^^^^^^^^^^^^^^^^^
  File "/opt/homebrew/Cellar/python@3.14/3.14.3_1/Frameworks/Python.framework/Versions/3.14/lib/python3.14/asyncio/timeouts.py", line 114, in __aexit__
    raise TimeoutError from exc_val
TimeoutError

The above exception was the direct cause of the following exception:

Traceback (most recent call last):
  File "/Users/minotaur/Project/TIHA-Bridge/.venv/lib/python3.14/site-packages/pymax/core.py", line 295, in start
    await self.connect(self.user_agent)
  File "/Users/minotaur/Project/TIHA-Bridge/.venv/lib/python3.14/site-packages/pymax/mixins/websocket.py", line 48, in connect
    self._ws = await websockets.connect(
               ^^^^^^^^^^^^^^^^^^^^^^^^^
    ...<4 lines>...
    )
    ^
  File "/Users/minotaur/Project/TIHA-Bridge/.venv/lib/python3.14/site-packages/websockets/asyncio/client.py", line 581, in __await_impl__
    raise TimeoutError("timed out during opening handshake") from exc
TimeoutError: timed out during opening handshake
2026-04-03 13:16:16 [INFO] pymax.core: Client start() cleaned up
2026-04-03 13:16:16 [INFO] pymax.core: Reconnect enabled — restarting client
2026-04-03 13:16:17 [INFO] pymax.core: Connecting to WebSocket wss://ws-api.oneme.ru/websocket
2026-04-03 13:16:17 [DEBUG] websockets.client: = connection is CONNECTING
2026-04-03 13:16:17 [DEBUG] websockets.client: > GET /websocket HTTP/1.1
2026-04-03 13:16:17 [DEBUG] websockets.client: > Host: ws-api.oneme.ru
2026-04-03 13:16:17 [DEBUG] websockets.client: > Origin: https://web.max.ru
2026-04-03 13:16:17 [DEBUG] websockets.client: > Upgrade: websocket
2026-04-03 13:16:17 [DEBUG] websockets.client: > Connection: Upgrade
2026-04-03 13:16:17 [DEBUG] websockets.client: > Sec-WebSocket-Key: Si4a6wn5z8r0jFvHLyf+HQ==
2026-04-03 13:16:17 [DEBUG] websockets.client: > Sec-WebSocket-Version: 13
2026-04-03 13:16:17 [DEBUG] websockets.client: > Sec-WebSocket-Extensions: permessage-deflate; client_max_window_bits
2026-04-03 13:16:17 [DEBUG] websockets.client: > User-Agent: Mozilla/5.0 (Android 9; Mobile; rv:147.0.1) Gecko/147.0.1 Firefox/147.0.1
2026-04-03 13:16:17 [DEBUG] websockets.client: < HTTP/1.1 101 Switching Protocols
2026-04-03 13:16:17 [DEBUG] websockets.client: < upgrade: websocket
2026-04-03 13:16:17 [DEBUG] websockets.client: < connection: upgrade
2026-04-03 13:16:17 [DEBUG] websockets.client: < sec-websocket-accept: sOPF/oJMaWiQV62Zi61uW1p7Cc4=
2026-04-03 13:16:17 [DEBUG] websockets.client: < sec-websocket-extensions: permessage-deflate
2026-04-03 13:16:17 [DEBUG] websockets.client: = connection is OPEN
2026-04-03 13:16:17 [INFO] pymax.core: WebSocket connected, starting handshake
2026-04-03 13:16:17 [DEBUG] websockets.client: > TEXT '{"ver": 11, "cmd": 0, "seq": 1, "opcode": 6, "p..."buildNumber": 38859}}}' [452 bytes]
2026-04-03 13:16:17 [DEBUG] websockets.client: < TEXT '{"ver":11,"cmd":1,"seq":1,"opcode":6,"payload":..."GE"],"location":"RU"}}' [153 bytes]
2026-04-03 13:16:17 [INFO] pymax.core: Handshake completed
2026-04-03 13:16:17 [INFO] pymax.core: Starting initial sync
2026-04-03 13:16:17 [DEBUG] websockets.client: > TEXT '{"ver": 11, "cmd": 0, "seq": 2, "opcode": 19, "..."buildNumber": 38859}}}' [1235 bytes]
2026-04-03 13:16:17 [DEBUG] websockets.client: < TEXT '{"ver":11,"cmd":1,"seq":2,"opcode":19,"payload"...aAtZilqJ7Ulzp_1sgws8"}}' [10567 bytes]
2026-04-03 13:16:17 [DEBUG] websockets.client: < TEXT '{"ver":11,"cmd":0,"seq":1,"opcode":292,"payload...6,"showTime":86400000}}' [111 bytes]
2026-04-03 13:16:17 [INFO] pymax.core: Sync completed: dialogs=3 chats=2 channels=0
2026-04-03 13:16:17 [INFO] adapters.max.adapter: Max adapter started, 5 chats registered
2026-04-03 13:16:17 [DEBUG] websockets.client: > TEXT '{"ver": 11, "cmd": 0, "seq": 3, "opcode": 1, "p... {"interactive": true}}' [78 bytes]
2026-04-03 13:16:17 [DEBUG] websockets.client: > TEXT '{"ver": 11, "cmd": 0, "seq": 4, "opcode": 5, "p...id": 1775211333007}}]}}' [262 bytes]
2026-04-03 13:16:17 [DEBUG] websockets.client: < TEXT '{"ver":11,"cmd":1,"seq":3,"opcode":1,"payload":null}' [52 bytes]
2026-04-03 13:16:17 [DEBUG] websockets.client: < TEXT '{"ver":11,"cmd":1,"seq":4,"opcode":5,"payload":null}' [52 bytes]
2026-04-03 13:16:17 [DEBUG] websockets.client: > TEXT '{"ver": 11, "cmd": 0, "seq": 5, "opcode": 5, "p...id": 1775211333007}}]}}' [257 bytes]
2026-04-03 13:16:17 [DEBUG] websockets.client: < TEXT '{"ver":11,"cmd":1,"seq":5,"opcode":5,"payload":null}' [52 bytes]
2026-04-03 13:16:33 [INFO] aiogram.dispatcher: Polling stopped
2026-04-03 13:16:33 [ERROR] asyncio: Task exception was never retrieved
future: <Task finished name='Task-6' coro=<Dispatcher.start_polling() done, defined at /Users/minotaur/Project/TIHA-Bridge/.venv/lib/python3.14/site-packages/aiogram/dispatcher/dispatcher.py:520> exception=TelegramNetworkError('HTTP Client says - ClientConnectorError: Cannot connect to host api.telegram.org:443 ssl:default [None]')>
Traceback (most recent call last):
  File "/Users/minotaur/Project/TIHA-Bridge/.venv/lib/python3.14/site-packages/aiohttp/connector.py", line 1325, in _wrap_create_connection
    return await self._loop.create_connection(*args, **kwargs, sock=sock)
           ^^^^^^^^^^^^^^^^^^^^^^^^^^^^^^^^^^^^^^^^^^^^^^^^^^^^^^^^^^^^^^
  File "/opt/homebrew/Cellar/python@3.14/3.14.3_1/Frameworks/Python.framework/Versions/3.14/lib/python3.14/asyncio/base_events.py", line 1198, in create_connection
    transport, protocol = await self._create_connection_transport(
                          ^^^^^^^^^^^^^^^^^^^^^^^^^^^^^^^^^^^^^^^^
    ...<2 lines>...
        ssl_shutdown_timeout=ssl_shutdown_timeout)
        ^^^^^^^^^^^^^^^^^^^^^^^^^^^^^^^^^^^^^^^^^^
  File "/opt/homebrew/Cellar/python@3.14/3.14.3_1/Frameworks/Python.framework/Versions/3.14/lib/python3.14/asyncio/base_events.py", line 1231, in _create_connection_transport
    await waiter
ConnectionAbortedError: SSL handshake is taking longer than 60.0 seconds: aborting the connection

The above exception was the direct cause of the following exception:

Traceback (most recent call last):
  File "/Users/minotaur/Project/TIHA-Bridge/.venv/lib/python3.14/site-packages/aiogram/client/session/aiohttp.py", line 167, in make_request
    async with session.post(
               ~~~~~~~~~~~~^
        url,
        ^^^^
        data=form,
        ^^^^^^^^^^
        timeout=self.timeout if timeout is None else timeout,
        ^^^^^^^^^^^^^^^^^^^^^^^^^^^^^^^^^^^^^^^^^^^^^^^^^^^^^
    ) as resp:
    ^
  File "/Users/minotaur/Project/TIHA-Bridge/.venv/lib/python3.14/site-packages/aiohttp/client.py", line 1521, in __aenter__
    self._resp: _RetType = await self._coro
                           ^^^^^^^^^^^^^^^^
  File "/Users/minotaur/Project/TIHA-Bridge/.venv/lib/python3.14/site-packages/aiohttp/client.py", line 788, in _request
    resp = await handler(req)
           ^^^^^^^^^^^^^^^^^^
  File "/Users/minotaur/Project/TIHA-Bridge/.venv/lib/python3.14/site-packages/aiohttp/client.py", line 742, in _connect_and_send_request
    conn = await self._connector.connect(
           ^^^^^^^^^^^^^^^^^^^^^^^^^^^^^^
        req, traces=traces, timeout=real_timeout
        ^^^^^^^^^^^^^^^^^^^^^^^^^^^^^^^^^^^^^^^^
    )
    ^
  File "/Users/minotaur/Project/TIHA-Bridge/.venv/lib/python3.14/site-packages/aiohttp/connector.py", line 672, in connect
    proto = await self._create_connection(req, traces, timeout)
            ^^^^^^^^^^^^^^^^^^^^^^^^^^^^^^^^^^^^^^^^^^^^^^^^^^^
  File "/Users/minotaur/Project/TIHA-Bridge/.venv/lib/python3.14/site-packages/aiohttp/connector.py", line 1251, in _create_connection
    _, proto = await self._create_direct_connection(req, traces, timeout)
               ^^^^^^^^^^^^^^^^^^^^^^^^^^^^^^^^^^^^^^^^^^^^^^^^^^^^^^^^^^
  File "/Users/minotaur/Project/TIHA-Bridge/.venv/lib/python3.14/site-packages/aiohttp/connector.py", line 1623, in _create_direct_connection
    raise last_exc
  File "/Users/minotaur/Project/TIHA-Bridge/.venv/lib/python3.14/site-packages/aiohttp/connector.py", line 1592, in _create_direct_connection
    transp, proto = await self._wrap_create_connection(
                    ^^^^^^^^^^^^^^^^^^^^^^^^^^^^^^^^^^^
    ...<7 lines>...
    )
    ^
  File "/Users/minotaur/Project/TIHA-Bridge/.venv/lib/python3.14/site-packages/aiohttp/connector.py", line 1333, in _wrap_create_connection
    raise client_error(req.connection_key, exc) from exc
aiohttp.client_exceptions.ClientConnectorError: Cannot connect to host api.telegram.org:443 ssl:default [None]

The above exception was the direct cause of the following exception:

Traceback (most recent call last):
  File "/Users/minotaur/Project/TIHA-Bridge/.venv/lib/python3.14/site-packages/aiogram/dispatcher/dispatcher.py", line 621, in start_polling
    await asyncio.gather(*done)
  File "/Users/minotaur/Project/TIHA-Bridge/.venv/lib/python3.14/site-packages/aiogram/dispatcher/dispatcher.py", line 377, in _polling
    user: User = await bot.me()
                 ^^^^^^^^^^^^^^
  File "/Users/minotaur/Project/TIHA-Bridge/.venv/lib/python3.14/site-packages/aiogram/client/bot.py", line 362, in me
    self._me = await self.get_me()
               ^^^^^^^^^^^^^^^^^^^
  File "/Users/minotaur/Project/TIHA-Bridge/.venv/lib/python3.14/site-packages/aiogram/client/bot.py", line 1798, in get_me
    return await self(call, request_timeout=request_timeout)
           ^^^^^^^^^^^^^^^^^^^^^^^^^^^^^^^^^^^^^^^^^^^^^^^^^
  File "/Users/minotaur/Project/TIHA-Bridge/.venv/lib/python3.14/site-packages/aiogram/client/bot.py", line 488, in __call__
    return await self.session(self, method, timeout=request_timeout)
           ^^^^^^^^^^^^^^^^^^^^^^^^^^^^^^^^^^^^^^^^^^^^^^^^^^^^^^^^^
  File "/Users/minotaur/Project/TIHA-Bridge/.venv/lib/python3.14/site-packages/aiogram/client/session/base.py", line 259, in __call__
    return cast(TelegramType, await middleware(bot, method))
                              ^^^^^^^^^^^^^^^^^^^^^^^^^^^^^
  File "/Users/minotaur/Project/TIHA-Bridge/.venv/lib/python3.14/site-packages/aiogram/client/session/aiohttp.py", line 176, in make_request
    raise TelegramNetworkError(method=method, message=f"{type(e).__name__}: {e}") from e
aiogram.exceptions.TelegramNetworkError: HTTP Client says - ClientConnectorError: Cannot connect to host api.telegram.org:443 ssl:default [None]
2026-04-03 13:16:33 [DEBUG] websockets.client: > TEXT '{"ver": 11, "cmd": 0, "seq": 6, "opcode": 5, "p...id": 1775211333007}}]}}' [257 bytes]
2026-04-03 13:16:33 [DEBUG] websockets.client: < TEXT '{"ver":11,"cmd":1,"seq":6,"opcode":5,"payload":null}' [52 bytes]
2026-04-03 13:16:37 [DEBUG] websockets.client: > PING 2a db 88 b7 [binary, 4 bytes]
2026-04-03 13:16:37 [DEBUG] websockets.client: % sent keepalive ping
2026-04-03 13:16:37 [DEBUG] websockets.client: < PONG 2a db 88 b7 [binary, 4 bytes]
2026-04-03 13:16:37 [DEBUG] websockets.client: % received keepalive pong
2026-04-03 13:16:47 [DEBUG] websockets.client: > TEXT '{"ver": 11, "cmd": 0, "seq": 7, "opcode": 1, "p... {"interactive": true}}' [78 bytes]
2026-04-03 13:16:47 [DEBUG] websockets.client: < TEXT '{"ver":11,"cmd":1,"seq":7,"opcode":1,"payload":null}' [52 bytes]
2026-04-03 13:16:57 [DEBUG] websockets.client: > PING 6d 9b 68 d2 [binary, 4 bytes]
2026-04-03 13:16:57 [DEBUG] websockets.client: % sent keepalive ping
2026-04-03 13:16:57 [DEBUG] websockets.client: < PONG 6d 9b 68 d2 [binary, 4 bytes]
2026-04-03 13:16:57 [DEBUG] websockets.client: % received keepalive pong
2026-04-03 13:17:10 [DEBUG] websockets.client: > TEXT '{"ver": 11, "cmd": 0, "seq": 8, "opcode": 5, "p...id": 1775211333007}}]}}' [257 bytes]
2026-04-03 13:17:10 [DEBUG] websockets.client: < TEXT '{"ver":11,"cmd":1,"seq":8,"opcode":5,"payload":null}' [52 bytes]
2026-04-03 13:17:17 [DEBUG] websockets.client: > PING 9b 55 af 77 [binary, 4 bytes]
2026-04-03 13:17:17 [DEBUG] websockets.client: % sent keepalive ping
2026-04-03 13:17:17 [DEBUG] websockets.client: < PONG 9b 55 af 77 [binary, 4 bytes]
2026-04-03 13:17:17 [DEBUG] websockets.client: % received keepalive pong
2026-04-03 13:17:17 [DEBUG] websockets.client: > TEXT '{"ver": 11, "cmd": 0, "seq": 9, "opcode": 1, "p... {"interactive": true}}' [78 bytes]
2026-04-03 13:17:17 [DEBUG] websockets.client: < TEXT '{"ver":11,"cmd":1,"seq":9,"opcode":1,"payload":null}' [52 bytes]
2026-04-03 13:17:27 [DEBUG] websockets.client: > TEXT '{"ver": 11, "cmd": 0, "seq": 10, "opcode": 5, "...id": 1775211333007}}]}}' [258 bytes]
2026-04-03 13:17:27 [DEBUG] websockets.client: < TEXT '{"ver":11,"cmd":1,"seq":10,"opcode":5,"payload":null}' [53 bytes]
2026-04-03 13:17:37 [DEBUG] websockets.client: > PING aa f4 dc 64 [binary, 4 bytes]
2026-04-03 13:17:37 [DEBUG] websockets.client: % sent keepalive ping
2026-04-03 13:17:37 [DEBUG] websockets.client: < PONG aa f4 dc 64 [binary, 4 bytes]
2026-04-03 13:17:37 [DEBUG] websockets.client: % received keepalive pong
2026-04-03 13:17:41 [DEBUG] websockets.client: > TEXT '{"ver": 11, "cmd": 0, "seq": 11, "opcode": 5, "...id": 1775211333007}}]}}' [258 bytes]
2026-04-03 13:17:41 [DEBUG] websockets.client: < TEXT '{"ver":11,"cmd":1,"seq":11,"opcode":5,"payload":null}' [53 bytes]
2026-04-03 13:17:47 [DEBUG] websockets.client: > TEXT '{"ver": 11, "cmd": 0, "seq": 12, "opcode": 1, "... {"interactive": true}}' [79 bytes]
2026-04-03 13:17:47 [DEBUG] websockets.client: < TEXT '{"ver":11,"cmd":1,"seq":12,"opcode":1,"payload":null}' [53 bytes]
2026-04-03 13:17:57 [DEBUG] websockets.client: > PING f1 53 06 ce [binary, 4 bytes]
2026-04-03 13:17:57 [DEBUG] websockets.client: % sent keepalive ping
2026-04-03 13:17:57 [DEBUG] websockets.client: < PONG f1 53 06 ce [binary, 4 bytes]
2026-04-03 13:17:57 [DEBUG] websockets.client: % received keepalive pong
2026-04-03 13:18:06 [DEBUG] websockets.client: > TEXT '{"ver": 11, "cmd": 0, "seq": 13, "opcode": 5, "...id": 1775211333007}}]}}' [258 bytes]
2026-04-03 13:18:06 [DEBUG] websockets.client: < TEXT '{"ver":11,"cmd":1,"seq":13,"opcode":5,"payload":null}' [53 bytes]
2026-04-03 13:18:17 [DEBUG] websockets.client: > PING 47 54 af 56 [binary, 4 bytes]
2026-04-03 13:18:17 [DEBUG] websockets.client: % sent keepalive ping
2026-04-03 13:18:17 [DEBUG] websockets.client: < PONG 47 54 af 56 [binary, 4 bytes]
2026-04-03 13:18:17 [DEBUG] websockets.client: % received keepalive pong
2026-04-03 13:18:17 [DEBUG] websockets.client: > TEXT '{"ver": 11, "cmd": 0, "seq": 14, "opcode": 1, "... {"interactive": true}}' [79 bytes]
2026-04-03 13:18:17 [DEBUG] websockets.client: < TEXT '{"ver":11,"cmd":1,"seq":14,"opcode":1,"payload":null}' [53 bytes]
2026-04-03 13:18:23 [DEBUG] websockets.client: > TEXT '{"ver": 11, "cmd": 0, "seq": 15, "opcode": 5, "...id": 1775211333007}}]}}' [258 bytes]
2026-04-03 13:18:23 [DEBUG] websockets.client: < TEXT '{"ver":11,"cmd":1,"seq":15,"opcode":5,"payload":null}' [53 bytes]
2026-04-03 13:18:37 [DEBUG] websockets.client: > PING a7 18 d2 c8 [binary, 4 bytes]
2026-04-03 13:18:37 [DEBUG] websockets.client: % sent keepalive ping
2026-04-03 13:18:37 [DEBUG] websockets.client: < PONG a7 18 d2 c8 [binary, 4 bytes]
2026-04-03 13:18:37 [DEBUG] websockets.client: % received keepalive pong
2026-04-03 13:18:40 [DEBUG] websockets.client: > TEXT '{"ver": 11, "cmd": 0, "seq": 16, "opcode": 5, "...id": 1775211333007}}]}}' [259 bytes]
2026-04-03 13:18:40 [DEBUG] websockets.client: < TEXT '{"ver":11,"cmd":1,"seq":16,"opcode":5,"payload":null}' [53 bytes]
2026-04-03 13:18:47 [DEBUG] websockets.client: > TEXT '{"ver": 11, "cmd": 0, "seq": 17, "opcode": 1, "... {"interactive": true}}' [79 bytes]
2026-04-03 13:18:47 [DEBUG] websockets.client: < TEXT '{"ver":11,"cmd":1,"seq":17,"opcode":1,"payload":null}' [53 bytes]
2026-04-03 13:18:57 [DEBUG] websockets.client: > PING 3b 96 25 aa [binary, 4 bytes]
2026-04-03 13:18:57 [DEBUG] websockets.client: % sent keepalive ping
2026-04-03 13:18:57 [DEBUG] websockets.client: < PONG 3b 96 25 aa [binary, 4 bytes]
2026-04-03 13:18:57 [DEBUG] websockets.client: % received keepalive pong
2026-04-03 13:19:17 [DEBUG] websockets.client: > PING cc 14 c6 3e [binary, 4 bytes]
2026-04-03 13:19:17 [DEBUG] websockets.client: % sent keepalive ping
2026-04-03 13:19:17 [DEBUG] websockets.client: < PONG cc 14 c6 3e [binary, 4 bytes]
2026-04-03 13:19:17 [DEBUG] websockets.client: % received keepalive pong
2026-04-03 13:19:17 [DEBUG] websockets.client: > TEXT '{"ver": 11, "cmd": 0, "seq": 18, "opcode": 1, "... {"interactive": true}}' [79 bytes]
2026-04-03 13:19:17 [DEBUG] websockets.client: < TEXT '{"ver":11,"cmd":1,"seq":18,"opcode":1,"payload":null}' [53 bytes]
2026-04-03 13:19:37 [DEBUG] websockets.client: > PING 03 64 fb 82 [binary, 4 bytes]
2026-04-03 13:19:37 [DEBUG] websockets.client: % sent keepalive ping
2026-04-03 13:19:37 [DEBUG] websockets.client: < PONG 03 64 fb 82 [binary, 4 bytes]
2026-04-03 13:19:37 [DEBUG] websockets.client: % received keepalive pong
2026-04-03 13:19:47 [DEBUG] websockets.client: > TEXT '{"ver": 11, "cmd": 0, "seq": 19, "opcode": 1, "... {"interactive": true}}' [79 bytes]
2026-04-03 13:19:47 [DEBUG] websockets.client: < TEXT '{"ver":11,"cmd":1,"seq":19,"opcode":1,"payload":null}' [53 bytes]
2026-04-03 13:19:57 [DEBUG] websockets.client: > PING c0 e0 60 7c [binary, 4 bytes]
2026-04-03 13:19:57 [DEBUG] websockets.client: % sent keepalive ping
2026-04-03 13:19:57 [DEBUG] websockets.client: < PONG c0 e0 60 7c [binary, 4 bytes]
2026-04-03 13:19:57 [DEBUG] websockets.client: % received keepalive pong
2026-04-03 13:20:17 [DEBUG] websockets.client: > PING 70 a9 1d ff [binary, 4 bytes]
2026-04-03 13:20:17 [DEBUG] websockets.client: % sent keepalive ping
2026-04-03 13:20:17 [DEBUG] websockets.client: < PONG 70 a9 1d ff [binary, 4 bytes]
2026-04-03 13:20:17 [DEBUG] websockets.client: % received keepalive pong
2026-04-03 13:20:17 [DEBUG] websockets.client: > TEXT '{"ver": 11, "cmd": 0, "seq": 20, "opcode": 1, "... {"interactive": true}}' [79 bytes]
2026-04-03 13:20:17 [DEBUG] websockets.client: < TEXT '{"ver":11,"cmd":1,"seq":20,"opcode":1,"payload":null}' [53 bytes]
2026-04-03 13:20:37 [DEBUG] websockets.client: > PING 33 23 43 f3 [binary, 4 bytes]
2026-04-03 13:20:37 [DEBUG] websockets.client: % sent keepalive ping
2026-04-03 13:20:37 [DEBUG] websockets.client: < PONG 33 23 43 f3 [binary, 4 bytes]
2026-04-03 13:20:37 [DEBUG] websockets.client: % received keepalive pong
2026-04-03 13:20:47 [DEBUG] websockets.client: > TEXT '{"ver": 11, "cmd": 0, "seq": 21, "opcode": 1, "... {"interactive": true}}' [79 bytes]
2026-04-03 13:20:47 [DEBUG] websockets.client: < TEXT '{"ver":11,"cmd":1,"seq":21,"opcode":1,"payload":null}' [53 bytes]
2026-04-03 13:20:57 [DEBUG] websockets.client: > PING 2e a1 96 9e [binary, 4 bytes]
2026-04-03 13:20:57 [DEBUG] websockets.client: % sent keepalive ping
2026-04-03 13:20:57 [DEBUG] websockets.client: < PONG 2e a1 96 9e [binary, 4 bytes]
2026-04-03 13:20:57 [DEBUG] websockets.client: % received keepalive pong
2026-04-03 13:21:17 [DEBUG] websockets.client: > PING 53 bd 92 27 [binary, 4 bytes]
2026-04-03 13:21:17 [DEBUG] websockets.client: % sent keepalive ping
2026-04-03 13:21:17 [DEBUG] websockets.client: < PONG 53 bd 92 27 [binary, 4 bytes]
2026-04-03 13:21:17 [DEBUG] websockets.client: % received keepalive pong
2026-04-03 13:21:17 [DEBUG] websockets.client: > TEXT '{"ver": 11, "cmd": 0, "seq": 22, "opcode": 1, "... {"interactive": true}}' [79 bytes]
2026-04-03 13:21:17 [DEBUG] websockets.client: < TEXT '{"ver":11,"cmd":1,"seq":22,"opcode":1,"payload":null}' [53 bytes]
